site,year,eventID,date_time,rain,cumulative_rain,fstrips,fcontrol,pad
arm,2016,this is in the rain event12 file,3/15/2016 1:55,0.001,0.001,,,
arm,2016,,3/15/2016 2:00,0.001,0.002,,,
arm,2016,,3/15/2016 2:05,0.001,0.003,,,
arm,2016,,3/15/2016 2:10,0.001,0.004,,,
arm,2016,,3/15/2016 2:15,0.001,0.005,,,
arm,2016,,3/15/2016 2:20,0.001,0.006,,,
arm,2016,,3/15/2016 2:25,0.001,0.007,,,
arm,2016,,3/15/2016 2:30,0.001,0.008,,,
arm,2016,,3/23/2016 17:25,0.001,0.001,,,
arm,2016,,3/23/2016 18:00,0.002,0.003,,,
arm,2016,,3/23/2016 18:05,0.002,0.005,,,
arm,2016,,3/23/2016 18:10,0.003,0.008,,,
arm,2016,,3/23/2016 18:15,0.001,0.009,,,
arm,2016,,3/23/2016 18:20,0.001,0.01,,,
arm,2016,,3/23/2016 18:25,0.001,0.011,,,
arm,2016,,4/20/2016 5:20,0.001,0.001,,,
arm,2016,,4/20/2016 5:25,0.002,0.003,,,
arm,2016,,4/20/2016 5:30,0.001,0.004,,,
arm,2016,,4/20/2016 5:55,0.001,0.005,,,
arm,2016,,4/20/2016 6:10,0.001,0.006,,,
arm,2016,,4/20/2016 6:15,0.001,0.007,,,
arm,2016,,4/20/2016 6:20,0.001,0.008,,,
arm,2016,,4/20/2016 6:25,0.001,0.009,,,
arm,2016,,4/20/2016 6:30,0.001,0.01,,,
arm,2016,,4/20/2016 6:35,0.001,0.011,,,
arm,2016,,4/20/2016 6:40,0.001,0.012,,,
arm,2016,,4/20/2016 6:45,0.001,0.013,,,
arm,2016,,4/20/2016 6:50,0.001,0.014,,,
arm,2016,,4/20/2016 6:55,0.001,0.015,,,
arm,2016,,4/20/2016 7:00,0.001,0.016,,,
arm,2016,,4/20/2016 7:05,0.001,0.017,,,
arm,2016,,4/20/2016 7:10,0.001,0.018,,,
arm,2016,,4/20/2016 7:15,0.001,0.019,,,
arm,2016,,4/20/2016 7:20,0.001,0.02,,,
arm,2016,,4/20/2016 7:25,0.001,0.021,,,
arm,2016,,4/20/2016 7:30,0.001,0.022,,,
arm,2016,,4/20/2016 7:35,0.001,0.023,,,
arm,2016,,4/20/2016 7:40,0.001,0.024,,,
arm,2016,,4/20/2016 7:45,0.001,0.025,,,
arm,2016,,4/20/2016 8:45,0.001,0.026,,,
arm,2016,,4/20/2016 8:55,0.001,0.027,,,
arm,2016,,4/20/2016 9:05,0.001,0.028,,,
arm,2016,,4/20/2016 9:10,0.001,0.029,,,
arm,2016,,4/20/2016 9:15,0.001,0.03,,,
arm,2016,,4/20/2016 9:45,0.001,0.031,,,
arm,2016,,4/20/2016 11:15,0.002,0.033,,,
arm,2016,,4/20/2016 11:20,0.001,0.034,,,
arm,2016,,4/24/2016 18:00,0.001,0.035,,,
arm,2016,,4/24/2016 21:25,0.001,0.036,,,
arm,2016,,4/24/2016 21:30,0.001,0.037,,,
arm,2016,,4/24/2016 21:45,0.001,0.038,,,
arm,2016,,4/24/2016 21:50,0.001,0.039,,,
arm,2016,,4/24/2016 22:00,0.001,0.04,,,
arm,2016,,4/27/2016 0:55,0.001,0.041,,,
arm,2016,,4/27/2016 1:10,0.001,0.042,,,
arm,2016,,4/27/2016 1:20,0.001,0.043,,,
arm,2016,,4/27/2016 1:25,0.001,0.044,,,
arm,2016,,4/27/2016 1:35,0.001,0.045,,,
arm,2016,,4/27/2016 1:45,0.001,0.046,,,
arm,2016,,4/27/2016 2:00,0.001,0.047,,1001,
arm,2016,,4/27/2016 2:40,0.001,0.048,,1001,
arm,2016,,4/27/2016 3:15,0.001,0.049,,1001,
arm,2016,,4/27/2016 4:05,0.001,0.05,,1001,
arm,2016,,4/27/2016 4:45,0.001,0.051,,1001,
arm,2016,,4/27/2016 16:20,0.001,0.052,,1001,
arm,2016,,4/27/2016 16:25,0.001,0.053,,1001,
arm,2016,,4/27/2016 16:30,0.003,0.056,,1001,
arm,2016,,4/27/2016 16:35,0.005,0.061,,1001,
arm,2016,,4/27/2016 16:40,0.004,0.065,,1001,
arm,2016,,4/27/2016 16:45,0.004,0.069,,1001,
arm,2016,,4/27/2016 16:50,0.001,0.07,,1001,
arm,2016,,4/27/2016 16:55,0.001,0.071,,1001,
arm,2016,,4/27/2016 17:00,0.002,0.073,,1001,
arm,2016,,4/27/2016 17:05,0.001,0.074,,1001,
arm,2016,,4/27/2016 17:10,0.001,0.075,,1001,
arm,2016,,4/27/2016 17:15,0.001,0.076,,1001,
arm,2016,,4/27/2016 17:20,0.001,0.077,,1001,
arm,2016,,4/27/2016 17:45,0.001,0.078,,1001,
arm,2016,,4/27/2016 18:00,0.001,0.079,,1001,
arm,2016,,4/27/2016 18:05,0.001,0.08,,1001,
arm,2016,,4/27/2016 18:15,0.001,0.081,,1001,
arm,2016,,4/27/2016 18:30,0.001,0.082,,1001,
arm,2016,,4/27/2016 18:40,0.001,0.083,,1001,
arm,2016,,4/27/2016 18:50,0.001,0.084,,1001,
arm,2016,,4/30/2016 3:45,0.001,0.085,,1001,
arm,2016,,4/30/2016 4:25,0.001,0.086,,1001,
arm,2016,,4/30/2016 4:30,0.001,0.087,,1001,
arm,2016,,4/30/2016 5:35,0.001,0.088,,1001,
arm,2016,,4/30/2016 5:45,0.001,0.089,,1001,
arm,2016,,4/30/2016 5:55,0.001,0.09,,1001,
arm,2016,,4/30/2016 6:00,0.001,0.091,,1001,
arm,2016,,4/30/2016 6:05,0.001,0.092,,1001,
arm,2016,,4/30/2016 6:10,0.001,0.093,,1001,
arm,2016,,4/30/2016 6:15,0.001,0.094,,1001,
arm,2016,,4/30/2016 6:20,0.001,0.095,,1001,
arm,2016,,4/30/2016 6:25,0.001,0.096,,1001,
arm,2016,,4/30/2016 6:30,0.001,0.097,,1001,
arm,2016,,4/30/2016 6:40,0.001,0.098,,1001,
arm,2016,,4/30/2016 6:45,0.001,0.099,,1001,
arm,2016,,4/30/2016 6:50,0.001,0.1,,1001,
arm,2016,,4/30/2016 6:55,0.001,0.101,,1001,
arm,2016,,4/30/2016 7:00,0.001,0.102,,1001,
arm,2016,,4/30/2016 7:05,0.001,0.103,,1001,
arm,2016,,4/30/2016 7:10,0.001,0.104,,1001,
arm,2016,,4/30/2016 7:20,0.001,0.105,,1001,
arm,2016,,4/30/2016 7:25,0.001,0.106,,1001,
arm,2016,,4/30/2016 7:30,0.001,0.107,,1001,
arm,2016,,4/30/2016 7:45,0.001,0.108,,1001,
arm,2016,,4/30/2016 7:50,0.001,0.109,,1001,
arm,2016,,4/30/2016 8:05,0.001,0.11,,1001,
arm,2016,,4/30/2016 8:20,0.001,0.111,1000,1001,
arm,2016,,4/30/2016 8:30,0.001,0.112,1000,1001,
arm,2016,,4/30/2016 8:35,0.001,0.113,1000,1001,
arm,2016,,4/30/2016 8:55,0.001,0.114,1000,1001,
arm,2016,,4/30/2016 9:05,0.001,0.115,1000,1001,
arm,2016,,4/30/2016 9:40,0.001,0.116,1000,1001,
arm,2016,,4/30/2016 9:45,0.001,0.117,1000,1001,
arm,2016,,4/30/2016 19:45,0,0.117,1000,1001,
arm,2016,,5/1/2016 9:40,0,0.117,,1001,
arm,2016,,5/9/2016 2:05,0.001,0.118,,1006,
arm,2016,,5/9/2016 2:10,0.001,0.119,,1006,
arm,2016,,5/9/2016 2:15,0.001,0.12,,1006,
arm,2016,,5/9/2016 3:15,0.001,0.121,,1006,
arm,2016,,5/9/2016 3:20,0.003,0.124,,1006,
arm,2016,,5/9/2016 3:25,0.006,0.13,,1006,
arm,2016,,5/9/2016 3:30,0.004,0.134,,1006,
arm,2016,,5/9/2016 3:35,0.001,0.135,,1006,
arm,2016,,5/9/2016 3:40,0.001,0.136,,1006,
arm,2016,,5/9/2016 3:45,0.001,0.137,,1006,
arm,2016,,5/9/2016 5:05,0.001,0.138,,1006,
arm,2016,,5/9/2016 5:10,0.001,0.139,,1006,
arm,2016,,5/9/2016 5:15,0.001,0.14,,1006,
arm,2016,,5/9/2016 7:40,0.001,0.141,,1006,
arm,2016,,5/9/2016 7:45,0.001,0.142,,1006,
arm,2016,,5/9/2016 21:45,0.001,0.143,,1006,
arm,2016,,5/9/2016 21:50,0.001,0.144,,1006,
arm,2016,,5/9/2016 22:10,0.001,0.145,,1006,
arm,2016,,5/9/2016 22:15,0.001,0.146,,1006,
arm,2016,,5/9/2016 22:20,0.001,0.147,,1006,
arm,2016,,5/9/2016 22:25,0.001,0.148,,1006,
arm,2016,,5/9/2016 22:30,0.001,0.149,,1006,
arm,2016,,5/9/2016 22:35,0.001,0.15,,1006,
arm,2016,,5/9/2016 23:15,0.001,0.151,,1006,
arm,2016,,5/9/2016 23:20,0.001,0.152,,1006,
arm,2016,,5/11/2016 8:05,0.001,0.153,,1006,
arm,2016,,5/11/2016 8:10,0.003,0.156,,1006,
arm,2016,,5/11/2016 8:15,0.003,0.159,,1006,
arm,2016,,5/11/2016 8:20,0.001,0.16,,1006,
arm,2016,,5/11/2016 8:25,0.001,0.161,,1006,
arm,2016,,5/11/2016 8:30,0.002,0.163,,1006,
arm,2016,,5/11/2016 8:35,0.002,0.165,,1006,
arm,2016,,5/11/2016 8:40,0.001,0.166,,1006,
arm,2016,,5/11/2016 8:45,0.001,0.167,,1006,
arm,2016,,5/11/2016 8:50,0.001,0.168,,1006,
arm,2016,,5/12/2016 8:45,0,0.168,,1006,
arm,2016,,5/19/2016 8:45,0,0.168,,,1
arm,2016,,5/24/2016 1:30,0.002,0.17,,,1
arm,2016,,5/24/2016 1:35,0.001,0.171,,,1
arm,2016,,5/25/2016 2:45,0.001,0.172,,,1
arm,2016,,5/25/2016 2:50,0.002,0.174,,,1
arm,2016,,5/25/2016 2:55,0.001,0.175,,,1
arm,2016,,5/25/2016 6:40,0.001,0.176,,,1
arm,2016,,5/25/2016 6:55,0.001,0.177,,,1
arm,2016,,5/26/2016 0:30,0.001,0.178,,1008,1
arm,2016,,5/26/2016 1:50,0.001,0.179,,1008,1
arm,2016,,5/26/2016 1:55,0.001,0.18,,1008,1
arm,2016,,5/26/2016 2:00,0.001,0.181,,1008,1
arm,2016,,5/26/2016 2:10,0.001,0.182,,1008,1
arm,2016,,5/26/2016 2:15,0.001,0.183,,1008,1
arm,2016,,5/26/2016 2:20,0.003,0.186,,1008,1
arm,2016,,5/26/2016 2:25,0.002,0.188,,1008,1
arm,2016,,5/26/2016 2:30,0.001,0.189,,1008,1
arm,2016,,5/26/2016 16:00,0.001,0.19,,1008,1
arm,2016,,5/26/2016 16:05,0.005,0.195,,1008,1
arm,2016,,5/26/2016 16:10,0.006,0.201,,1008,1
arm,2016,,5/26/2016 16:15,0.007,0.208,,1008,1
arm,2016,,5/26/2016 16:20,0.005,0.213,,1008,1
arm,2016,,5/26/2016 16:25,0.002,0.215,,1008,1
arm,2016,,5/26/2016 16:30,0.001,0.216,,1008,1
arm,2016,,5/26/2016 16:35,0.002,0.218,,1008,1
arm,2016,,5/26/2016 16:40,0.001,0.219,,1008,1
arm,2016,,5/26/2016 17:10,0.001,0.22,,1008,1
arm,2016,,5/26/2016 17:45,0.001,0.221,,1008,1
arm,2016,,5/26/2016 17:50,0.001,0.222,,1008,1
arm,2016,,5/26/2016 18:00,0.001,0.223,,1008,1
arm,2016,,5/26/2016 18:05,0.001,0.224,,1008,1
arm,2016,,5/26/2016 18:10,0.001,0.225,,1008,1
arm,2016,,5/26/2016 18:15,0.001,0.226,,1008,1
arm,2016,,5/26/2016 18:20,0.001,0.227,,1008,1
arm,2016,,5/26/2016 18:25,0.001,0.228,,1008,1
arm,2016,,5/26/2016 18:30,0.001,0.229,,1008,1
arm,2016,,5/26/2016 18:35,0.001,0.23,,1008,1
arm,2016,,5/26/2016 18:40,0.001,0.231,,1008,1
arm,2016,,5/26/2016 18:45,0.001,0.232,,1008,1
arm,2016,,5/26/2016 18:50,0.001,0.233,,1008,1
arm,2016,,5/26/2016 18:55,0.001,0.234,,1008,1
arm,2016,,5/26/2016 19:00,0.001,0.235,1007,1008,1
arm,2016,,5/26/2016 19:05,0.001,0.236,1007,1008,1
arm,2016,,5/26/2016 19:10,0.001,0.237,1007,1008,1
arm,2016,,5/26/2016 19:15,0.001,0.238,1007,1008,1
arm,2016,,5/26/2016 19:20,0.001,0.239,1007,1008,1
arm,2016,,5/26/2016 19:25,0.001,0.24,1007,1008,1
arm,2016,,5/27/2016 8:45,0,0.24,1007,1008,1
arm,2016,,5/27/2016 22:55,0.003,0.243,,1008,1
arm,2016,,5/27/2016 23:15,0.001,0.244,,1008,1
arm,2016,,5/27/2016 23:25,0.002,0.246,,1008,1
arm,2016,,5/28/2016 2:45,0.001,0.247,,1008,1
arm,2016,,5/29/2016 2:40,0,0.247,,1008,1
arm,2016,,5/31/2016 11:55,0.001,0.248,,,1
arm,2016,,6/3/2016 20:00,0.001,0.249,,,1
arm,2016,,6/3/2016 20:05,0.001,0.25,,,1
arm,2016,,6/3/2016 20:10,0.001,0.251,,,1
arm,2016,,6/3/2016 20:20,0.001,0.252,,,1
arm,2016,,6/16/2016 8:45,0,0.252,,,1
arm,2016,,6/17/2016 8:45,0,0.252,,,2
arm,2016,,6/20/2016 15:30,0.002,0.254,,,2
arm,2016,,6/20/2016 15:35,0.003,0.257,,,2
arm,2016,,6/20/2016 16:10,0.001,0.258,,,2
arm,2016,,6/20/2016 16:15,0.003,0.261,,,2
arm,2016,,6/20/2016 16:20,0.001,0.262,,,2
arm,2016,,6/20/2016 16:30,0.001,0.263,,,2
arm,2016,,6/20/2016 16:50,0.001,0.264,,,2
arm,2016,,6/20/2016 16:55,0.001,0.265,,,2
arm,2016,,6/20/2016 17:00,0.001,0.266,,,2
arm,2016,,6/20/2016 17:05,0.001,0.267,,,2
arm,2016,,6/20/2016 17:10,0.002,0.269,,,2
arm,2016,,6/20/2016 17:20,0.002,0.271,,,2
arm,2016,,6/20/2016 17:25,0.001,0.272,,,2
arm,2016,,6/20/2016 17:30,0.001,0.273,,,2
arm,2016,,6/26/2016 1:50,0.001,0.274,,,2
arm,2016,,6/26/2016 2:05,0.001,0.275,,,2
arm,2016,,6/26/2016 2:10,0.001,0.276,,,2
arm,2016,,6/26/2016 2:15,0.003,0.279,,,2
arm,2016,,6/26/2016 2:20,0.001,0.28,,,2
arm,2016,,6/26/2016 2:30,0.001,0.281,,,2
arm,2016,,6/26/2016 2:35,0.001,0.282,,,2
arm,2016,,6/26/2016 2:40,0.003,0.285,,,2
arm,2016,,6/26/2016 2:45,0.002,0.287,,,2
arm,2016,,6/26/2016 2:50,0.001,0.288,,,2
arm,2016,,6/26/2016 2:55,0.001,0.289,,,2
arm,2016,,6/27/2016 15:15,0.001,0.29,,,2
arm,2016,,6/27/2016 15:20,0.001,0.291,,,2
arm,2016,,6/30/2016 8:45,0,0.291,,,2
arm,2016,,7/2/2016 6:20,0.001,0.292,,,
arm,2016,,7/2/2016 6:25,0.001,0.293,,,
arm,2016,,7/2/2016 6:30,0.001,0.294,,,
arm,2016,,7/2/2016 6:35,0.001,0.295,,,
arm,2016,,7/2/2016 6:40,0.001,0.296,,,
arm,2016,,7/2/2016 6:45,0.001,0.297,,,
arm,2016,,7/2/2016 10:35,0.001,0.298,,,
arm,2016,,7/7/2016 2:05,0.002,0.3,,,
arm,2016,,7/7/2016 2:10,0.005,0.305,,,
arm,2016,,7/7/2016 2:15,0.003,0.308,,,
arm,2016,,7/7/2016 2:20,0.002,0.31,,,
arm,2016,,7/7/2016 2:25,0.002,0.312,,,
arm,2016,,7/7/2016 2:30,0.001,0.313,,,
arm,2016,,7/7/2016 5:10,0.001,0.314,,,
arm,2016,,7/7/2016 5:15,0.001,0.315,,,
arm,2016,,7/7/2016 5:20,0.001,0.316,,,
arm,2016,,7/7/2016 5:30,0.001,0.317,,,
arm,2016,,7/7/2016 5:35,0.001,0.318,,,
arm,2016,,7/7/2016 5:40,0.001,0.319,,,
arm,2016,,7/11/2016 22:20,0.001,0.32,,,
arm,2016,,7/11/2016 22:30,0.001,0.321,,,
arm,2016,,7/11/2016 22:35,0.001,0.322,,,
arm,2016,,7/11/2016 22:40,0.001,0.323,,,
arm,2016,,7/11/2016 22:45,0.001,0.324,,,
arm,2016,,7/11/2016 22:50,0.001,0.325,,,
arm,2016,,7/11/2016 23:00,0.001,0.326,,,
arm,2016,,7/11/2016 23:05,0.001,0.327,,,
arm,2016,,7/11/2016 23:10,0.003,0.33,,,
arm,2016,,7/11/2016 23:15,0.002,0.332,,,
arm,2016,,7/11/2016 23:20,0.002,0.334,,,
arm,2016,,7/11/2016 23:25,0.002,0.336,,,
arm,2016,,7/11/2016 23:30,0.002,0.338,,,
arm,2016,,7/11/2016 23:35,0.002,0.34,,,
arm,2016,,7/11/2016 23:40,0.001,0.341,,,
arm,2016,,7/11/2016 23:45,0.001,0.342,,,
arm,2016,,7/11/2016 23:50,0.001,0.343,,,
arm,2016,,7/12/2016 0:00,0.001,0.344,,,
arm,2016,,7/12/2016 0:15,0.001,0.345,,,
arm,2016,,7/12/2016 0:20,0.001,0.346,,,
arm,2016,,7/12/2016 0:30,0.001,0.347,,,
arm,2016,,7/12/2016 0:35,0.001,0.348,,,
arm,2016,,7/18/2016 0:50,0.001,0.349,,1016,
arm,2016,,7/18/2016 0:55,0.001,0.35,,1016,
arm,2016,,7/18/2016 1:00,0.001,0.351,,1016,
arm,2016,,7/18/2016 1:20,0.001,0.352,,1016,
arm,2016,,7/18/2016 2:55,0.001,0.353,,1016,
arm,2016,,7/18/2016 3:00,0.003,0.356,,1016,
arm,2016,,7/18/2016 3:05,0.002,0.358,,1016,
arm,2016,,7/18/2016 3:10,0.001,0.359,,1016,
arm,2016,,7/18/2016 3:15,0.006,0.365,,1016,
arm,2016,,7/18/2016 3:20,0.004,0.369,,1016,
arm,2016,,7/18/2016 3:25,0.003,0.372,,1016,
arm,2016,,7/18/2016 3:30,0.001,0.373,,1016,
arm,2016,,7/18/2016 3:40,0.001,0.374,,1016,
arm,2016,,7/18/2016 3:50,0.001,0.375,,1016,
arm,2016,,7/18/2016 3:55,0.001,0.376,,1016,
arm,2016,,7/18/2016 4:00,0.002,0.378,,1016,
arm,2016,,7/18/2016 4:05,0.001,0.379,,1016,
arm,2016,,7/18/2016 4:10,0.001,0.38,,1016,
arm,2016,,7/18/2016 4:25,0.001,0.381,,1016,
arm,2016,,7/18/2016 4:30,0.001,0.382,,1016,
arm,2016,,7/18/2016 4:35,0.003,0.385,,1016,
arm,2016,,7/18/2016 4:40,0.001,0.386,,1016,
arm,2016,,7/18/2016 4:55,0.001,0.387,,1016,
arm,2016,,7/18/2016 5:00,0.001,0.388,,1016,
arm,2016,,7/18/2016 5:05,0.004,0.392,,1016,
arm,2016,,7/18/2016 5:10,0.003,0.395,,1016,
arm,2016,,7/18/2016 5:15,0.003,0.398,,1016,
arm,2016,,7/18/2016 5:20,0.002,0.4,,1016,
arm,2016,,7/18/2016 5:25,0.001,0.401,,1016,
arm,2016,,7/18/2016 5:30,0.001,0.402,,1016,
arm,2016,,7/18/2016 5:35,0.001,0.403,,1016,
arm,2016,,7/18/2016 5:50,0.001,0.404,,1016,
arm,2016,,7/18/2016 19:15,0,0.404,,1016,
arm,2016,,7/19/2016 13:10,0.003,0.407,,,
arm,2016,,7/19/2016 13:15,0.002,0.409,,,
arm,2016,,7/19/2016 13:20,0.001,0.41,,,
arm,2016,,7/19/2016 13:25,0.001,0.411,,,
arm,2016,,7/19/2016 13:30,0.001,0.412,,,
arm,2016,,7/19/2016 13:35,0.001,0.413,,,
arm,2016,,7/31/2016 5:15,0.001,0.414,,,
arm,2016,,7/31/2016 5:20,0.003,0.417,,,
arm,2016,,7/31/2016 5:25,0.001,0.418,,,
arm,2016,,7/31/2016 5:30,0.001,0.419,,,
arm,2016,,8/1/2016 4:55,0.001,0.42,,,
arm,2016,,8/1/2016 5:00,0.001,0.421,,,
arm,2016,,8/1/2016 5:05,0.001,0.422,,,
arm,2016,,8/1/2016 5:10,0.001,0.423,,,
arm,2016,,8/1/2016 8:40,0.001,0.424,,,
arm,2016,,8/11/2016 20:30,0.001,0.425,,,
arm,2016,,8/11/2016 20:35,0.001,0.426,,,
arm,2016,,8/11/2016 21:05,0.001,0.427,,,
arm,2016,,8/11/2016 21:10,0.002,0.429,,,
arm,2016,,8/11/2016 21:15,0.002,0.431,,,
arm,2016,,8/11/2016 21:20,0.001,0.432,,,
arm,2016,,8/11/2016 21:25,0.001,0.433,,,
arm,2016,,8/11/2016 21:30,0.001,0.434,,,
arm,2016,,8/11/2016 21:35,0.002,0.436,,,
arm,2016,,8/11/2016 21:40,0.001,0.437,,,
arm,2016,,8/11/2016 21:45,0.001,0.438,,,
arm,2016,,8/11/2016 21:50,0.001,0.439,,,
arm,2016,,8/11/2016 21:55,0.001,0.44,,,
arm,2016,,8/11/2016 22:00,0.001,0.441,,,
arm,2016,,8/11/2016 22:05,0.001,0.442,,,
arm,2016,,8/11/2016 22:10,0.001,0.443,,,
arm,2016,,8/11/2016 22:15,0.001,0.444,,,
arm,2016,,8/11/2016 22:20,0.001,0.445,,,
arm,2016,,8/11/2016 22:25,0.001,0.446,,,
arm,2016,,8/11/2016 22:30,0.001,0.447,,,
arm,2016,,8/11/2016 22:35,0.001,0.448,,,
arm,2016,,8/11/2016 22:40,0.001,0.449,,,
arm,2016,,8/11/2016 22:45,0.001,0.45,,,
arm,2016,,8/11/2016 22:50,0.001,0.451,,,
arm,2016,,8/11/2016 22:55,0.001,0.452,,,
arm,2016,,8/11/2016 23:00,0.001,0.453,,,
arm,2016,,8/11/2016 23:05,0.001,0.454,,,
arm,2016,,8/11/2016 23:10,0.001,0.455,,,
arm,2016,,8/11/2016 23:15,0.001,0.456,,,
arm,2016,,8/11/2016 23:20,0.001,0.457,,,
arm,2016,,8/11/2016 23:25,0.001,0.458,,,
arm,2016,,8/11/2016 23:30,0.001,0.459,,,
arm,2016,,8/11/2016 23:40,0.001,0.46,,,
arm,2016,,8/11/2016 23:45,0.001,0.461,,,
arm,2016,,8/19/2016 16:55,0.001,0.462,,,
arm,2016,,8/23/2016 23:00,0.002,0.464,,,
arm,2016,,8/23/2016 23:05,0.004,0.468,,,
arm,2016,,8/23/2016 23:10,0.005,0.473,,,
arm,2016,,8/23/2016 23:15,0.006,0.479,,,
arm,2016,,8/23/2016 23:20,0.003,0.482,,,
arm,2016,,8/23/2016 23:25,0.002,0.484,,,
arm,2016,,8/23/2016 23:30,0.002,0.486,,,
arm,2016,,8/23/2016 23:35,0.001,0.487,,,
arm,2016,,8/23/2016 23:40,0.001,0.488,,,
arm,2016,,8/28/2016 17:25,0.001,0.489,,,
arm,2016,,8/28/2016 17:30,0.002,0.491,,,
arm,2016,,8/28/2016 17:35,0.001,0.492,,,
arm,2016,,8/29/2016 7:45,0.001,0.493,,,
arm,2016,,8/29/2016 7:50,0.001,0.494,,,
arm,2016,,8/29/2016 8:15,0.001,0.495,,,
arm,2016,,8/29/2016 16:40,0.001,0.496,,,
arm,2016,,8/29/2016 16:50,0.001,0.497,,,
arm,2016,,8/29/2016 16:55,0.002,0.499,,,
arm,2016,,8/29/2016 17:00,0.001,0.5,,,
arm,2016,,8/29/2016 17:05,0.001,0.501,,,
arm,2016,,8/29/2016 17:15,0.001,0.502,,,
arm,2016,,8/29/2016 17:25,0.001,0.503,,,
arm,2016,,8/29/2016 18:05,0.001,0.504,,,
arm,2016,,8/29/2016 18:10,0.001,0.505,,,
arm,2016,,8/29/2016 19:05,0.001,0.506,,,
arm,2016,,8/29/2016 22:50,0.001,0.507,,,
arm,2016,,8/29/2016 22:55,0.002,0.509,,,
arm,2016,,8/29/2016 23:00,0.003,0.512,,,
arm,2016,,8/29/2016 23:05,0.001,0.513,,,
arm,2016,,8/29/2016 23:10,0.001,0.514,,,
arm,2016,,9/4/2016 14:10,0.001,0.515,,,
arm,2016,,9/4/2016 14:15,0.001,0.516,,,
arm,2016,,9/4/2016 14:35,0.001,0.517,,,
arm,2016,,9/5/2016 11:05,0.001,0.518,,,
arm,2016,,9/7/2016 8:55,0.001,0.519,,,
arm,2016,,9/7/2016 9:00,0.006,0.525,,,
arm,2016,,9/7/2016 9:05,0.002,0.527,,,
arm,2016,,9/7/2016 11:05,0.001,0.528,,,
arm,2016,,9/7/2016 11:10,0.001,0.529,,,
arm,2016,,9/7/2016 11:15,0.003,0.532,,,
arm,2016,,9/7/2016 11:20,0.001,0.533,,,
arm,2016,,9/7/2016 11:25,0.001,0.534,,,
arm,2016,,9/9/2016 15:15,0.001,0.535,,,
arm,2016,,9/9/2016 15:20,0.003,0.538,,,
arm,2016,,9/9/2016 15:25,0.001,0.539,,,
arm,2016,,9/9/2016 15:30,0.001,0.54,,,
arm,2016,,9/9/2016 15:35,0.001,0.541,,,
arm,2016,,9/9/2016 16:40,0.001,0.542,,,
arm,2016,,9/9/2016 17:25,0.001,0.543,,,
arm,2016,,9/9/2016 17:40,0.001,0.544,,,
arm,2016,,9/9/2016 18:15,0.001,0.545,,,
arm,2016,,9/9/2016 18:20,0.001,0.546,,,
arm,2016,,9/13/2016 1:50,0.001,0.547,,,
arm,2016,,9/13/2016 1:55,0.001,0.548,,,
arm,2016,,9/13/2016 2:00,0.001,0.549,,,
arm,2016,,9/13/2016 2:10,0.001,0.55,,,
arm,2016,,9/13/2016 2:15,0.001,0.551,,,
arm,2016,,9/13/2016 2:20,0.001,0.552,,,
arm,2016,,9/13/2016 2:25,0.002,0.554,,,
arm,2016,,9/13/2016 2:30,0.002,0.556,,,
arm,2016,,9/13/2016 18:45,0.001,0.557,,,
arm,2016,,9/16/2016 0:15,0.001,0.558,,,
arm,2016,,9/16/2016 0:25,0.001,0.559,,,
arm,2016,,9/16/2016 0:30,0.002,0.561,,,
arm,2016,,9/16/2016 0:35,0.002,0.563,,,
arm,2016,,9/16/2016 0:40,0.001,0.564,,,
arm,2016,,9/16/2016 0:50,0.001,0.565,,,
arm,2016,,9/16/2016 0:55,0.005,0.57,,,
arm,2016,,9/16/2016 1:00,0.004,0.574,,,
arm,2016,,9/16/2016 1:05,0.002,0.576,,,
arm,2016,,9/16/2016 1:10,0.003,0.579,,,
arm,2016,,9/16/2016 1:15,0.003,0.582,,,
arm,2016,,9/16/2016 1:30,0.001,0.583,,,
arm,2016,,9/16/2016 1:35,0.001,0.584,,,
arm,2016,,9/16/2016 1:40,0.001,0.585,,,
arm,2016,,9/16/2016 1:45,0.001,0.586,,,
arm,2016,,9/16/2016 1:50,0.002,0.588,,,
arm,2016,,9/16/2016 1:55,0.011,0.599,,,
arm,2016,,9/16/2016 2:00,0.003,0.602,,,
arm,2016,,9/16/2016 2:05,0.001,0.603,,,
arm,2016,,9/16/2016 2:10,0,0.603,,1034,
arm,2016,,9/16/2016 2:20,0.001,0.604,,1034,
arm,2016,,9/16/2016 2:25,0,0.604,,1034,
arm,2016,,10/4/2016 13:50,0.002,0.606,,,
arm,2016,,10/4/2016 13:55,0.001,0.607,,,
arm,2016,,10/4/2016 15:55,0.001,0.608,,,
arm,2016,,10/4/2016 16:05,0.001,0.609,,,
arm,2016,,10/4/2016 16:10,0.004,0.613,,,
arm,2016,,10/4/2016 16:25,0.003,0.616,,,
arm,2016,,10/4/2016 16:30,0.003,0.619,,,
arm,2016,,10/4/2016 16:35,0.002,0.621,,,
arm,2016,,10/4/2016 16:40,0.003,0.624,,,
arm,2016,,10/4/2016 16:45,0.001,0.625,,,
arm,2016,,10/4/2016 16:50,0.001,0.626,,,
arm,2016,,10/4/2016 16:55,0.001,0.627,,,
arm,2016,,10/4/2016 17:25,0.001,0.628,,,
arm,2016,,10/4/2016 17:30,0.002,0.63,,,
arm,2016,,10/4/2016 17:35,0.001,0.631,,,
arm,2016,,10/4/2016 17:40,0.001,0.632,,,
arm,2016,,10/4/2016 17:45,0.001,0.633,,,
arm,2016,,10/4/2016 17:50,0.001,0.634,,,
arm,2016,,10/4/2016 18:05,0.001,0.635,,,
arm,2016,,10/4/2016 18:10,0.001,0.636,,,
arm,2016,,10/4/2016 18:40,0.001,0.637,,,
arm,2016,,10/4/2016 19:00,0.001,0.638,,,
arm,2016,,10/4/2016 19:15,0.001,0.639,,,
arm,2016,,10/4/2016 19:25,0.001,0.64,,,
arm,2016,,10/4/2016 19:30,0.001,0.641,,,
arm,2016,,10/4/2016 19:35,0.001,0.642,,,
arm,2016,,10/4/2016 19:45,0.001,0.643,,,
arm,2016,,10/4/2016 20:00,0.001,0.644,,,
arm,2016,,10/4/2016 20:15,0.002,0.646,,,
arm,2016,,10/4/2016 20:20,0.002,0.648,,,
arm,2016,,10/4/2016 20:50,0.001,0.649,,,
arm,2016,,10/4/2016 20:55,0.001,0.65,,,
arm,2016,,10/4/2016 21:55,0.002,0.652,,,
arm,2016,,10/4/2016 22:05,0.002,0.654,,,
arm,2016,,10/4/2016 22:30,0.001,0.655,,,
arm,2016,,10/6/2016 11:30,0.001,0.656,,,
arm,2016,,10/6/2016 11:40,0.001,0.657,,,
arm,2016,,10/6/2016 13:35,0.001,0.658,,,
arm,2016,,10/6/2016 14:15,0.001,0.659,,,
arm,2016,,10/6/2016 14:20,0.001,0.66,,,
arm,2016,,10/6/2016 14:25,0.001,0.661,,,
arm,2016,,10/6/2016 19:25,0.001,0.662,,,
arm,2016,,10/6/2016 19:30,0.001,0.663,,,
arm,2016,,10/26/2016 0:40,0.001,0.664,,,
arm,2016,,11/2/2016 3:55,0.001,0.665,,,
arm,2016,,11/2/2016 4:30,0.002,0.667,,,
arm,2016,,11/2/2016 4:35,0.008,0.675,,,
arm,2016,,11/2/2016 4:40,0.003,0.678,,,
arm,2017,,3/29/2017 5:50,0.001,0.679,,,
arm,2017,,3/29/2017 6:00,0.001,0.68,,,
arm,2017,,3/29/2017 13:05,0.001,0.681,,,
arm,2017,,4/2/2017 7:55,0.001,0.682,,,
arm,2017,,4/2/2017 8:00,0.001,0.683,,,
arm,2017,,4/14/2017 12:55,0.001,0.684,,,
arm,2017,,4/14/2017 13:00,0.002,0.686,,,
arm,2017,,4/14/2017 13:15,0.001,0.687,,,
arm,2017,,4/14/2017 13:20,0.001,0.688,,,
arm,2017,,4/14/2017 13:25,0.002,0.69,,,
arm,2017,,4/14/2017 13:35,0.002,0.692,,,
arm,2017,,4/14/2017 13:40,0.002,0.694,,,
arm,2017,,4/14/2017 13:45,0.001,0.695,,,
arm,2017,,4/14/2017 13:50,0.001,0.696,,,
arm,2017,,4/14/2017 14:00,0.001,0.697,,,
arm,2017,,4/14/2017 14:05,0.001,0.698,,,
arm,2017,,4/14/2017 14:10,0.004,0.702,,,
arm,2017,,4/14/2017 14:15,0.001,0.703,,,
arm,2017,,4/15/2017 7:25,0.001,0.704,,,
arm,2017,,4/15/2017 7:30,0.001,0.705,,,
arm,2017,,4/18/2017 8:55,0.001,0.706,,,
arm,2017,,4/18/2017 9:10,0.001,0.707,,,
arm,2017,,4/18/2017 9:15,0.002,0.709,,,
arm,2017,,4/18/2017 9:20,0.001,0.71,,,
arm,2017,,4/18/2017 9:25,0.001,0.711,,,
arm,2017,,4/18/2017 9:30,0.001,0.712,,,
arm,2017,,4/18/2017 9:40,0.001,0.713,,,
arm,2017,,4/19/2017 4:05,0.001,0.714,,,
arm,2017,,4/19/2017 4:40,0.001,0.715,,,
arm,2017,,4/19/2017 4:45,0.001,0.716,,,
arm,2017,,4/19/2017 8:35,0.001,0.717,,,
arm,2017,,4/19/2017 8:40,0.001,0.718,,,
arm,2017,,4/19/2017 8:50,0.001,0.719,,,
arm,2017,,4/28/2017 8:15,0.001,0.72,,,
arm,2017,,4/30/2017 8:55,0.001,0.721,,,
arm,2017,,4/30/2017 9:00,0.001,0.722,,,
arm,2017,,4/30/2017 9:05,0.001,0.723,,,
arm,2017,,4/30/2017 9:20,0.001,0.724,,,
arm,2017,,4/30/2017 9:25,0.001,0.725,,,
arm,2017,,4/30/2017 9:30,0.001,0.726,,,
arm,2017,,4/30/2017 9:35,0.001,0.727,,,
arm,2017,,4/30/2017 9:40,0.001,0.728,,,
arm,2017,,4/30/2017 13:35,0.001,0.729,,,
arm,2017,,4/30/2017 13:40,0.001,0.73,,,
arm,2017,,4/30/2017 13:45,0.001,0.731,,,
arm,2017,,4/30/2017 13:55,0.001,0.732,,,
arm,2017,,4/30/2017 14:00,0.001,0.733,,,
arm,2017,,4/30/2017 14:05,0.001,0.734,,,
arm,2017,,4/30/2017 15:15,0.001,0.735,,,
arm,2017,,4/30/2017 16:10,0.001,0.736,,,
arm,2017,,4/30/2017 16:50,0.001,0.737,,,
arm,2017,,4/30/2017 17:00,0.001,0.738,,,
arm,2017,,5/1/2017 1:10,0.001,0.739,,,
arm,2017,,5/1/2017 2:05,0.001,0.74,,,
arm,2017,,5/1/2017 2:15,0.001,0.741,,,
arm,2017,,5/1/2017 3:15,0.001,0.742,,,
arm,2017,,5/3/2017 8:45,0,0.742,,,1
arm,2017,,5/10/2017 6:50,0.005,0.747,,,1
arm,2017,,5/10/2017 6:55,0.001,0.748,,2007,1
arm,2017,,5/10/2017 7:00,0.001,0.749,,2007,1
arm,2017,,5/10/2017 7:05,0.002,0.751,,2007,1
arm,2017,,5/10/2017 7:15,0.001,0.752,,2007,1
arm,2017,,5/10/2017 7:20,0.001,0.753,,2007,1
arm,2017,,5/10/2017 7:25,0.003,0.756,,2007,1
arm,2017,,5/10/2017 7:30,0.002,0.758,,2007,1
arm,2017,,5/10/2017 7:40,0.001,0.759,,2007,1
arm,2017,,5/10/2017 7:45,0.001,0.76,,2007,1
arm,2017,,5/10/2017 7:50,0.001,0.761,,2007,1
arm,2017,,5/10/2017 8:35,0.001,0.762,,2007,1
arm,2017,,5/10/2017 10:40,0.005,0.767,,2007,1
arm,2017,,5/10/2017 10:45,0.001,0.768,,2007,1
arm,2017,,5/10/2017 10:50,0.001,0.769,,2007,1
arm,2017,,5/10/2017 11:10,0.001,0.77,,2007,1
arm,2017,,5/11/2017 11:05,0,0.77,,2007,1
arm,2017,,5/16/2017 20:00,0.001,0.771,,,1
arm,2017,,5/16/2017 20:05,0.001,0.772,,,1
arm,2017,,5/16/2017 20:10,0.004,0.776,,,1
arm,2017,,5/16/2017 20:15,0.001,0.777,,2011,1
arm,2017,,5/16/2017 21:00,0.002,0.779,,2011,1
arm,2017,,5/16/2017 21:05,0.002,0.781,,2011,1
arm,2017,,5/16/2017 21:10,0.001,0.782,,2011,1
arm,2017,,5/16/2017 21:15,0.004,0.786,,2011,1
arm,2017,,5/16/2017 21:20,0.003,0.789,,2011,1
arm,2017,,5/16/2017 21:25,0.001,0.79,,2011,1
arm,2017,,5/16/2017 21:30,0.001,0.791,,2011,1
arm,2017,,5/16/2017 22:00,0.001,0.792,,2011,1
arm,2017,,5/16/2017 22:10,0.001,0.793,,2011,1
arm,2017,,5/16/2017 22:15,0.006,0.799,,2011,1
arm,2017,,5/16/2017 22:20,0.005,0.804,,2011,1
arm,2017,,5/16/2017 22:25,0.002,0.806,,2011,1
arm,2017,,5/16/2017 22:30,0.001,0.807,,2011,1
arm,2017,,5/16/2017 22:35,0.001,0.808,,2011,1
arm,2017,,5/16/2017 22:40,0.001,0.809,,2011,1
arm,2017,,5/16/2017 23:00,0.001,0.81,,2011,1
arm,2017,,5/16/2017 23:05,0.001,0.811,,2011,1
arm,2017,,5/17/2017 0:00,0,0.811,,2011,1
arm,2017,,5/17/2017 0:05,0,0.811,,2012,1
arm,2017,,5/17/2017 0:15,0.001,0.812,,2012,1
arm,2017,,5/17/2017 0:20,0.001,0.813,,2012,1
arm,2017,,5/17/2017 5:45,0.001,0.814,,2012,1
arm,2017,,5/17/2017 11:25,0.001,0.815,,2012,1
arm,2017,,5/17/2017 11:30,0.001,0.816,,2012,1
arm,2017,,5/17/2017 15:25,0.001,0.817,,2012,1
arm,2017,,5/17/2017 15:30,0.002,0.819,,2012,1
arm,2017,,5/17/2017 15:35,0.001,0.82,,2012,1
arm,2017,,5/18/2017 13:50,0,0.816,,2012,1
arm,2017,,5/18/2017 22:25,0.001,0.821,,,1
arm,2017,,5/18/2017 22:30,0.001,0.822,,,1
arm,2017,,5/18/2017 22:35,0.001,0.823,,,1
arm,2017,,5/18/2017 22:45,0,0.823,,2014,1
arm,2017,,5/18/2017 23:05,0.001,0.824,,2014,1
arm,2017,,5/18/2017 23:10,0.001,0.825,,2014,1
arm,2017,,5/18/2017 23:15,0.001,0.826,,2014,1
arm,2017,,5/18/2017 23:20,0.001,0.827,,2014,1
arm,2017,,5/18/2017 23:30,0.001,0.828,,2014,1
arm,2017,,5/18/2017 23:45,0.001,0.829,,2014,1
arm,2017,,5/18/2017 23:55,0.001,0.83,,2014,1
arm,2017,,5/19/2017 0:05,0.001,0.831,,2014,1
arm,2017,,5/19/2017 0:15,0.001,0.832,,2014,1
arm,2017,,5/19/2017 0:20,0.001,0.833,,2014,1
arm,2017,,5/19/2017 0:25,0.001,0.834,,2014,1
arm,2017,,5/19/2017 0:30,0.001,0.835,,2014,1
arm,2017,,5/19/2017 0:35,0.001,0.836,,2014,1
arm,2017,,5/19/2017 0:40,0.001,0.837,,2014,1
arm,2017,,5/19/2017 0:45,0.001,0.838,,2014,1
arm,2017,,5/19/2017 0:50,0.001,0.839,,2014,1
arm,2017,,5/19/2017 21:40,0.001,0.84,,2014,1
arm,2017,,5/19/2017 21:45,0.001,0.841,,2014,1
arm,2017,,5/19/2017 21:55,0.001,0.842,,2014,1
arm,2017,,5/19/2017 22:00,0.001,0.843,,2014,1
arm,2017,,5/19/2017 22:05,0.001,0.844,,2014,1
arm,2017,,5/19/2017 22:10,0.001,0.845,,2014,1
arm,2017,,5/19/2017 22:15,0.001,0.846,,2014,1
arm,2017,,5/19/2017 22:20,0.001,0.847,,2014,1
arm,2017,,5/19/2017 22:25,0.001,0.848,,2014,1
arm,2017,,5/19/2017 23:10,0.001,0.849,,2014,1
arm,2017,,5/20/2017 1:15,0.001,0.85,,2014,1
arm,2017,,5/20/2017 1:35,0.001,0.851,,2014,1
arm,2017,,5/20/2017 2:20,0.001,0.852,,2014,1
arm,2017,,5/20/2017 6:10,0.001,0.853,,2014,1
arm,2017,,5/20/2017 6:15,0.001,0.854,,2014,1
arm,2017,,5/20/2017 7:25,0.001,0.855,,2014,1
arm,2017,,5/20/2017 7:30,0.001,0.856,,2014,1
arm,2017,,5/20/2017 7:35,0.001,0.857,,2014,1
arm,2017,,5/20/2017 7:40,0.001,0.858,,2014,1
arm,2017,,5/20/2017 8:00,0.001,0.859,,2014,1
arm,2017,,5/20/2017 8:10,0.001,0.86,,2014,1
arm,2017,,5/20/2017 8:15,0.002,0.862,,2014,1
arm,2017,,5/20/2017 8:20,0.001,0.863,,2014,1
arm,2017,,5/21/2017 8:15,0,0.863,,2014,1
arm,2017,,5/22/2017 13:15,0.001,0.864,,,1
arm,2017,,5/22/2017 18:45,0.001,0.865,,,1
arm,2017,,5/24/2017 8:45,0,0.865,,,1
arm,2017,,5/25/2017 8:45,0,0.865,,,2
arm,2017,,5/27/2017 9:10,0.001,0.866,,,2
arm,2017,,5/27/2017 9:15,0.001,0.867,,,2
arm,2017,,5/27/2017 9:30,0.001,0.868,,,2
arm,2017,,5/27/2017 9:40,0.002,0.87,,,2
arm,2017,,5/27/2017 9:45,0.001,0.871,,,2
arm,2017,,5/27/2017 9:55,0.001,0.872,,,2
arm,2017,,5/27/2017 10:05,0.001,0.873,,,2
arm,2017,,5/27/2017 10:20,0.001,0.874,,,2
arm,2017,,6/2/2017 3:40,0.002,0.876,,,2
arm,2017,,6/2/2017 3:45,0.005,0.881,,,2
arm,2017,,6/2/2017 3:50,0.002,0.883,,,2
arm,2017,,6/7/2017 8:45,0,0.883,,,2
arm,2017,,6/8/2017 8:45,0,0.883,,,3
arm,2017,,6/12/2017 19:40,0.001,0.884,,,3
arm,2017,,6/14/2017 0:10,0.001,0.885,,,3
arm,2017,,6/14/2017 0:15,0.001,0.886,,,3
arm,2017,,6/14/2017 0:20,0.001,0.887,,,3
arm,2017,,6/14/2017 0:25,0.001,0.888,,,3
arm,2017,,6/14/2017 0:45,0.001,0.889,,,3
arm,2017,,6/14/2017 0:50,0.001,0.89,,,3
arm,2017,,6/14/2017 2:05,0.001,0.891,,,3
arm,2017,,6/14/2017 6:15,0.004,0.895,,,3
arm,2017,,6/14/2017 6:20,0.003,0.898,,,3
arm,2017,,6/14/2017 6:25,0.002,0.9,,,3
arm,2017,,6/14/2017 6:30,0.001,0.901,,,3
arm,2017,,6/14/2017 6:35,0.001,0.902,,,3
arm,2017,,6/14/2017 6:40,0.001,0.903,,,3
arm,2017,,6/14/2017 7:30,0.003,0.906,,,3
arm,2017,,6/14/2017 7:35,0.001,0.907,,,3
arm,2017,,6/14/2017 8:00,0.001,0.908,,,3
arm,2017,,6/14/2017 8:05,0.005,0.913,,,3
arm,2017,,6/14/2017 8:10,0.001,0.914,,2020,3
arm,2017,,6/14/2017 8:35,0.001,0.915,,2020,3
arm,2017,,6/14/2017 8:40,0.002,0.917,,2020,3
arm,2017,,6/14/2017 8:45,0.001,0.918,,2020,3
arm,2017,,6/14/2017 8:50,0.001,0.919,,2020,3
arm,2017,,6/14/2017 9:45,0,0.919,,2020,3
arm,2017,,6/15/2017 22:00,0.001,0.92,,,3
arm,2017,,6/15/2017 23:10,0.001,0.921,,,3
arm,2017,,6/15/2017 23:15,0.001,0.922,,,3
arm,2017,,6/16/2017 20:50,0.004,0.926,2021,,3
arm,2017,,6/16/2017 20:55,0.013,0.939,2021,2022,3
arm,2017,,6/16/2017 21:00,0.013,0.952,2021,2022,3
arm,2017,,6/16/2017 21:05,0.009,0.961,2021,2022,3
arm,2017,,6/16/2017 21:10,0.011,0.972,2021,2022,3
arm,2017,,6/16/2017 21:15,0.004,0.976,2021,2022,3
arm,2017,,6/16/2017 21:20,0.001,0.977,2021,2022,3
arm,2017,,6/17/2017 6:25,0,0.976,2021,2022,3
arm,2017,,6/17/2017 21:15,0,0.977,,2022,3
arm,2017,,6/23/2017 0:40,0.001,0.978,,,3
arm,2017,,6/23/2017 0:45,0.001,0.979,,,3
arm,2017,,6/23/2017 0:50,0.003,0.982,,,3
arm,2017,,6/23/2017 0:55,0.004,0.986,,,3
arm,2017,,6/23/2017 1:00,0.001,0.987,,,3
arm,2017,,6/23/2017 1:05,0.002,0.989,,,3
arm,2017,,6/23/2017 1:10,0.002,0.991,,,3
arm,2017,,6/27/2017 8:45,0,0.991,,,3
arm,2017,,6/28/2017 2:55,0.001,0.992,,,
arm,2017,,6/28/2017 4:10,0.001,0.993,,,
arm,2017,,6/28/2017 4:15,0.001,0.994,,,
arm,2017,,6/28/2017 4:20,0.001,0.995,,,
arm,2017,,6/28/2017 4:30,0.001,0.996,,,
arm,2017,,6/28/2017 4:35,0.001,0.997,,,
arm,2017,,8/3/2017 6:20,0.002,0.999,,,
arm,2017,,8/3/2017 6:25,0.001,1,,,
arm,2017,,8/15/2017 10:10,0.001,1.001,,,
arm,2017,,8/15/2017 10:15,0.004,1.005,,,
arm,2017,,8/15/2017 10:20,0.003,1.008,,,
arm,2017,,8/15/2017 10:25,0.004,1.012,,,
arm,2017,,8/15/2017 10:30,0.005,1.017,,,
arm,2017,,8/15/2017 10:35,0.001,1.018,,,
arm,2017,,8/15/2017 10:45,0.001,1.019,,,
arm,2017,,8/15/2017 10:50,0.001,1.02,,,
arm,2017,,8/15/2017 10:55,0.002,1.022,,,
arm,2017,,8/15/2017 11:05,0.001,1.023,,,
arm,2017,,8/15/2017 11:10,0.001,1.024,,,
arm,2017,,8/16/2017 10:20,0.004,1.028,,,
arm,2017,,8/16/2017 10:25,0.01,1.038,,,
arm,2017,,8/16/2017 10:30,0.005,1.043,,,
arm,2017,,8/16/2017 10:35,0.003,1.046,,,
arm,2017,,8/20/2017 2:40,0.001,1.047,,,
arm,2017,,8/20/2017 2:50,0.001,1.048,,,
arm,2017,,8/20/2017 2:55,0.002,1.05,,,
arm,2017,,8/20/2017 3:00,0.004,1.054,,,
arm,2017,,8/20/2017 3:05,0.001,1.055,,,
arm,2017,,8/20/2017 3:10,0.001,1.056,,,
arm,2017,,8/20/2017 3:40,0.001,1.057,,,
arm,2017,,8/20/2017 3:50,0.001,1.058,,,
arm,2017,,8/20/2017 4:10,0.001,1.059,,,
arm,2017,,8/21/2017 2:20,0.003,1.062,,,
arm,2017,,8/21/2017 2:25,0.004,1.066,,,
arm,2017,,8/21/2017 2:30,0.003,1.069,,,
arm,2017,,8/21/2017 2:35,0.001,1.07,,,
arm,2017,,8/21/2017 2:40,0.004,1.074,,,
arm,2017,,8/21/2017 2:45,0.007,1.081,,,
arm,2017,,8/21/2017 2:50,0.002,1.083,,,
arm,2017,,8/21/2017 2:55,0.001,1.084,,,
arm,2017,,8/21/2017 3:00,0.001,1.085,,,
arm,2017,,8/21/2017 3:05,0.001,1.086,,,
arm,2017,,8/21/2017 3:10,0.002,1.088,,,
arm,2017,,8/21/2017 3:15,0.002,1.09,,,
arm,2017,,8/21/2017 3:20,0.002,1.092,,,
arm,2017,,8/21/2017 3:35,0.001,1.093,,,
arm,2017,,8/21/2017 3:50,0.003,1.096,,,
arm,2017,,8/21/2017 3:55,0.001,1.097,,,
arm,2017,,8/21/2017 4:05,0.003,1.1,,,
arm,2017,,8/21/2017 4:10,0.003,1.103,,,
arm,2017,,8/21/2017 4:15,0.004,1.107,,,
arm,2017,,8/21/2017 4:20,0.002,1.109,,,
arm,2017,,8/21/2017 4:25,0.001,1.11,,,
arm,2017,,8/21/2017 4:30,0.001,1.111,,,
arm,2017,,8/21/2017 4:35,0.002,1.113,,,
arm,2017,,8/21/2017 4:40,0.004,1.117,,,
arm,2017,,8/21/2017 4:45,0.001,1.118,,,
arm,2017,,8/21/2017 5:30,0.002,1.12,,,
arm,2017,,8/21/2017 5:35,0.001,1.121,,,
arm,2017,,8/21/2017 6:30,0.001,1.122,,,
arm,2017,,8/21/2017 6:35,0.001,1.123,,,
arm,2017,,8/21/2017 6:40,0.001,1.124,,,
arm,2017,,8/21/2017 6:45,0.002,1.126,,,
arm,2017,,8/21/2017 6:50,0.002,1.128,,,
arm,2017,,8/21/2017 6:55,0.001,1.129,,,
arm,2017,,8/21/2017 7:10,0.001,1.13,,,
arm,2017,,8/21/2017 7:15,0.001,1.131,,,
arm,2017,,8/21/2017 7:35,0.002,1.133,,,
arm,2017,,8/21/2017 8:35,0.001,1.134,,,
arm,2017,,8/21/2017 18:05,0.001,1.135,,,
arm,2017,,8/21/2017 21:45,0.001,1.136,,,
arm,2017,,8/21/2017 21:50,0.002,1.138,,,
arm,2017,,8/21/2017 21:55,0.001,1.139,,,
arm,2017,,8/21/2017 22:10,0.001,1.14,,,
arm,2017,,8/21/2017 22:15,0.002,1.142,,,
arm,2017,,8/21/2017 22:20,0.003,1.145,,,
arm,2017,,8/21/2017 22:25,0.001,1.146,,,
arm,2017,,8/21/2017 22:30,0.001,1.147,,,
arm,2017,,8/25/2017 8:15,0.001,1.148,,,
arm,2017,,8/25/2017 8:30,0.001,1.149,,,
arm,2017,,8/25/2017 8:40,0.001,1.15,,,
arm,2017,,8/25/2017 8:45,0.001,1.151,,,
arm,2017,,8/25/2017 8:50,0.001,1.152,,,
arm,2017,,9/16/2017 22:35,0.001,1.153,,,
arm,2017,,9/16/2017 22:40,0.001,1.154,,,
arm,2017,,9/16/2017 22:45,0.001,1.155,,,
arm,2017,,9/16/2017 22:50,0.001,1.156,,,
arm,2017,,9/16/2017 23:15,0.004,1.16,,,
arm,2017,,9/16/2017 23:20,0.001,1.161,,,
arm,2017,,9/16/2017 23:25,0.004,1.165,,,
arm,2017,,9/16/2017 23:30,0.001,1.166,,,
arm,2017,,9/16/2017 23:35,0.001,1.167,,,
arm,2017,,9/16/2017 23:45,0.001,1.168,,,
arm,2017,,9/16/2017 23:50,0.001,1.169,,,
arm,2017,,9/16/2017 23:55,0.001,1.17,,,
arm,2017,,9/17/2017 0:00,0.001,1.171,,,
arm,2017,,9/17/2017 0:05,0.001,1.172,,,
arm,2017,,9/17/2017 0:10,0.001,1.173,,,
arm,2017,,9/18/2017 8:10,0.001,1.174,,,
arm,2017,,9/18/2017 8:15,0.001,1.175,,,
arm,2017,,9/18/2017 8:20,0.001,1.176,,,
arm,2017,,9/18/2017 8:30,0.001,1.177,,,
arm,2017,,9/18/2017 9:00,0.001,1.178,,,
arm,2017,,9/25/2017 12:50,0.001,1.179,,,
arm,2017,,9/25/2017 12:55,0.003,1.182,,,
arm,2017,,9/25/2017 13:00,0.002,1.184,,,
arm,2017,,9/25/2017 15:55,0.001,1.185,,,
arm,2017,,9/25/2017 16:00,0.001,1.186,,,
arm,2017,,9/25/2017 16:05,0.002,1.188,,,
arm,2017,,9/25/2017 16:10,0.005,1.193,,,
arm,2017,,9/25/2017 16:15,0.004,1.197,,,
arm,2017,,9/25/2017 16:20,0.001,1.198,,,
arm,2017,,9/25/2017 16:25,0.003,1.201,,,
arm,2017,,9/25/2017 16:30,0.001,1.202,,,
arm,2017,,9/25/2017 16:45,0.001,1.203,,,
arm,2017,,9/25/2017 17:10,0.001,1.204,,,
arm,2017,,9/25/2017 17:15,0.003,1.207,,,
arm,2017,,10/1/2017 7:30,0.001,1.208,,,
arm,2017,,10/2/2017 3:10,0.001,1.209,,,
arm,2017,,10/2/2017 3:20,0.001,1.21,,,
arm,2017,,10/2/2017 3:35,0.001,1.211,,,
arm,2017,,10/2/2017 3:40,0.001,1.212,,,
arm,2017,,10/2/2017 3:45,0.001,1.213,,,
arm,2017,,10/2/2017 4:00,0.001,1.214,,,
arm,2017,,10/2/2017 5:05,0.001,1.215,,,
arm,2017,,10/2/2017 5:15,0.001,1.216,,,
arm,2017,,10/2/2017 6:00,0.002,1.218,,,
arm,2017,,10/2/2017 11:40,0.001,1.219,,,
arm,2017,,10/4/2017 1:50,0.001,1.22,,,
arm,2017,,10/5/2017 10:25,0.001,1.221,,,
arm,2017,,10/5/2017 11:00,0.001,1.222,,,
arm,2017,,10/5/2017 12:00,0.001,1.223,,,
arm,2017,,10/5/2017 12:20,0.001,1.224,,,
arm,2017,,10/5/2017 16:30,0.001,1.225,,,
arm,2017,,10/5/2017 17:25,0.001,1.226,,,
arm,2017,,10/6/2017 21:45,0.001,1.227,,,
arm,2017,,10/6/2017 22:35,0.001,1.228,,,
arm,2017,,10/6/2017 22:40,0.001,1.229,,,
arm,2017,,10/6/2017 22:45,0.003,1.232,,,
arm,2017,,10/6/2017 22:50,0.002,1.234,,,
arm,2017,,10/6/2017 22:55,0.004,1.238,,,
arm,2017,,10/6/2017 23:00,0.003,1.241,,,
arm,2017,,10/6/2017 23:05,0.001,1.242,,,
arm,2017,,10/6/2017 23:10,0.001,1.243,,,
arm,2017,,10/6/2017 23:15,0.002,1.245,,,
arm,2017,,10/6/2017 23:20,0.003,1.248,,,
arm,2017,,10/6/2017 23:25,0.001,1.249,,,
arm,2017,,10/6/2017 23:35,0.001,1.25,,,
arm,2017,,10/6/2017 23:45,0.001,1.251,,,
arm,2017,,10/6/2017 23:55,0.001,1.252,,,
arm,2017,,10/7/2017 0:10,0.001,1.253,,,
arm,2017,,10/7/2017 0:20,0.001,1.254,,,
arm,2017,,10/7/2017 0:30,0.001,1.255,,,
arm,2017,,10/7/2017 0:40,0.001,1.256,,,
arm,2017,,10/7/2017 6:35,0.001,1.257,,,
arm,2017,,10/7/2017 6:45,0.001,1.258,,,
arm,2017,,10/7/2017 6:55,0.001,1.259,,,
arm,2017,,10/7/2017 8:10,0.001,1.26,,,
arm,2017,,10/7/2017 11:05,0.001,1.261,,,
arm,2017,,10/10/2017 2:55,0.001,1.262,,,
arm,2017,,10/10/2017 3:00,0.001,1.263,,,
arm,2017,,10/10/2017 3:05,0.001,1.264,,,
arm,2017,,10/10/2017 3:15,0.001,1.265,,,
arm,2017,,10/10/2017 3:20,0.001,1.266,,,
arm,2017,,10/10/2017 3:40,0.001,1.267,,,
arm,2017,,10/10/2017 3:45,0.001,1.268,,,
arm,2017,,10/10/2017 3:50,0.001,1.269,,,
arm,2017,,10/10/2017 3:55,0.001,1.27,,,
arm,2017,,10/10/2017 4:00,0.001,1.271,,,
arm,2017,,10/10/2017 4:10,0.001,1.272,,,
arm,2017,,10/10/2017 4:15,0.001,1.273,,,
arm,2017,,10/10/2017 4:20,0.001,1.274,,,
arm,2017,,10/10/2017 4:30,0.001,1.275,,,
arm,2017,,10/10/2017 5:25,0.001,1.276,,,
arm,2017,,10/10/2017 5:30,0.001,1.277,,,
arm,2017,,10/14/2017 6:55,0.001,1.278,,,
arm,2017,,10/14/2017 9:40,0.003,1.281,,,
arm,2017,,10/14/2017 9:45,0.002,1.283,,,
arm,2017,,10/14/2017 9:50,0.001,1.284,,,
arm,2017,,10/14/2017 9:55,0.001,1.285,,,
arm,2017,,10/14/2017 10:00,0.001,1.286,,,
arm,2017,,10/14/2017 10:10,0.001,1.287,,,
arm,2017,,10/14/2017 10:25,0.001,1.288,,,
arm,2017,,10/21/2017 3:35,0.001,1.289,,,
arm,2017,,10/21/2017 3:40,0.003,1.292,,,
arm,2017,,10/21/2017 16:15,0.001,1.293,,,
arm,2017,,10/21/2017 16:20,0.003,1.296,,,
arm,2017,,10/21/2017 16:30,0.002,1.298,,,
arm,2018,,5/1/2018 3:50,0.001,1.299,,,
arm,2018,,5/1/2018 19:45,0.001,1.3,,,
arm,2018,,5/1/2018 19:50,0.001,1.301,,,
arm,2018,,5/1/2018 20:15,0.003,1.304,,,
arm,2018,,5/1/2018 20:20,0.001,1.305,,,
arm,2018,,5/1/2018 20:25,0.002,1.307,,,
arm,2018,,5/1/2018 20:30,0.001,1.308,,,
arm,2018,,5/1/2018 20:35,0.001,1.309,,,
arm,2018,,5/2/2018 19:40,0.001,1.31,,,
arm,2018,,5/2/2018 19:45,0.003,1.313,,,
arm,2018,,5/2/2018 19:50,0.002,1.315,,,
arm,2018,,5/2/2018 19:55,0.005,1.32,,,
arm,2018,,5/2/2018 20:00,0.004,1.324,,,
arm,2018,,5/2/2018 20:05,0.002,1.326,,,
arm,2018,,5/2/2018 20:10,0.001,1.327,,,
arm,2018,,5/2/2018 20:30,0.001,1.328,,,
arm,2018,,5/2/2018 20:35,0.001,1.329,,,
arm,2018,,5/2/2018 20:45,0.001,1.33,,,
arm,2018,,5/3/2018 16:20,0.004,1.334,,,
arm,2018,,5/3/2018 16:25,0.003,1.337,,,
arm,2018,,5/3/2018 17:10,0.001,1.338,,,
arm,2018,,5/3/2018 17:25,0.001,1.339,,,
arm,2018,,5/3/2018 17:30,0.001,1.34,,,
arm,2018,,5/3/2018 17:40,0.002,1.342,,,
arm,2018,,5/3/2018 17:45,0.001,1.343,,,
arm,2018,,5/11/2018 6:40,0.001,1.344,,,
arm,2018,,5/11/2018 6:50,0.001,1.345,,,
arm,2018,,5/11/2018 6:55,0.001,1.346,,,
arm,2018,,5/14/2018 3:45,0.001,1.347,,,
arm,2018,,5/14/2018 3:55,0.001,1.348,,,
arm,2018,,5/14/2018 4:30,0.001,1.349,,,
arm,2018,,5/14/2018 8:45,0,1.349,,,1
arm,2018,,5/29/2018 17:00,0.001,1.35,,,1
arm,2018,,5/29/2018 17:05,0.001,1.351,,,1
arm,2018,,5/29/2018 17:25,0.001,1.352,,,1
arm,2018,,5/29/2018 17:30,0.001,1.353,,,1
arm,2018,,5/29/2018 17:35,0.001,1.354,,,1
arm,2018,,5/29/2018 17:40,0.001,1.355,,,1
arm,2018,,5/29/2018 17:45,0.001,1.356,,,1
arm,2018,,5/29/2018 18:10,0.001,1.357,,,1
arm,2018,,5/29/2018 18:50,0.001,1.358,,,1
arm,2018,,5/29/2018 19:00,0.001,1.359,,,1
arm,2018,,6/2/2018 1:45,0.001,1.36,,,1
arm,2018,,6/2/2018 1:50,0.008,1.368,,,1
arm,2018,,6/2/2018 1:55,0.005,1.373,,,1
arm,2018,,6/2/2018 2:00,0.003,1.376,,,1
arm,2018,,6/2/2018 2:05,0.003,1.379,,,1
arm,2018,,6/2/2018 2:10,0.004,1.383,,,1
arm,2018,,6/2/2018 2:15,0.002,1.385,,,1
arm,2018,,6/2/2018 2:20,0.002,1.387,,,1
arm,2018,,6/2/2018 2:25,0.001,1.388,,,1
arm,2018,,6/2/2018 2:30,0.002,1.39,,,1
arm,2018,,6/2/2018 2:35,0.001,1.391,,,1
arm,2018,,6/2/2018 2:40,0.001,1.392,,,1
arm,2018,,6/2/2018 2:45,0.001,1.393,,,1
arm,2018,,6/2/2018 3:00,0.001,1.394,,,1
arm,2018,,6/2/2018 3:05,0.001,1.395,,,1
arm,2018,,6/2/2018 3:10,0.001,1.396,,,1
arm,2018,,6/2/2018 3:15,0.001,1.397,,,1
arm,2018,,6/2/2018 3:20,0.001,1.398,,,1
arm,2018,,6/2/2018 3:25,0.002,1.4,,,1
arm,2018,,6/2/2018 3:30,0.001,1.401,,,1
arm,2018,,6/2/2018 3:35,0.001,1.402,,,1
arm,2018,,6/2/2018 3:40,0.001,1.403,,,1
arm,2018,,6/2/2018 3:45,0.001,1.404,,,1
arm,2018,,6/2/2018 3:50,0.001,1.405,,,1
arm,2018,,6/2/2018 3:55,0.001,1.406,,,1
arm,2018,,6/2/2018 4:00,0.001,1.407,,,1
arm,2018,,6/2/2018 4:05,0.001,1.408,,,1
arm,2018,,6/2/2018 4:15,0.001,1.409,,,1
arm,2018,,6/2/2018 4:25,0.001,1.41,,,1
arm,2018,,6/2/2018 4:55,0.001,1.411,,,1
arm,2018,,6/2/2018 5:00,0.001,1.412,,,1
arm,2018,,6/2/2018 5:10,0.001,1.413,,,1
arm,2018,,6/2/2018 5:15,0.001,1.414,,,1
arm,2018,,6/2/2018 5:25,0.001,1.415,,,1
arm,2018,,6/5/2018 8:45,0,1.415,,,1
arm,2018,,6/6/2018 8:45,0,1.415,,,2
arm,2018,,6/9/2018 5:55,0.001,1.416,,,2
arm,2018,,6/10/2018 7:05,0.001,1.417,,,2
arm,2018,,6/10/2018 7:15,0.003,1.42,,,2
arm,2018,,6/10/2018 7:20,0.003,1.423,,,2
arm,2018,,6/10/2018 7:25,0.001,1.424,,,2
arm,2018,,6/10/2018 7:45,0.001,1.425,,,2
arm,2018,,6/10/2018 7:50,0.001,1.426,,,2
arm,2018,,6/10/2018 8:55,0.002,1.428,,,2
arm,2018,,6/11/2018 3:05,0.002,1.43,,,2
arm,2018,,6/11/2018 3:10,0.001,1.431,,,2
arm,2018,,6/11/2018 3:15,0.001,1.432,,,2
arm,2018,,6/11/2018 3:25,0.001,1.433,,,2
arm,2018,,6/11/2018 3:30,0.001,1.434,,,2
arm,2018,,6/11/2018 10:10,0.001,1.435,,,2
arm,2018,,6/11/2018 11:00,0.002,1.437,,,2
arm,2018,,6/11/2018 11:05,0.006,1.443,,,2
arm,2018,,6/11/2018 11:10,0.001,1.444,,,2
arm,2018,,6/11/2018 11:15,0.001,1.445,,,2
arm,2018,,6/11/2018 18:15,0.001,1.446,,,2
arm,2018,,6/11/2018 18:20,0.001,1.447,,,2
arm,2018,,6/11/2018 18:25,0.001,1.448,,,2
arm,2018,,6/11/2018 18:30,0.002,1.45,,,2
arm,2018,,6/11/2018 18:35,0.002,1.452,,,2
arm,2018,,6/11/2018 18:40,0.002,1.454,,,2
arm,2018,,6/11/2018 18:45,0.002,1.456,,,2
arm,2018,,6/11/2018 18:50,0.002,1.458,,,2
arm,2018,,6/11/2018 18:55,0.001,1.459,,,2
arm,2018,,6/11/2018 19:00,0.001,1.46,,,2
arm,2018,,6/11/2018 19:05,0.001,1.461,,,2
arm,2018,,6/11/2018 19:10,0.001,1.462,,,2
arm,2018,,6/11/2018 19:15,0.002,1.464,,,2
arm,2018,,6/11/2018 19:20,0.002,1.466,,,2
arm,2018,,6/11/2018 19:25,0.001,1.467,,,2
arm,2018,,6/11/2018 19:30,0.001,1.468,,,2
arm,2018,,6/11/2018 19:35,0.001,1.469,,,2
arm,2018,,6/14/2018 8:45,0,1.469,,,2
arm,2018,,6/15/2018 8:45,0,1.469,,,3
arm,2018,,6/18/2018 18:20,0.003,1.472,,,3
arm,2018,,6/18/2018 18:25,0.002,1.474,,,3
arm,2018,,6/18/2018 19:35,0.001,1.475,,,3
arm,2018,,6/19/2018 2:00,0.001,1.476,,,3
arm,2018,,6/19/2018 4:25,0.001,1.477,,,3
arm,2018,,6/19/2018 4:30,0.001,1.478,,,3
arm,2018,,6/19/2018 4:35,0.001,1.479,,,3
arm,2018,,6/19/2018 4:40,0.001,1.48,,,3
arm,2018,,6/19/2018 4:45,0.003,1.483,,,3
arm,2018,,6/19/2018 4:50,0.003,1.486,,,3
arm,2018,,6/19/2018 4:55,0.001,1.487,,,3
arm,2018,,6/19/2018 5:00,0.001,1.488,,,3
arm,2018,,6/19/2018 6:00,0.001,1.489,,,3
arm,2018,,6/19/2018 6:05,0.001,1.49,,,3
arm,2018,,6/19/2018 6:25,0.002,1.492,,,3
arm,2018,,6/19/2018 6:30,0.002,1.494,,,3
arm,2018,,6/19/2018 6:35,0.003,1.497,,,3
arm,2018,,6/19/2018 6:40,0.002,1.499,,,3
arm,2018,,6/19/2018 6:45,0.001,1.5,,,3
arm,2018,,6/19/2018 6:50,0.001,1.501,,,3
arm,2018,,6/19/2018 8:25,0.001,1.502,,,3
arm,2018,,6/19/2018 8:50,0.001,1.503,,,3
arm,2018,,6/19/2018 9:10,0.001,1.504,,,3
arm,2018,,6/19/2018 9:15,0.001,1.505,,,3
arm,2018,,6/19/2018 9:20,0.001,1.506,,,3
arm,2018,,6/19/2018 9:30,0.001,1.507,,,3
arm,2018,,6/20/2018 11:50,0.001,1.508,,,3
arm,2018,,6/20/2018 17:35,0.001,1.509,,,3
arm,2018,,6/21/2018 18:20,0.002,1.511,,,3
arm,2018,,6/21/2018 18:25,0.001,1.512,,,3
arm,2018,,6/24/2018 18:20,0.001,1.513,,,3
arm,2018,,6/24/2018 18:25,0.002,1.515,,,3
arm,2018,,6/24/2018 18:30,0.004,1.519,,,3
arm,2018,,6/24/2018 18:35,0.002,1.521,,,3
arm,2018,,6/24/2018 18:40,0.002,1.523,,,3
arm,2018,,6/24/2018 18:45,0.001,1.524,,,3
arm,2018,,6/25/2018 13:35,0.001,1.525,,,3
arm,2018,,6/25/2018 13:40,0.001,1.526,,,3
arm,2018,,6/25/2018 17:10,0.001,1.527,,,3
arm,2018,,6/25/2018 17:15,0.002,1.529,,,3
arm,2018,,6/25/2018 17:20,0.001,1.53,,,3
arm,2018,,6/25/2018 21:15,0.002,1.532,,,3
arm,2018,,6/25/2018 21:20,0.003,1.535,,,3
arm,2018,,6/25/2018 21:25,0.002,1.537,,,3
arm,2018,,6/25/2018 21:30,0.001,1.538,,,3
arm,2018,,6/28/2018 10:50,0.001,1.539,,,3
arm,2018,,6/28/2018 10:55,0.001,1.54,,,3
arm,2018,,6/28/2018 11:00,0.001,1.541,,,3
arm,2018,,6/28/2018 13:00,0,1.541,,,3
arm,2018,,6/30/2018 18:00,0.001,1.542,,,
arm,2018,,6/30/2018 18:05,0.001,1.543,,,
arm,2018,,6/30/2018 20:35,0.001,1.544,,,
arm,2018,,6/30/2018 20:40,0.002,1.546,,,
arm,2018,,6/30/2018 20:45,0.001,1.547,,,
arm,2018,,6/30/2018 20:50,0.002,1.549,,,
arm,2018,,6/30/2018 20:55,0.003,1.552,,,
arm,2018,,7/1/2018 1:10,0.001,1.553,,,
arm,2018,,7/1/2018 1:15,0.001,1.554,,,
arm,2018,,7/1/2018 1:20,0.001,1.555,,,
arm,2018,,7/1/2018 1:25,0.001,1.556,,,
arm,2018,,7/1/2018 1:30,0.001,1.557,,,
arm,2018,,7/1/2018 1:35,0.002,1.559,,,
arm,2018,,7/1/2018 1:40,0.001,1.56,,,
arm,2018,,7/1/2018 1:45,0.001,1.561,,,
arm,2018,,7/1/2018 1:50,0.001,1.562,,,
arm,2018,,7/1/2018 1:55,0.002,1.564,,,
arm,2018,,7/1/2018 2:00,0.001,1.565,,,
arm,2018,,7/1/2018 2:10,0.001,1.566,,,
arm,2018,,7/13/2018 15:45,0.001,1.567,,,
arm,2018,,7/13/2018 15:50,0.001,1.568,,,
arm,2018,,7/13/2018 15:55,0.001,1.569,,,
arm,2018,,7/13/2018 19:40,0.001,1.57,,,
arm,2018,,7/19/2018 8:35,0.001,1.571,,,
arm,2018,,7/28/2018 7:10,0.001,1.572,,,
arm,2018,,7/28/2018 7:20,0.001,1.573,,,
arm,2018,,7/28/2018 7:25,0.001,1.574,,,
arm,2018,,7/28/2018 7:35,0.001,1.575,,,
arm,2018,,8/7/2018 3:55,0.001,1.576,,,
arm,2018,,8/7/2018 4:05,0.001,1.577,,,
arm,2018,,8/7/2018 4:10,0.001,1.578,,,
arm,2018,,8/14/2018 11:50,0.001,1.579,,,
arm,2018,,8/14/2018 20:15,0.001,1.58,,,
arm,2018,,8/14/2018 20:20,0.003,1.583,,,
arm,2018,,8/14/2018 20:25,0.001,1.584,,,
arm,2018,,8/14/2018 20:30,0.001,1.585,,,
arm,2018,,8/14/2018 20:35,0.002,1.587,,,
arm,2018,,8/14/2018 20:40,0.001,1.588,,,
arm,2018,,8/14/2018 20:45,0.001,1.589,,,
arm,2018,,8/14/2018 20:55,0.001,1.59,,,
arm,2018,,8/14/2018 21:30,0.001,1.591,,,
arm,2018,,8/14/2018 21:35,0.004,1.595,,,
arm,2018,,8/14/2018 21:40,0.004,1.599,,,
arm,2018,,8/14/2018 21:45,0.004,1.603,,,
arm,2018,,8/14/2018 21:50,0.002,1.605,,,
arm,2018,,8/14/2018 21:55,0.001,1.606,,,
arm,2018,,8/14/2018 22:00,0.001,1.607,,,
arm,2018,,8/14/2018 22:25,0.001,1.608,,,
arm,2018,,8/14/2018 22:30,0.002,1.61,,,
arm,2018,,8/14/2018 22:35,0.001,1.611,,,
arm,2018,,8/14/2018 22:50,0.001,1.612,,,
arm,2018,,8/14/2018 22:55,0.001,1.613,,,
arm,2018,,8/14/2018 23:00,0.001,1.614,,,
arm,2018,,8/14/2018 23:05,0.001,1.615,,,
arm,2018,,8/14/2018 23:10,0.001,1.616,,,
arm,2018,,8/14/2018 23:20,0.001,1.617,,,
arm,2018,,8/16/2018 7:40,0.002,1.619,,,
arm,2018,,8/16/2018 7:45,0.003,1.622,,,
arm,2018,,8/16/2018 7:50,0.001,1.623,,,
arm,2018,,8/16/2018 7:55,0.001,1.624,,,
arm,2018,,8/16/2018 8:00,0.002,1.626,,,
arm,2018,,8/16/2018 8:50,0.001,1.627,,,
arm,2018,,8/19/2018 18:25,0.003,1.63,,,
arm,2018,,8/19/2018 19:45,0.001,1.631,,,
arm,2018,,8/19/2018 19:50,0.001,1.632,,,
arm,2018,,8/19/2018 19:55,0.001,1.633,,,
arm,2018,,8/19/2018 20:00,0.002,1.635,,,
arm,2018,,8/19/2018 20:05,0.004,1.639,,,
arm,2018,,8/19/2018 20:10,0.005,1.644,,,
arm,2018,,8/19/2018 20:15,0.004,1.648,,,
arm,2018,,8/19/2018 20:20,0.004,1.652,,,
arm,2018,,8/19/2018 20:25,0.003,1.655,,,
arm,2018,,8/19/2018 20:30,0.002,1.657,,,
arm,2018,,8/19/2018 20:35,0.001,1.658,,,
arm,2018,,8/19/2018 20:55,0.001,1.659,,,
arm,2018,,8/19/2018 21:00,0.001,1.66,,,
arm,2018,,8/19/2018 21:15,0.001,1.661,,,
arm,2018,,8/19/2018 21:35,0.001,1.662,,,
arm,2018,,8/19/2018 21:40,0.001,1.663,,,
arm,2018,,8/19/2018 21:45,0.001,1.664,,,
arm,2018,,8/19/2018 21:50,0.002,1.666,,,
arm,2018,,8/19/2018 21:55,0.001,1.667,,,
arm,2018,,8/19/2018 22:00,0.001,1.668,,,
arm,2018,,8/19/2018 22:05,0.001,1.669,,,
arm,2018,,8/19/2018 22:10,0.001,1.67,,,
arm,2018,,8/19/2018 22:15,0.001,1.671,,,
arm,2018,,8/19/2018 22:20,0.001,1.672,,,
arm,2018,,8/19/2018 22:25,0.001,1.673,,,
arm,2018,,8/19/2018 22:30,0.001,1.674,,,
arm,2018,,8/19/2018 23:10,0.001,1.675,,,
arm,2018,,8/19/2018 23:15,0.001,1.676,,,
arm,2018,,8/19/2018 23:20,0.002,1.678,,,
arm,2018,,8/19/2018 23:25,0.002,1.68,,,
arm,2018,,8/19/2018 23:30,0.003,1.683,,,
arm,2018,,8/19/2018 23:35,0.002,1.685,,,
arm,2018,,8/19/2018 23:40,0.001,1.686,,,
arm,2018,,8/19/2018 23:45,0.001,1.687,,,
arm,2018,,8/19/2018 23:50,0.001,1.688,,,
arm,2018,,8/19/2018 23:55,0.001,1.689,,,
arm,2018,,8/20/2018 0:00,0.001,1.69,,,
arm,2018,,8/20/2018 0:05,0.001,1.691,,,
arm,2018,,8/20/2018 0:10,0.002,1.693,,,
arm,2018,,8/20/2018 0:15,0.002,1.695,,,
arm,2018,,8/20/2018 0:20,0.002,1.697,,,
arm,2018,,8/20/2018 0:25,0.002,1.699,,,
arm,2018,,8/20/2018 0:30,0.001,1.7,,,
arm,2018,,8/20/2018 0:35,0.001,1.701,,,
arm,2018,,8/20/2018 0:40,0.001,1.702,,,
arm,2018,,8/20/2018 0:45,0.002,1.704,,,
arm,2018,,8/20/2018 0:50,0.003,1.707,,,
arm,2018,,8/20/2018 0:55,0.001,1.708,,,
arm,2018,,8/20/2018 1:00,0.001,1.709,,,
arm,2018,,8/20/2018 1:05,0.001,1.71,,,
arm,2018,,8/20/2018 1:10,0.001,1.711,,,
arm,2018,,8/20/2018 1:15,0.001,1.712,,,
arm,2018,,8/20/2018 1:20,0.002,1.714,,,
arm,2018,,8/20/2018 1:25,0.001,1.715,,,
arm,2018,,8/20/2018 1:30,0.001,1.716,,,
arm,2018,,8/20/2018 1:35,0.001,1.717,,,
arm,2018,,8/20/2018 1:40,0.001,1.718,,,
arm,2018,,8/20/2018 1:45,0.001,1.719,,,
arm,2018,,8/20/2018 1:50,0.003,1.722,,,
arm,2018,,8/20/2018 1:55,0.003,1.725,,,
arm,2018,,8/20/2018 2:00,0.003,1.728,,,
arm,2018,,8/20/2018 2:05,0.003,1.731,,,
arm,2018,,8/20/2018 2:10,0.004,1.735,,,
arm,2018,,8/20/2018 2:15,0.003,1.738,,,
arm,2018,,8/20/2018 2:20,0.003,1.741,,,
arm,2018,,8/20/2018 2:25,0.003,1.744,,,
arm,2018,,8/20/2018 2:30,0.002,1.746,,,
arm,2018,,8/20/2018 2:35,0.002,1.748,,,
arm,2018,,8/20/2018 2:40,0.001,1.749,,,
arm,2018,,8/20/2018 2:45,0.001,1.75,,,
arm,2018,,8/20/2018 2:50,0.001,1.751,,,
arm,2018,,8/20/2018 3:05,0.001,1.752,,,
arm,2018,,8/20/2018 3:10,0.001,1.753,,,
arm,2018,,8/20/2018 3:50,0.001,1.754,,,
arm,2018,,8/20/2018 3:55,0.001,1.755,,,
arm,2018,,8/20/2018 4:00,0.001,1.756,,,
arm,2018,,8/20/2018 4:05,0.002,1.758,,,
arm,2018,,8/20/2018 4:15,0.001,1.759,,,
arm,2018,,8/20/2018 5:15,0.001,1.76,,,
arm,2018,,8/20/2018 6:05,0.001,1.761,,,
arm,2018,,8/20/2018 6:40,0.001,1.762,,,
arm,2018,,8/20/2018 6:50,0.002,1.764,,,
arm,2018,,8/20/2018 6:55,0.001,1.765,,,
arm,2018,,8/20/2018 7:05,0.001,1.766,,,
arm,2018,,8/20/2018 7:15,0.001,1.767,,,
arm,2018,,8/20/2018 7:20,0.001,1.768,,,
arm,2018,,8/20/2018 7:30,0.001,1.769,,,
arm,2018,,8/20/2018 7:35,0.002,1.771,,,
arm,2018,,8/20/2018 15:10,0.001,1.772,,,
arm,2018,,8/20/2018 15:15,0.003,1.775,,,
arm,2018,,8/20/2018 15:20,0.001,1.776,,,
arm,2018,,8/20/2018 15:25,0.001,1.777,,,
arm,2018,,8/24/2018 11:50,0.001,1.778,,,
arm,2018,,8/26/2018 8:00,0.002,1.78,,,
arm,2018,,8/26/2018 8:05,0.001,1.781,,,
arm,2018,,8/26/2018 23:30,0.001,1.782,,,
arm,2018,,8/26/2018 23:35,0.004,1.786,,,
arm,2018,,8/26/2018 23:40,0.003,1.789,,,
arm,2018,,8/26/2018 23:45,0.001,1.79,,,
arm,2018,,8/27/2018 1:35,0.001,1.791,,,
arm,2018,,8/27/2018 1:40,0.001,1.792,,,
arm,2018,,8/28/2018 11:30,0.001,1.793,,,
arm,2018,,8/28/2018 13:00,0.002,1.795,,,
arm,2018,,8/28/2018 13:05,0.001,1.796,,,
arm,2018,,8/28/2018 13:15,0.001,1.797,,,
arm,2018,,8/28/2018 13:20,0.001,1.798,,,
arm,2018,,8/28/2018 14:05,0.002,1.8,,,
arm,2018,,8/28/2018 15:10,0.002,1.802,,,
arm,2018,,8/31/2018 21:40,0.001,1.803,,,
arm,2018,,8/31/2018 21:45,0.001,1.804,,,
arm,2018,,8/31/2018 21:50,0.002,1.806,,,
arm,2018,,8/31/2018 21:55,0.003,1.809,,,
arm,2018,,9/1/2018 1:30,0.001,1.81,,,
arm,2018,,9/1/2018 1:35,0.001,1.811,,,
arm,2018,,9/1/2018 1:40,0.002,1.813,,,
arm,2018,,9/1/2018 1:45,0.003,1.816,,,
arm,2018,,9/1/2018 1:50,0.004,1.82,,,
arm,2018,,9/1/2018 1:55,0.003,1.823,,,
arm,2018,,9/1/2018 2:00,0.002,1.825,,,
arm,2018,,9/1/2018 2:05,0.001,1.826,,,
arm,2018,,9/1/2018 2:10,0.002,1.828,,,
arm,2018,,9/1/2018 2:15,0.001,1.829,,,
arm,2018,,9/1/2018 2:20,0.001,1.83,,,
arm,2018,,9/1/2018 2:25,0.003,1.833,,,
arm,2018,,9/1/2018 2:35,0.001,1.834,,,
arm,2018,,9/1/2018 2:40,0.001,1.835,,,
arm,2018,,9/1/2018 6:30,0.001,1.836,,,
arm,2018,,9/1/2018 6:35,0.002,1.838,,,
arm,2018,,9/1/2018 6:40,0.001,1.839,,,
arm,2018,,9/1/2018 6:45,0.001,1.84,,,
arm,2018,,9/1/2018 6:50,0.001,1.841,,,
arm,2018,,9/1/2018 6:55,0.001,1.842,,,
arm,2018,,9/1/2018 22:55,0.001,1.843,,,
arm,2018,,9/1/2018 23:00,0.004,1.847,,,
arm,2018,,9/1/2018 23:05,0.001,1.848,,,
arm,2018,,9/1/2018 23:10,0.001,1.849,,,
arm,2018,,9/1/2018 23:35,0.001,1.85,,,
arm,2018,,9/2/2018 0:20,0.001,1.851,,,
arm,2018,,9/2/2018 0:35,0.001,1.852,,,
arm,2018,,9/2/2018 1:15,0.001,1.853,,,
arm,2018,,9/2/2018 5:10,0.004,1.857,,,
arm,2018,,9/2/2018 5:15,0.003,1.86,,,
arm,2018,,9/2/2018 5:20,0.001,1.861,,,
arm,2018,,9/2/2018 5:25,0,1.861,,3046,
arm,2018,,9/2/2018 7:10,0.001,1.862,,3046,
arm,2018,,9/2/2018 8:25,0,1.861,,3046,
arm,2018,,9/3/2018 0:45,0.001,1.863,,,
arm,2018,,9/3/2018 1:20,0.001,1.864,,,
arm,2018,,9/3/2018 1:30,0.001,1.865,,,
arm,2018,,9/3/2018 1:40,0.001,1.866,,,
arm,2018,,9/3/2018 1:50,0.001,1.867,,,
arm,2018,,9/3/2018 1:55,0.001,1.868,,,
arm,2018,,9/3/2018 2:00,0.001,1.869,,,
arm,2018,,9/3/2018 2:05,0.001,1.87,,,
arm,2018,,9/3/2018 2:30,0.001,1.871,,,
arm,2018,,9/4/2018 14:20,0.001,1.872,,,
arm,2018,,9/4/2018 14:25,0.003,1.875,,,
arm,2018,,9/4/2018 22:10,0.001,1.876,,,
arm,2018,,9/4/2018 22:40,0.001,1.877,,,
arm,2018,,9/5/2018 2:05,0.001,1.878,,,
arm,2018,,9/5/2018 2:10,0.001,1.879,,,
arm,2018,,9/5/2018 2:15,0.001,1.88,,,
arm,2018,,9/5/2018 2:20,0.002,1.882,,3048,
arm,2018,,9/5/2018 2:25,0.001,1.883,,3048,
arm,2018,,9/5/2018 3:40,0.001,1.884,,3048,
arm,2018,,9/5/2018 7:05,0.001,1.885,,3048,
arm,2018,,9/5/2018 7:10,0.001,1.886,,3048,
arm,2018,,9/5/2018 7:15,0.001,1.887,,3048,
arm,2018,,9/5/2018 7:20,0.001,1.888,,3048,
arm,2018,,9/5/2018 7:25,0.002,1.89,,3048,
arm,2018,,9/5/2018 7:30,0.001,1.891,,3048,
arm,2018,,9/5/2018 8:50,0.001,1.892,,3048,
arm,2018,,9/5/2018 8:55,0.001,1.893,,3048,
arm,2018,,9/5/2018 12:30,0,1.893,,3048,
arm,2018,,9/7/2018 4:50,0.001,1.894,,,
arm,2018,,9/7/2018 5:00,0.001,1.895,,,
arm,2018,,9/7/2018 5:05,0.001,1.896,,,
arm,2018,,9/7/2018 5:10,0.002,1.898,,,
arm,2018,,9/7/2018 5:15,0.001,1.899,,,
arm,2018,,9/7/2018 5:20,0.001,1.9,,,
arm,2018,,9/7/2018 6:45,0.001,1.901,,,
arm,2018,,9/7/2018 6:50,0.001,1.902,,,
arm,2018,,9/7/2018 6:55,0.001,1.903,,,
arm,2018,,9/18/2018 17:40,0.001,1.904,,,
arm,2018,,9/20/2018 20:40,0.001,1.905,,,
arm,2018,,9/20/2018 20:45,0.001,1.906,,,
arm,2018,,9/20/2018 21:10,0.003,1.909,,,
arm,2018,,9/20/2018 21:15,0.002,1.911,,,
arm,2018,,9/20/2018 21:20,0.001,1.912,,,
arm,2018,,9/20/2018 21:30,0.001,1.913,,,
arm,2018,,9/20/2018 22:00,0.001,1.914,,,
arm,2018,,9/20/2018 22:30,0.001,1.915,,,
arm,2018,,9/20/2018 22:50,0.001,1.916,,,
arm,2018,,9/21/2018 0:25,0.001,1.917,,,
arm,2018,,9/21/2018 0:30,0.001,1.918,,,
arm,2018,,9/25/2018 9:50,0.002,1.92,,,
arm,2018,,9/25/2018 9:55,0.001,1.921,,,
arm,2018,,9/25/2018 10:00,0.001,1.922,,,
arm,2018,,9/25/2018 10:05,0.001,1.923,,,
arm,2018,,9/25/2018 10:10,0.001,1.924,,,
arm,2018,,9/25/2018 10:15,0.001,1.925,,,
arm,2018,,9/25/2018 10:20,0.002,1.927,,,
arm,2018,,9/25/2018 10:25,0.001,1.928,,,
arm,2018,,9/25/2018 10:35,0.001,1.929,,,
arm,2018,,9/25/2018 12:10,0.001,1.93,,,
arm,2018,,9/30/2018 18:55,0.001,1.931,,,
arm,2018,,9/30/2018 19:05,0.001,1.932,,,
arm,2018,,10/1/2018 3:05,0.001,1.933,,,
arm,2018,,10/1/2018 5:15,0.001,1.934,,,
arm,2018,,10/5/2018 12:10,0.001,1.935,,,
arm,2018,,10/5/2018 15:30,0.001,1.936,,,
arm,2018,,10/7/2018 12:45,0.001,1.937,,,
arm,2018,,10/7/2018 13:05,0.001,1.938,,,
arm,2018,,10/7/2018 13:20,0.001,1.939,,,
arm,2018,,10/7/2018 14:50,0.001,1.94,,,
arm,2018,,10/7/2018 15:35,0.001,1.941,,,
arm,2018,,10/7/2018 15:50,0.001,1.942,,,
arm,2018,,10/7/2018 15:55,0.001,1.943,,,
arm,2018,,10/7/2018 16:00,0.001,1.944,,,
arm,2018,,10/7/2018 16:10,0.001,1.945,,,
arm,2018,,10/8/2018 5:00,0.001,1.946,,,
arm,2018,,10/8/2018 16:55,0.001,1.947,,,
arm,2018,,10/8/2018 17:00,0.002,1.949,,,
arm,2018,,10/8/2018 17:05,0.003,1.952,,,
arm,2018,,10/8/2018 17:10,0.001,1.953,,,
arm,2018,,10/8/2018 17:15,0.002,1.955,,3075,
arm,2018,,10/8/2018 17:20,0.002,1.957,,3075,
arm,2018,,10/8/2018 17:25,0.001,1.958,,3075,
arm,2018,,10/8/2018 17:35,0.001,1.959,,3075,
arm,2018,,10/8/2018 17:40,0.001,1.96,,3075,
arm,2018,,10/8/2018 17:45,0.001,1.961,,3075,
arm,2018,,10/8/2018 17:50,0.001,1.962,,3075,
arm,2018,,10/8/2018 17:55,0.001,1.963,,3075,
arm,2018,,10/8/2018 18:00,0.001,1.964,,3075,
arm,2018,,10/8/2018 18:05,0.001,1.965,,3075,
arm,2018,,10/8/2018 18:20,0.001,1.966,,3075,
arm,2018,,10/8/2018 18:30,0.001,1.967,,3075,
arm,2018,,10/9/2018 0:15,0,1.966,,3075,
arm,2018,,10/9/2018 14:10,0.001,1.968,,,
arm,2018,,10/9/2018 14:15,0.001,1.969,,,
arm,2018,,10/9/2018 14:20,0.001,1.97,,,
arm,2018,,10/9/2018 14:25,0.001,1.971,,,
arm,2019,,4/10/2019 23:30,0.002,1.973,,,
arm,2019,,4/10/2019 23:35,0.001,1.974,,,
arm,2019,,4/27/2019 1:45,0.001,1.975,,,
arm,2019,,4/27/2019 1:50,0.001,1.976,,,
arm,2019,,4/27/2019 1:55,0.001,1.977,,,
arm,2019,,4/27/2019 2:00,0.001,1.978,,,
arm,2019,,4/27/2019 2:05,0.001,1.979,,,
arm,2019,,4/27/2019 2:15,0.001,1.98,,,
arm,2019,,4/27/2019 2:20,0.001,1.981,,,
arm,2019,,4/27/2019 2:25,0.001,1.982,,,
arm,2019,,4/27/2019 2:30,0.001,1.983,,,
arm,2019,,4/27/2019 2:35,0.001,1.984,,,
arm,2019,,4/27/2019 2:40,0.001,1.985,,,
arm,2019,,4/27/2019 2:45,0.001,1.986,,,
arm,2019,,4/27/2019 2:50,0.001,1.987,,,
arm,2019,,4/27/2019 2:55,0.001,1.988,,,
arm,2019,,4/27/2019 3:50,0.001,1.989,,,
arm,2019,,4/27/2019 4:00,0.001,1.99,,,
arm,2019,,4/27/2019 4:05,0.001,1.991,,,
arm,2019,,4/27/2019 4:10,0.001,1.992,,,
arm,2019,,4/27/2019 4:15,0.001,1.993,,,
arm,2019,,4/27/2019 4:20,0.001,1.994,,,
arm,2019,,4/27/2019 4:30,0.001,1.995,,,
arm,2019,,5/4/2019 23:35,0.002,1.997,,,
arm,2019,,5/4/2019 23:40,0.001,1.998,,,
arm,2019,,5/4/2019 23:45,0.001,1.999,,,
arm,2019,,5/4/2019 23:50,0.001,2,,,
arm,2019,,5/5/2019 0:00,0.001,2.001,,,
arm,2019,,5/6/2019 17:05,0.001,2.002,,,
arm,2019,,5/6/2019 17:15,0.001,2.003,,,
arm,2019,,5/6/2019 17:20,0.001,2.004,,,
arm,2019,,5/6/2019 17:30,0.001,2.005,,,
arm,2019,,5/8/2019 3:55,0.001,2.006,,,
arm,2019,,5/8/2019 4:00,0.001,2.007,,,
arm,2019,,5/8/2019 4:05,0.001,2.008,,,
arm,2019,,5/8/2019 4:15,0.001,2.009,,,
arm,2019,,5/8/2019 4:20,0.001,2.01,,,
arm,2019,,5/8/2019 4:55,0.001,2.011,,,
arm,2019,,5/8/2019 6:20,0.001,2.012,,,
arm,2019,,5/8/2019 6:30,0.001,2.013,,,
arm,2019,,5/8/2019 6:35,0.001,2.014,,,
arm,2019,,5/8/2019 6:45,0.001,2.015,,,
arm,2019,,5/8/2019 6:50,0.001,2.016,,,
arm,2019,,5/8/2019 6:55,0.001,2.017,,,
arm,2019,,5/8/2019 7:00,0.001,2.018,,,
arm,2019,,5/8/2019 7:10,0.001,2.019,,,
arm,2019,,5/8/2019 7:15,0.001,2.02,,,
arm,2019,,5/8/2019 7:20,0.001,2.021,,,
arm,2019,,5/8/2019 7:25,0.001,2.022,,,
arm,2019,,5/8/2019 7:30,0.001,2.023,,,
arm,2019,,5/8/2019 7:40,0.001,2.024,,,
arm,2019,,5/8/2019 7:45,0.001,2.025,,,
arm,2019,,5/8/2019 7:50,0.001,2.026,,,
arm,2019,,5/8/2019 7:55,0.001,2.027,,,
arm,2019,,5/8/2019 8:00,0.001,2.028,,,
arm,2019,,5/8/2019 8:05,0.001,2.029,,,
arm,2019,,5/8/2019 8:10,0.002,2.031,,,
arm,2019,,5/8/2019 8:15,0.001,2.032,,,
arm,2019,,5/10/2019 8:45,0,2.032,,,1
arm,2019,,5/12/2019 6:25,0.001,2.033,,,1
arm,2019,,5/17/2019 2:45,0.001,2.034,,,1
arm,2019,,5/17/2019 9:40,0.001,2.035,,,1
arm,2019,,5/17/2019 9:45,0.001,2.036,,,1
arm,2019,,5/17/2019 9:50,0.001,2.037,,,1
arm,2019,,5/17/2019 10:10,0.002,2.039,,,1
arm,2019,,5/18/2019 15:25,0.001,2.04,,,1
arm,2019,,5/18/2019 15:50,0.001,2.041,,,1
arm,2019,,5/18/2019 16:05,0.001,2.042,,,1
arm,2019,,5/21/2019 11:45,0.001,2.043,,,1
arm,2019,,5/21/2019 12:05,0.001,2.044,,,1
arm,2019,,5/21/2019 12:35,0.001,2.045,,,1
arm,2019,,5/22/2019 0:10,0.001,2.046,,,1
arm,2019,,5/22/2019 0:25,0.001,2.047,,,1
arm,2019,,5/23/2019 22:25,0.002,2.049,,,1
arm,2019,,5/23/2019 22:30,0.001,2.05,,,1
arm,2019,,5/23/2019 23:35,0.001,2.051,,,1
arm,2019,,5/23/2019 23:40,0.001,2.052,,4013,1
arm,2019,,5/23/2019 23:45,0.001,2.053,,4013,1
arm,2019,,5/23/2019 23:50,0.001,2.054,,4013,1
arm,2019,,5/23/2019 23:55,0.001,2.055,,4013,1
arm,2019,,5/24/2019 0:05,0.001,2.056,,4013,1
arm,2019,,5/24/2019 0:15,0.001,2.057,,4013,1
arm,2019,,5/24/2019 0:20,0.001,2.058,,4013,1
arm,2019,,5/24/2019 0:30,0.001,2.059,,4013,1
arm,2019,,5/24/2019 0:35,0.002,2.061,,4013,1
arm,2019,,5/24/2019 0:40,0.002,2.063,,4013,1
arm,2019,,5/24/2019 0:45,0.002,2.065,,4013,1
arm,2019,,5/24/2019 0:50,0.001,2.066,,4013,1
arm,2019,,5/24/2019 1:00,0.001,2.067,,4013,1
arm,2019,,5/24/2019 1:05,0.001,2.068,,4013,1
arm,2019,,5/24/2019 1:10,0.004,2.072,,4013,1
arm,2019,,5/24/2019 1:15,0.004,2.076,,4013,1
arm,2019,,5/24/2019 1:20,0.009,2.085,,4013,1
arm,2019,,5/24/2019 1:25,0.002,2.087,,4013,1
arm,2019,,5/24/2019 1:30,0.001,2.088,,4013,1
arm,2019,,5/24/2019 1:35,0.001,2.089,,4013,1
arm,2019,,5/24/2019 2:00,0,2.089,,4013,1
arm,2019,,5/24/2019 3:45,0.001,2.09,,,1
arm,2019,,5/24/2019 3:50,0.002,2.092,,,1
arm,2019,,5/24/2019 3:55,0.001,2.093,,,1
arm,2019,,5/24/2019 5:25,0.001,2.094,,,1
arm,2019,,5/24/2019 5:30,0.001,2.095,,,1
arm,2019,,5/24/2019 5:45,0.001,2.096,,,1
arm,2019,,5/24/2019 5:50,0.001,2.097,,,1
arm,2019,,5/24/2019 5:55,0.001,2.098,,,1
arm,2019,,5/24/2019 6:00,0.001,2.099,,,1
arm,2019,,5/26/2019 1:25,0.001,2.1,,,1
arm,2019,,5/26/2019 1:30,0.001,2.101,,,1
arm,2019,,5/26/2019 2:15,0.001,2.102,,,1
arm,2019,,5/26/2019 2:20,0.002,2.104,,,1
arm,2019,,5/26/2019 2:25,0.001,2.105,,,1
arm,2019,,5/26/2019 2:35,0.001,2.106,,,1
arm,2019,,5/26/2019 2:40,0.001,2.107,,,1
arm,2019,,5/27/2019 0:10,0.001,2.108,,,1
arm,2019,,5/27/2019 1:45,0.001,2.109,,,1
arm,2019,,5/27/2019 1:55,0.001,2.11,,,1
arm,2019,,5/27/2019 2:00,0.001,2.111,,,1
arm,2019,,5/27/2019 5:20,0.001,2.112,,,1
arm,2019,,5/27/2019 5:25,0.003,2.115,,,1
arm,2019,,5/28/2019 3:05,0.001,2.116,,,1
arm,2019,,5/28/2019 3:15,0.001,2.117,,,1
arm,2019,,5/28/2019 3:20,0,2.117,,4017,1
arm,2019,,5/28/2019 5:35,0.001,2.118,,4017,1
arm,2019,,5/28/2019 5:55,0.002,2.12,,4017,1
arm,2019,,5/28/2019 6:00,0.004,2.124,,4017,1
arm,2019,,5/28/2019 6:05,0.001,2.125,,4017,1
arm,2019,,5/28/2019 6:15,0.002,2.127,,4017,1
arm,2019,,5/28/2019 6:20,0.004,2.131,,4017,1
arm,2019,,5/28/2019 6:25,0.004,2.135,4016,4017,1
arm,2019,,5/28/2019 6:30,0.002,2.137,4016,4017,1
arm,2019,,5/28/2019 6:50,0.001,2.138,4016,4017,1
arm,2019,,5/28/2019 7:25,0.001,2.139,4016,4017,1
arm,2019,,5/28/2019 10:40,0,2.139,4016,4017,1
arm,2020,,5/28/2019 17:20,0,2.139,4016,4017,1
arm,2019,,6/1/2019 6:45,0.001,2.14,,,1
arm,2019,,6/3/2019 11:45,0.001,2.141,,,1
arm,2019,,6/3/2019 11:50,0.001,2.142,,,1
arm,2019,,6/3/2019 13:05,0.001,2.143,,,1
arm,2019,,6/3/2019 13:10,0.001,2.144,,,1
arm,2019,,6/3/2019 13:15,0.001,2.145,,,1
arm,2019,,6/3/2019 13:20,0.001,2.146,,,1
arm,2019,,6/3/2019 13:45,0.001,2.147,,,1
arm,2019,,6/3/2019 13:55,0.001,2.148,,,1
arm,2019,,6/3/2019 14:05,0.001,2.149,,,1
arm,2019,,6/3/2019 16:00,0.001,2.15,,,1
arm,2019,,6/5/2019 8:45,0,2.15,,,1
arm,2019,,6/5/2019 8:45,0,2.15,,,2
arm,2019,,6/11/2019 20:55,0.001,2.151,,,2
arm,2019,,6/11/2019 21:00,0.001,2.152,,,2
arm,2019,,6/11/2019 21:10,0.001,2.153,,,2
arm,2019,,6/12/2019 12:10,0.002,2.155,,,2
arm,2019,,6/18/2019 14:45,0.001,2.156,,,2
arm,2019,,6/18/2019 14:50,0.001,2.157,,,2
arm,2019,,6/18/2019 14:55,0.001,2.158,,,2
arm,2019,,6/18/2019 15:15,0.001,2.159,,,2
arm,2019,,6/18/2019 15:20,0.001,2.16,,,2
arm,2019,,6/18/2019 15:25,0.001,2.161,,,2
arm,2019,,6/18/2019 15:30,0.001,2.162,,,2
arm,2019,,6/18/2019 15:35,0.001,2.163,,,2
arm,2019,,6/18/2019 15:40,0.001,2.164,,,2
arm,2019,,6/18/2019 16:20,0.001,2.165,,,2
arm,2019,,6/18/2019 16:25,0.001,2.166,,,2
arm,2019,,6/18/2019 16:35,0.001,2.167,,,2
arm,2019,,6/18/2019 16:40,0.001,2.168,,,2
arm,2019,,6/18/2019 16:45,0.001,2.169,,,2
arm,2019,,6/18/2019 16:50,0.002,2.171,,,2
arm,2019,,6/18/2019 16:55,0.002,2.173,,,2
arm,2019,,6/18/2019 17:00,0.003,2.176,,,2
arm,2019,,6/18/2019 17:05,0.004,2.18,,,2
arm,2019,,6/18/2019 17:10,0.003,2.183,,,2
arm,2019,,6/18/2019 17:15,0.002,2.185,,,2
arm,2019,,6/18/2019 17:20,0.001,2.186,,,2
arm,2019,,6/18/2019 17:25,0.002,2.188,,,2
arm,2019,,6/18/2019 17:30,0.002,2.19,,,2
arm,2019,,6/18/2019 17:35,0.001,2.191,,,2
arm,2019,,6/18/2019 17:45,0.001,2.192,,,2
arm,2019,,6/18/2019 17:55,0.001,2.193,,,2
arm,2019,,6/18/2019 18:00,0.001,2.194,,,2
arm,2019,,6/18/2019 18:15,0.001,2.195,,,2
arm,2019,,6/21/2019 6:35,0.001,2.196,,,2
arm,2019,,6/21/2019 6:45,0.001,2.197,,,2
arm,2019,,6/21/2019 9:05,0.001,2.198,,,2
arm,2019,,6/21/2019 9:10,0.001,2.199,,,2
arm,2019,,6/22/2019 8:10,0.001,2.2,,,2
arm,2019,,6/22/2019 8:15,0.001,2.201,,,2
arm,2019,,6/22/2019 8:55,0.001,2.202,,,2
arm,2019,,6/22/2019 9:00,0.001,2.203,,,2
arm,2019,,6/22/2019 9:30,0.001,2.204,,,2
arm,2019,,6/23/2019 19:10,0.001,2.205,,,2
arm,2019,,6/23/2019 20:20,0.001,2.206,,,2
arm,2019,,6/25/2019 8:45,0,2.205,,,2
arm,2019,,6/25/2019 8:45,0,2.206,,,3
arm,2019,,6/25/2019 20:40,0.001,2.207,,,3
arm,2019,,6/25/2019 20:45,0.002,2.209,,,3
arm,2019,,7/3/2019 18:50,0.004,2.213,,,3
arm,2019,,7/3/2019 18:55,0.005,2.218,,,3
arm,2019,,7/3/2019 19:00,0.004,2.222,,,3
arm,2019,,7/3/2019 19:25,0.004,2.226,,,3
arm,2019,,7/3/2019 19:30,0.004,2.23,,,3
arm,2019,,7/3/2019 19:35,0.003,2.233,,,3
arm,2019,,7/3/2019 19:40,0.002,2.235,,,3
arm,2019,,7/3/2019 19:45,0.004,2.239,,,3
arm,2019,,7/3/2019 19:50,0.003,2.242,,,3
arm,2019,,7/3/2019 19:55,0.001,2.243,,,3
arm,2019,,7/3/2019 20:00,0.001,2.244,,,3
arm,2019,,7/3/2019 20:10,0.001,2.245,,,3
arm,2019,,7/3/2019 20:15,0.001,2.246,,,3
arm,2019,,7/3/2019 21:05,0.001,2.247,,,3
arm,2019,,7/16/2019 5:30,0.001,2.248,,,3
arm,2019,,7/16/2019 5:35,0.002,2.25,,,3
arm,2019,,7/16/2019 5:40,0.002,2.252,,,3
arm,2019,,7/16/2019 5:45,0.001,2.253,,,3
arm,2019,,7/16/2019 5:50,0.001,2.254,,,3
arm,2019,,7/16/2019 5:55,0.002,2.256,,,3
arm,2019,,7/16/2019 6:00,0.004,2.26,,,3
arm,2019,,7/16/2019 6:05,0.005,2.265,,,3
arm,2019,,7/16/2019 6:10,0.005,2.27,,,3
arm,2019,,7/16/2019 6:15,0.002,2.272,,,3
arm,2019,,7/16/2019 6:20,0.004,2.276,,,3
arm,2019,,7/16/2019 6:25,0.005,2.281,,,3
arm,2019,,7/16/2019 6:30,0.008,2.289,,,3
arm,2019,,7/16/2019 6:35,0.005,2.294,,,3
arm,2019,,7/16/2019 6:40,0.001,2.295,,,3
arm,2019,,7/16/2019 6:45,0.001,2.296,,4043,3
arm,2019,,7/16/2019 6:50,0.003,2.299,,4043,3
arm,2019,,7/16/2019 6:55,0.003,2.302,,4043,3
arm,2019,,7/16/2019 7:00,0.001,2.303,,4043,3
arm,2019,,7/16/2019 7:05,0.003,2.306,,4043,3
arm,2019,,7/16/2019 7:10,0.001,2.307,,4043,3
arm,2019,,7/16/2019 7:45,0,2.307,,4043,3
arm,2019,,7/28/2019 18:25,0.001,2.308,,,
arm,2019,,7/31/2019 6:05,0.001,2.309,,,
arm,2019,,7/31/2019 6:45,0.001,2.31,,,
arm,2019,,7/31/2019 7:10,0.001,2.311,,,
arm,2019,,7/31/2019 7:15,0.001,2.312,,,
arm,2019,,7/31/2019 7:20,0.001,2.313,,,
arm,2019,,7/31/2019 7:25,0.001,2.314,,,
arm,2019,,7/31/2019 7:40,0.001,2.315,,,
arm,2019,,7/31/2019 7:45,0.001,2.316,,,
arm,2019,,7/31/2019 7:50,0.002,2.318,,,
arm,2019,,7/31/2019 7:55,0.003,2.321,,,
arm,2019,,7/31/2019 8:00,0.001,2.322,,,
arm,2019,,7/31/2019 9:30,0.001,2.323,,,
arm,2019,,7/31/2019 10:55,0.001,2.324,,,
arm,2019,,8/11/2019 7:10,0.001,2.325,,,
arm,2019,,8/11/2019 7:15,0.002,2.327,,,
arm,2019,,8/11/2019 7:20,0.005,2.332,,,
arm,2019,,8/11/2019 7:25,0.008,2.34,,,
arm,2019,,8/11/2019 7:30,0.008,2.348,,,
arm,2019,,8/11/2019 7:35,0.009,2.357,,,
arm,2019,,8/11/2019 7:40,0.007,2.364,,,
arm,2019,,8/11/2019 7:45,0.001,2.365,,,
arm,2019,,8/11/2019 8:00,0.001,2.366,,,
arm,2019,,8/11/2019 8:35,0.001,2.367,,,
arm,2019,,8/11/2019 8:40,0.001,2.368,,,
arm,2019,,8/11/2019 8:45,0.001,2.369,,,
arm,2019,,8/11/2019 9:10,0.001,2.37,,,
arm,2019,,8/11/2019 9:40,0.001,2.371,,,
arm,2019,,8/11/2019 9:50,0.001,2.372,,,
arm,2019,,8/11/2019 10:00,0.001,2.373,,,
arm,2019,,8/11/2019 10:05,0.001,2.374,,,
arm,2019,,8/11/2019 10:20,0.001,2.375,,,
arm,2019,,8/12/2019 4:15,0.004,2.379,,,
arm,2019,,8/12/2019 4:20,0.002,2.381,,,
arm,2019,,8/12/2019 4:25,0.001,2.382,,,
arm,2019,,8/12/2019 4:55,0.001,2.383,,,
arm,2019,,8/12/2019 5:05,0.001,2.384,,,
arm,2019,,8/18/2019 5:20,0.001,2.385,,,
arm,2019,,8/18/2019 5:25,0.002,2.387,,,
arm,2019,,8/18/2019 5:30,0.002,2.389,,,
arm,2019,,8/18/2019 6:40,0.001,2.39,,,
arm,2019,,8/18/2019 6:50,0.001,2.391,,,
arm,2019,,8/18/2019 7:00,0.001,2.392,,,
arm,2019,,8/18/2019 7:05,0.002,2.394,,,
arm,2019,,8/21/2019 6:40,0.001,2.395,,,
arm,2019,,8/21/2019 6:45,0.003,2.398,,,
arm,2019,,8/21/2019 6:50,0.008,2.406,,,
arm,2019,,8/21/2019 6:55,0.005,2.411,,,
arm,2019,,8/21/2019 7:00,0.004,2.415,,,
arm,2019,,8/21/2019 7:05,0.003,2.418,,,
arm,2019,,8/21/2019 7:10,0.002,2.42,,,
arm,2019,,8/21/2019 7:15,0.001,2.421,,,
arm,2019,,8/21/2019 7:20,0.001,2.422,,,
arm,2019,,8/21/2019 7:25,0.001,2.423,,,
arm,2019,,8/21/2019 7:55,0.001,2.424,,,
arm,2019,,8/26/2019 9:30,0.001,2.425,,,
arm,2019,,8/26/2019 9:45,0.001,2.426,,,
arm,2019,,8/26/2019 9:50,0.001,2.427,,,
arm,2019,,8/26/2019 10:00,0.001,2.428,,,
arm,2019,,8/26/2019 15:40,0.002,2.43,,,
arm,2019,,8/26/2019 15:45,0.002,2.432,,,
arm,2019,,8/29/2019 5:40,0.003,2.435,,,
arm,2019,,8/29/2019 5:45,0.001,2.436,,,
arm,2019,,9/7/2019 15:25,0.001,2.437,,,
arm,2019,,9/7/2019 23:25,0.001,2.438,,,
arm,2019,,9/10/2019 3:25,0.001,2.439,,,
arm,2019,,9/10/2019 3:30,0.002,2.441,,,
arm,2019,,9/10/2019 3:35,0.001,2.442,,,
arm,2019,,9/10/2019 3:40,0.002,2.444,,,
arm,2019,,9/10/2019 3:45,0.001,2.445,,,
arm,2019,,9/10/2019 3:55,0.001,2.446,,,
arm,2019,,9/10/2019 4:00,0.001,2.447,,,
arm,2019,,9/10/2019 4:05,0.001,2.448,,,
arm,2019,,9/10/2019 4:10,0.001,2.449,,,
arm,2019,,9/10/2019 4:20,0.001,2.45,,,
arm,2019,,9/10/2019 6:15,0.001,2.451,,,
arm,2019,,9/10/2019 6:25,0.001,2.452,,,
arm,2019,,9/10/2019 6:30,0.001,2.453,,,
arm,2019,,9/10/2019 6:40,0.001,2.454,,,
arm,2019,,9/10/2019 6:45,0.001,2.455,,,
arm,2019,,9/10/2019 7:50,0.001,2.456,,,
arm,2019,,9/10/2019 8:25,0.002,2.458,,,
arm,2019,,9/12/2019 14:55,0.002,2.46,,,
arm,2019,,9/12/2019 15:00,0.005,2.465,,,
arm,2019,,9/12/2019 15:05,0.004,2.469,,,
arm,2019,,9/14/2019 11:55,0.001,2.47,,,
arm,2019,,9/15/2019 1:10,0.001,2.471,,,
arm,2019,,9/18/2019 10:10,0.002,2.473,,,
arm,2019,,9/18/2019 10:15,0.001,2.474,,,
arm,2019,,9/19/2019 7:10,0.001,2.475,,,
arm,2019,,9/19/2019 7:15,0.003,2.478,,,
arm,2019,,9/19/2019 7:20,0.003,2.481,,,
arm,2019,,9/19/2019 7:25,0.003,2.484,,,
arm,2019,,9/19/2019 7:30,0.005,2.489,,,
arm,2019,,9/19/2019 7:35,0.002,2.491,,,
arm,2019,,9/19/2019 7:40,0.002,2.493,,,
arm,2019,,9/19/2019 7:45,0.001,2.494,,,
arm,2019,,9/19/2019 7:50,0.001,2.495,,,
arm,2019,,9/19/2019 7:55,0.001,2.496,,,
arm,2019,,9/19/2019 8:00,0.001,2.497,,,
arm,2019,,9/19/2019 8:10,0.001,2.498,,,
arm,2019,,9/19/2019 8:25,0.001,2.499,,,
arm,2019,,9/19/2019 8:30,0.003,2.502,,,
arm,2019,,9/19/2019 8:35,0.004,2.506,,,
arm,2019,,9/19/2019 8:40,0.001,2.507,,,
arm,2019,,9/21/2019 22:00,0.001,2.508,,,
arm,2019,,9/21/2019 22:05,0.003,2.511,,,
arm,2019,,9/21/2019 22:10,0.001,2.512,,,
arm,2019,,9/21/2019 22:20,0.003,2.515,,,
arm,2019,,9/21/2019 22:25,0.004,2.519,,,
arm,2019,,9/21/2019 22:30,0.002,2.521,,,
arm,2019,,9/21/2019 22:35,0.004,2.525,,,
arm,2019,,9/21/2019 22:40,0.007,2.532,,,
arm,2019,,9/21/2019 22:45,0.002,2.534,,4051,
arm,2019,,9/21/2019 22:50,0.004,2.538,,4051,
arm,2019,,9/21/2019 22:55,0.003,2.541,,4051,
arm,2019,,9/21/2019 23:00,0.001,2.542,,4051,
arm,2019,,9/22/2019 0:05,0.001,2.543,,4051,
arm,2019,,9/22/2019 0:15,0.001,2.544,,4051,
arm,2019,,9/22/2019 0:25,0.001,2.545,,4051,
arm,2019,,9/22/2019 2:30,0.001,2.546,,4051,
arm,2019,,9/22/2019 2:35,0.001,2.547,,4051,
arm,2019,,9/22/2019 2:40,0.001,2.548,,4051,
arm,2019,,9/22/2019 7:35,0.001,2.549,,4051,
arm,2019,,9/22/2019 7:50,0.001,2.55,,4051,
arm,2019,,9/22/2019 7:55,0.001,2.551,,4051,
arm,2019,,9/22/2019 8:00,0.001,2.552,,4051,
arm,2019,,9/22/2019 8:05,0.001,2.553,,4051,
arm,2019,,9/22/2019 8:10,0.001,2.554,,4051,
arm,2019,,9/22/2019 8:15,0.001,2.555,,4051,
arm,2019,,9/22/2019 8:20,0.001,2.556,,4051,
arm,2019,,9/22/2019 8:25,0.001,2.557,,4051,
arm,2019,,9/22/2019 8:30,0.001,2.558,,4051,
arm,2019,,9/22/2019 8:35,0.001,2.559,,4051,
arm,2019,,9/22/2019 8:40,0.001,2.56,,4051,
arm,2019,,9/22/2019 8:45,0.001,2.561,,4051,
arm,2019,,9/22/2019 8:55,0.001,2.562,,4051,
arm,2019,,9/22/2019 9:00,0.001,2.563,,4051,
arm,2019,,9/22/2019 9:05,0.001,2.564,,4051,
arm,2019,,9/22/2019 9:10,0.001,2.565,,4051,
arm,2019,,9/22/2019 9:15,0.002,2.567,,4051,
arm,2019,,9/22/2019 9:20,0.001,2.568,,4051,
arm,2019,,9/22/2019 9:25,0.001,2.569,,4051,
arm,2019,,9/22/2019 9:30,0.001,2.57,,4051,
arm,2019,,9/22/2019 9:35,0.001,2.571,,4051,
arm,2019,,9/22/2019 10:00,0,2.571,,4051,
arm,2019,,9/24/2019 20:30,0.001,2.572,,,
arm,2019,,9/24/2019 21:15,0.003,2.575,,,
arm,2019,,9/24/2019 21:20,0.002,2.577,,,
arm,2019,,9/24/2019 22:45,0.005,2.582,,,
arm,2019,,9/24/2019 22:50,0.013,2.595,,,
arm,2019,,9/24/2019 22:55,0.004,2.599,,4053,
arm,2019,,9/24/2019 23:00,0.001,2.6,,4053,
arm,2019,,9/25/2019 0:05,0,2.6,,4053,
arm,2019,,9/28/2019 17:05,0.002,2.602,,,
arm,2019,,9/28/2019 17:10,0.001,2.603,,,
arm,2019,,9/28/2019 17:15,0.001,2.604,,,
arm,2019,,9/28/2019 17:25,0.001,2.605,,,
arm,2019,,9/28/2019 17:35,0.001,2.606,,,
arm,2019,,9/28/2019 17:40,0.001,2.607,,,
arm,2019,,9/29/2019 9:10,0.001,2.608,,,
arm,2019,,9/29/2019 9:15,0.001,2.609,,,
arm,2019,,9/29/2019 10:05,0.001,2.61,,,
arm,2019,,9/29/2019 10:45,0.001,2.611,,,
arm,2019,,10/1/2019 15:05,0.002,2.613,,,
arm,2019,,10/1/2019 15:10,0.001,2.614,,,
arm,2019,,10/1/2019 15:25,0.001,2.615,,,
arm,2019,,10/1/2019 15:30,0.001,2.616,,,
arm,2019,,10/1/2019 16:50,0.001,2.617,,,
arm,2019,,10/1/2019 16:55,0.001,2.618,,,
arm,2019,,10/1/2019 17:15,0.001,2.619,,,
arm,2019,,10/1/2019 17:20,0.003,2.622,,,
arm,2019,,10/1/2019 17:25,0.003,2.625,,,
arm,2019,,10/1/2019 17:30,0.001,2.626,,,
arm,2019,,10/1/2019 17:35,0,2.626,,4056,
arm,2019,,10/1/2019 18:30,0.001,2.627,,4056,
arm,2019,,10/1/2019 18:35,0.001,2.628,,4056,
arm,2019,,10/1/2019 18:45,0.001,2.629,,4056,
arm,2019,,10/1/2019 18:55,0.001,2.63,,4056,
arm,2019,,10/1/2019 19:00,0.001,2.631,,4056,
arm,2019,,10/1/2019 21:20,0.001,2.632,,4056,
arm,2019,,10/1/2019 21:25,0.001,2.633,,4056,
arm,2019,,10/1/2019 21:30,0.002,2.635,,4056,
arm,2019,,10/1/2019 21:35,0.004,2.639,,4056,
arm,2019,,10/1/2019 21:40,0.002,2.641,,4056,
arm,2019,,10/1/2019 21:45,0.003,2.644,,4056,
arm,2019,,10/1/2019 21:50,0.004,2.648,,4056,
arm,2019,,10/1/2019 21:55,0.005,2.653,,4056,
arm,2019,,10/1/2019 22:00,0.002,2.655,,4056,
arm,2019,,10/1/2019 22:05,0.001,2.656,,4056,
arm,2019,,10/1/2019 22:10,0.001,2.657,,4056,
arm,2019,,10/1/2019 22:30,0.001,2.658,,4056,
arm,2019,,10/1/2019 22:40,0.001,2.659,,4056,
arm,2019,,10/2/2019 3:55,0,2.658,,4056,
arm,2019,,10/2/2019 10:40,0.001,2.66,,,
arm,2019,,10/2/2019 10:45,0.001,2.661,,,
arm,2019,,10/2/2019 10:50,0.001,2.662,,,
arm,2019,,10/2/2019 10:50,0.001,2.663,,,
arm,2019,,10/5/2019 7:50,0.001,2.663,,,
arm,2019,,10/5/2019 7:55,0.001,2.664,,,
arm,2019,,10/5/2019 8:00,0.001,2.665,,,
arm,2019,,10/5/2019 8:05,0.002,2.667,,,
arm,2019,,10/5/2019 8:10,0.002,2.669,,,
arm,2019,,10/5/2019 8:15,0.004,2.673,,4063,
arm,2019,,10/5/2019 8:20,0.002,2.675,,4063,
arm,2019,,10/5/2019 8:25,0.001,2.676,,4063,
arm,2019,,10/5/2019 11:50,0,2.676,,4063,
arm,2019,,10/9/2019 17:35,0.001,2.677,,,
arm,2019,,10/9/2019 17:40,0.002,2.679,,,
arm,2019,,10/9/2019 17:45,0.002,2.681,,,
arm,2019,,10/10/2019 4:15,0.003,2.684,,,
arm,2019,,10/10/2019 4:20,0.001,2.685,,,
arm,2019,,10/10/2019 4:25,0.005,2.69,,4065,
arm,2019,,10/10/2019 4:30,0.001,2.691,,4065,
arm,2019,,10/10/2019 4:35,0.001,2.692,,4065,
arm,2019,,10/10/2019 4:45,0.001,2.693,,4065,
arm,2019,,10/10/2019 6:40,0.001,2.694,,4065,
arm,2019,,10/10/2019 6:50,0.001,2.695,,4065,
arm,2019,,10/10/2019 7:00,0.001,2.696,,4065,
arm,2019,,10/10/2019 17:40,0,2.696,,4065,
arm,2019,,10/10/2019 18:10,0.001,2.697,,,
arm,2019,,10/20/2019 21:15,0.001,2.698,,,
arm,2019,,10/20/2019 22:35,0.001,2.699,,,
arm,2019,,10/20/2019 22:50,0.001,2.7,,,
arm,2019,,10/20/2019 22:55,0.001,2.701,,,
arm,2019,,10/20/2019 23:00,0.001,2.702,,,
arm,2019,,10/21/2019 15:00,0.001,2.703,,,
arm,2020,,4/20/2020 12:55,0.001,2.704,,,
arm,2020,,4/22/2020 22:55,0.001,2.705,,,
arm,2020,,5/7/2020 22:25,0.001,2.706,,,1
arm,2020,,5/14/2020 0:15,0.001,2.707,,,1
arm,2020,,5/14/2020 12:35,0.001,2.708,,,1
arm,2020,,5/14/2020 13:25,0.002,2.71,,,1
arm,2020,,5/14/2020 13:30,0.001,2.711,,,1
arm,2020,,5/14/2020 13:40,0.001,2.712,,,1
arm,2020,,5/14/2020 13:50,0.001,2.713,,,1
arm,2020,,5/14/2020 13:55,0.001,2.714,,,1
arm,2020,,5/14/2020 14:00,0.001,2.715,,,1
arm,2020,,5/16/2020 21:30,0.002,2.717,,,1
arm,2020,,5/16/2020 21:35,0.003,2.72,,,1
arm,2020,,5/16/2020 21:40,0.006,2.726,,,1
arm,2020,,5/16/2020 21:45,0.005,2.731,,,1
arm,2020,,5/16/2020 21:50,0.001,2.732,,,1
arm,2020,,5/22/2020 4:40,0.001,2.733,,,1
arm,2020,,5/23/2020 0:50,0.001,2.734,,,1
arm,2020,,5/23/2020 0:55,0.001,2.735,,,1
arm,2020,,5/23/2020 1:00,0.001,2.736,,,1
arm,2020,,5/23/2020 1:05,0.001,2.737,,,1
arm,2020,,5/23/2020 1:10,0.001,2.738,,,1
arm,2020,,5/23/2020 1:15,0.001,2.739,,,1
arm,2020,,5/23/2020 1:20,0.001,2.74,,,1
arm,2020,,5/23/2020 1:30,0.001,2.741,,,1
arm,2020,,5/23/2020 1:35,0.001,2.742,,,1
arm,2020,,5/23/2020 1:40,0.001,2.743,,,1
arm,2020,,5/23/2020 1:45,0.001,2.744,,,1
arm,2020,,5/24/2020 7:05,0.002,2.746,,,1
arm,2020,,5/24/2020 7:10,0.003,2.749,,,1
arm,2020,,5/24/2020 7:15,0.003,2.752,,,1
arm,2020,,5/24/2020 7:20,0.003,2.755,,,1
arm,2020,,5/24/2020 7:25,0.002,2.757,,,1
arm,2020,,5/24/2020 7:30,0.003,2.76,,,1
arm,2020,,5/24/2020 7:35,0.002,2.762,,,1
arm,2020,,5/24/2020 7:40,0.001,2.763,,,1
arm,2020,,5/24/2020 7:45,0.002,2.765,,,1
arm,2020,,5/24/2020 7:50,0.002,2.767,,,1
arm,2020,,5/24/2020 7:55,0.001,2.768,,,1
arm,2020,,5/24/2020 8:05,0.001,2.769,,,1
arm,2020,,5/24/2020 8:10,0.001,2.77,,,1
arm,2020,,5/24/2020 8:15,0.001,2.771,,,1
arm,2020,,5/25/2020 21:05,0.002,2.773,,,1
arm,2020,,5/25/2020 21:10,0.002,2.775,,,1
arm,2020,,5/25/2020 21:15,0.002,2.777,,,1
arm,2020,,5/25/2020 21:20,0.001,2.778,,,1
arm,2020,,5/26/2020 6:00,0.001,2.779,,,1
arm,2020,,5/26/2020 6:05,0.001,2.78,,,1
arm,2020,,5/26/2020 13:10,0.001,2.781,,,1
arm,2020,,5/26/2020 17:30,0.001,2.782,,,1
arm,2020,,5/26/2020 17:35,0.001,2.783,,,1
arm,2020,,5/26/2020 17:40,0.001,2.784,,,1
arm,2020,,5/27/2020 8:45,0,2.784,,,1
arm,2020,,5/27/2020 8:45,0,2.784,,,2
arm,2020,,6/9/2020 21:45,0.003,2.787,,,2
arm,2020,,6/9/2020 21:50,0.007,2.794,,,2
arm,2020,,6/9/2020 21:55,0.003,2.797,,,2
arm,2020,,6/9/2020 22:40,0.001,2.798,,,2
arm,2020,,6/10/2020 5:05,0.001,2.799,,,2
arm,2020,,6/19/2020 3:20,0.001,2.8,,,2
arm,2020,,6/19/2020 3:25,0.001,2.801,,,2
arm,2020,,6/19/2020 3:40,0.001,2.802,,,2
arm,2020,,6/19/2020 3:45,0.001,2.803,,,2
arm,2020,,6/19/2020 3:50,0.001,2.804,,,2
arm,2020,,6/25/2020 8:45,0,2.804,,,2
arm,2020,,6/25/2020 8:45,0,2.804,,,3
arm,2020,,6/28/2020 5:25,0.001,2.805,,,3
arm,2020,,6/28/2020 5:30,0.001,2.806,,,3
arm,2020,,6/28/2020 6:30,0.001,2.807,,,3
arm,2020,,7/1/2020 2:15,0.001,2.808,,,3
arm,2020,,7/1/2020 2:20,0.002,2.81,,,3
arm,2020,,7/1/2020 2:25,0.005,2.815,,,3
arm,2020,,7/1/2020 2:30,0.004,2.819,,,3
arm,2020,,7/1/2020 2:35,0.002,2.821,,,3
arm,2020,,7/1/2020 2:40,0.001,2.822,,,3
arm,2020,,7/1/2020 2:45,0.001,2.823,,,3
arm,2020,,7/1/2020 3:05,0.001,2.824,,,3
arm,2020,,7/1/2020 3:25,0.001,2.825,,,3
arm,2020,,7/1/2020 3:30,0.001,2.826,,,3
arm,2020,,7/1/2020 4:30,0.001,2.827,,,3
arm,2020,,7/1/2020 4:45,0.001,2.828,,,3
arm,2020,,7/1/2020 4:50,0.001,2.829,,,3
arm,2020,,7/15/2020 7:30,0.001,2.83,,,3
arm,2020,,7/15/2020 7:45,0.001,2.831,,,3
arm,2020,,7/18/2020 5:55,0.001,2.832,,,3
arm,2020,,7/20/2020 8:10,0.001,2.833,,,3
arm,2020,,7/23/2020 8:45,0.001,2.834,,,3
arm,2020,,7/23/2020 8:50,0.001,2.835,,,3
arm,2020,,7/23/2020 8:55,0.001,2.836,,,3
arm,2020,,7/23/2020 9:00,0.003,2.839,,,3
arm,2020,,7/23/2020 9:05,0.001,2.84,,,3
arm,2020,,7/23/2020 9:10,0.001,2.841,,,3
arm,2020,,7/23/2020 9:20,0.001,2.842,,,3
arm,2020,,7/23/2020 9:25,0.007,2.849,,,3
arm,2020,,7/23/2020 9:30,0.007,2.856,,,3
arm,2020,,7/23/2020 9:35,0.004,2.86,,,3
arm,2020,,7/23/2020 9:40,0.001,2.861,,,3
arm,2020,,7/23/2020 9:45,0.001,2.862,,,3
arm,2020,,7/23/2020 9:50,0.001,2.863,,,3
arm,2020,,7/23/2020 9:55,0.002,2.865,,,3
arm,2020,,7/23/2020 10:00,0.002,2.867,,,3
arm,2020,,7/23/2020 10:05,0.001,2.868,,,3
arm,2020,,7/23/2020 10:10,0.002,2.87,,,3
arm,2020,,7/23/2020 10:15,0.001,2.871,,,3
arm,2020,,7/23/2020 10:20,0.001,2.872,,,3
arm,2020,,7/23/2020 10:30,0.001,2.873,,,3
arm,2020,,7/23/2020 10:35,0.001,2.874,,,3
arm,2020,,7/26/2020 10:35,0.003,2.877,,,3
arm,2020,,7/26/2020 10:40,0.002,2.879,,,3
arm,2020,,7/26/2020 10:55,0.001,2.88,,,3
arm,2020,,7/26/2020 11:05,0.001,2.881,,,3
arm,2020,,7/26/2020 11:10,0.001,2.882,,,3
arm,2020,,7/26/2020 11:15,0.001,2.883,,,3
arm,2020,,7/26/2020 11:20,0.001,2.884,,,3
arm,2020,,7/26/2020 11:25,0.001,2.885,,,3
arm,2020,,7/26/2020 11:30,0.001,2.886,,,3
arm,2020,,7/26/2020 12:20,0.001,2.887,,,3
arm,2020,,7/29/2020 14:55,0.001,2.888,,,3
arm,2020,,7/29/2020 15:00,0.001,2.889,,,3
arm,2020,,7/29/2020 23:15,0.001,2.89,,,3
arm,2020,,7/29/2020 23:20,0.001,2.891,,,3
arm,2020,,7/29/2020 23:40,0.001,2.892,,,3
arm,2020,,7/29/2020 23:45,0.002,2.894,,,3
arm,2020,,7/29/2020 23:50,0.003,2.897,,,3
arm,2020,,7/29/2020 23:55,0.001,2.898,,,3
arm,2020,,8/1/2020 17:15,0.001,2.899,,,3
arm,2020,,8/1/2020 17:20,0.001,2.9,,,3
arm,2020,,8/4/2020 8:45,0,2.9,,,3
arm,2020,,8/9/2020 8:10,0.001,2.901,,,
arm,2020,,9/7/2020 21:15,0.001,2.902,,,
arm,2020,,9/7/2020 23:50,0.001,2.903,,,
arm,2020,,9/8/2020 0:15,0.001,2.904,,,
arm,2020,,9/8/2020 0:20,0.001,2.905,,,
arm,2020,,9/8/2020 0:35,0.001,2.906,,,
arm,2020,,9/8/2020 0:50,0.001,2.907,,,
arm,2020,,9/8/2020 0:55,0.001,2.908,,,
arm,2020,,9/8/2020 1:05,0.001,2.909,,,
arm,2020,,9/8/2020 1:15,0.001,2.91,,,
arm,2020,,9/8/2020 1:20,0.001,2.911,,,
arm,2020,,9/8/2020 1:25,0.001,2.912,,,
arm,2020,,9/8/2020 1:35,0.001,2.913,,,
arm,2020,,9/8/2020 1:40,0.001,2.914,,,
arm,2020,,9/8/2020 14:50,0.001,2.915,,,
arm,2020,,9/8/2020 15:35,0.001,2.916,,,
arm,2020,,9/8/2020 15:40,0.001,2.917,,,
arm,2020,,9/8/2020 15:45,0.001,2.918,,,
arm,2020,,9/8/2020 15:50,0.001,2.919,,,
arm,2020,,9/8/2020 16:05,0.001,2.92,,,
arm,2020,,9/8/2020 16:15,0.001,2.921,,,
arm,2020,,9/8/2020 16:30,0.001,2.922,,,
arm,2020,,9/8/2020 18:20,0.001,2.923,,,
arm,2020,,9/8/2020 18:30,0.001,2.924,,,
arm,2020,,9/8/2020 21:10,0.001,2.925,,,
arm,2020,,9/9/2020 2:40,0.002,2.927,,,
arm,2020,,9/9/2020 2:45,0.002,2.929,,,
arm,2020,,9/9/2020 2:50,0.002,2.931,,,
arm,2020,,9/9/2020 2:55,0.001,2.932,,,
arm,2020,,9/9/2020 3:00,0.001,2.933,,,
arm,2020,,9/9/2020 3:05,0.001,2.934,,,
arm,2020,,9/9/2020 3:10,0.001,2.935,,,
arm,2020,,9/9/2020 3:30,0.001,2.936,,,
arm,2020,,9/9/2020 3:35,0.001,2.937,,,
arm,2020,,9/9/2020 3:40,0.001,2.938,,,
arm,2020,,9/9/2020 4:35,0.001,2.939,,,
arm,2020,,9/9/2020 4:45,0.001,2.94,,,
arm,2020,,9/9/2020 5:55,0.001,2.941,,,
arm,2020,,9/9/2020 6:00,0.001,2.942,,,
arm,2020,,9/9/2020 6:05,0.001,2.943,,,
arm,2020,,9/9/2020 6:15,0.001,2.944,,,
arm,2020,,9/9/2020 6:40,0.001,2.945,,,
arm,2020,,9/9/2020 8:30,0.001,2.946,,,
arm,2020,,9/9/2020 8:35,0.001,2.947,,,
arm,2020,,9/9/2020 12:00,0.001,2.948,,,
arm,2020,,9/10/2020 2:25,0.001,2.949,,,
arm,2020,,9/10/2020 2:30,0.001,2.95,,,
arm,2020,,9/11/2020 22:00,0.001,2.951,,,
arm,2020,,9/11/2020 22:05,0.001,2.952,,,
arm,2020,,9/27/2020 9:50,0.001,2.953,,,
arm,2020,,10/3/2020 0:20,0.001,2.954,,,
arm,2020,,10/3/2020 0:30,0.001,2.955,,,
arm,2021,,4/7/2021 2:00,0.001,2.956,,,
arm,2021,,4/7/2021 2:05,0.001,2.957,,,
arm,2021,,4/7/2021 18:10,0.001,2.958,,,
arm,2021,,4/7/2021 18:50,0.001,2.959,,,
arm,2021,,4/7/2021 18:55,0.001,2.96,,,
arm,2021,,4/8/2021 1:55,0.001,2.961,,,
arm,2021,,5/8/2021 21:20,0.001,2.962,,,
arm,2021,,5/8/2021 21:25,0.002,2.964,,,
arm,2021,,5/8/2021 21:30,0.003,2.967,,,
arm,2021,,5/8/2021 21:35,0.004,2.971,,,
arm,2021,,5/8/2021 21:40,0.003,2.974,,,
arm,2021,,5/8/2021 21:45,0.002,2.976,,,
arm,2021,,5/8/2021 21:50,0.002,2.978,,,
arm,2021,,5/8/2021 21:55,0.002,2.98,,,
arm,2021,,5/8/2021 22:00,0.001,2.981,,,
arm,2021,,5/8/2021 22:05,0.001,2.982,,,
arm,2021,,5/8/2021 22:10,0.002,2.984,,,
arm,2021,,5/8/2021 22:15,0.001,2.985,,,
arm,2021,,5/8/2021 23:25,0.001,2.986,,,
arm,2021,,5/8/2021 23:30,0.001,2.987,,,
arm,2021,,5/8/2021 23:35,0.001,2.988,,,
arm,2021,,5/9/2021 0:15,0.001,2.989,,,
arm,2021,,5/9/2021 0:30,0.001,2.99,,,
arm,2021,,5/9/2021 1:05,0.001,2.991,,,
arm,2021,,5/9/2021 1:10,0.001,2.992,,,
arm,2021,,5/9/2021 1:15,0.001,2.993,,,
arm,2021,,5/9/2021 1:20,0.001,2.994,,,
arm,2021,,5/19/2021 8:35,0.003,2.997,,,
arm,2021,,5/19/2021 8:40,0.001,2.998,,,
arm,2021,,5/20/2021 18:00,0.001,2.999,,,
arm,2021,,5/20/2021 18:15,0.001,3,,,
arm,2021,,5/20/2021 18:20,0.001,3.001,,,
arm,2021,,5/20/2021 18:25,0.001,3.002,,,
arm,2021,,5/22/2021 9:05,0.001,3.003,,,
arm,2021,,5/25/2021 22:35,0.002,3.005,,,
arm,2021,,5/27/2021 3:45,0.001,3.006,,,
arm,2021,,5/27/2021 3:50,0.001,3.007,,,
arm,2021,,5/27/2021 3:55,0.001,3.008,,,
arm,2021,,5/27/2021 4:00,0.001,3.009,,,
arm,2021,,5/27/2021 4:05,0.003,3.012,,,
arm,2021,,5/27/2021 4:10,0.002,3.014,,,
arm,2021,,5/27/2021 4:15,0.001,3.015,,,
arm,2021,,5/27/2021 4:20,0.002,3.017,,,
arm,2021,,5/27/2021 4:25,0.002,3.019,,,
arm,2021,,5/27/2021 4:30,0.001,3.02,,,
arm,2021,,5/27/2021 4:40,0.003,3.023,,,
arm,2021,,5/27/2021 4:45,0.002,3.025,,,
arm,2021,,5/27/2021 4:50,0.002,3.027,,,
arm,2021,,6/17/2021 0:55,0.001,3.028,,,
arm,2021,,6/17/2021 1:10,0.001,3.029,,,
arm,2021,,6/17/2021 1:15,0.001,3.03,,,
arm,2021,,6/18/2021 23:35,0.006,3.036,,,
arm,2021,,6/18/2021 23:40,0.006,3.042,,,
arm,2021,,6/18/2021 23:45,0.002,3.044,,,
arm,2021,,6/19/2021 0:20,0.001,3.045,,,
arm,2021,,6/19/2021 0:25,0.002,3.047,,,
arm,2021,,6/19/2021 0:30,0.002,3.049,,,
arm,2021,,6/20/2021 2:10,0.001,3.05,,,
arm,2021,,6/20/2021 2:50,0.001,3.051,,,
arm,2021,,6/20/2021 2:55,0.002,3.053,,,
arm,2021,,6/20/2021 3:00,0.001,3.054,,,
arm,2021,,6/20/2021 3:10,0.001,3.055,,,
arm,2021,,6/20/2021 3:15,0.002,3.057,,,
arm,2021,,6/20/2021 3:20,0.001,3.058,,,
arm,2021,,6/20/2021 3:25,0.001,3.059,,,
arm,2021,,6/20/2021 7:55,0.001,3.06,,,
arm,2021,,6/24/2021 3:55,0.001,3.061,,,
arm,2021,,6/24/2021 4:00,0.001,3.062,,,
arm,2021,,6/24/2021 4:05,0.002,3.064,,,
arm,2021,,6/24/2021 4:10,0.002,3.066,,,
arm,2021,,6/24/2021 4:15,0.001,3.067,,,
arm,2021,,6/24/2021 4:20,0.001,3.068,,,
arm,2021,,6/24/2021 20:20,0.001,3.069,,,
arm,2021,,6/24/2021 20:30,0.001,3.07,,,
arm,2021,,6/24/2021 21:00,0.001,3.071,,,
arm,2021,,6/24/2021 21:05,0.001,3.072,,,
arm,2021,,6/26/2021 1:35,0.001,3.073,,,
arm,2021,,6/26/2021 1:40,0.001,3.074,,,
arm,2021,,6/26/2021 4:25,0.001,3.075,,,
arm,2021,,6/28/2021 17:10,0.001,3.076,,,
arm,2021,,7/7/2021 4:00,0.001,3.077,,,
arm,2021,,7/7/2021 4:10,0.001,3.078,,,
arm,2021,,7/7/2021 4:30,0.001,3.079,,,
arm,2021,,7/7/2021 5:30,0.001,3.08,,,
arm,2021,,7/7/2021 5:50,0.001,3.081,,,
arm,2021,,7/7/2021 5:55,0.002,3.083,,,
arm,2021,,7/7/2021 6:05,0.001,3.084,,,
arm,2021,,7/7/2021 6:10,0.001,3.085,,,
arm,2021,,7/7/2021 6:25,0.001,3.086,,,
arm,2021,,7/7/2021 6:30,0.001,3.087,,,
arm,2021,,7/7/2021 6:45,0.001,3.088,,,
arm,2021,,7/9/2021 3:25,0.001,3.089,,,
arm,2021,,7/10/2021 0:00,0.001,3.09,,,
arm,2021,,7/10/2021 0:05,0.01,3.1,,,
arm,2021,,7/10/2021 0:10,0.012,3.112,,,
arm,2021,,7/10/2021 0:15,0.008,3.12,,,
arm,2021,,7/10/2021 0:20,0.008,3.128,,,
arm,2021,,7/10/2021 0:25,0.004,3.132,,,
arm,2021,,7/10/2021 0:30,0.002,3.134,,,
arm,2021,,7/10/2021 0:35,0.002,3.136,,,
arm,2021,,7/10/2021 0:40,0.002,3.138,,,
arm,2021,,7/10/2021 0:45,0.002,3.14,,,
arm,2021,,7/10/2021 0:50,0.002,3.142,,,
arm,2021,,7/10/2021 0:55,0.001,3.143,,,
arm,2021,,7/10/2021 1:00,0.001,3.144,,,
arm,2021,,7/10/2021 2:00,0.001,3.145,,,
arm,2021,,7/10/2021 2:20,0.001,3.146,,,
arm,2021,,7/10/2021 2:45,0.001,3.147,,,
arm,2021,,7/10/2021 2:55,0.001,3.148,,,
arm,2021,,7/10/2021 3:00,0.001,3.149,,,
arm,2021,,7/10/2021 15:20,0.001,3.15,,,
arm,2021,,7/10/2021 15:25,0.002,3.152,,,
arm,2021,,7/10/2021 15:30,0.002,3.154,,,
arm,2021,,7/10/2021 15:35,0.001,3.155,,,
arm,2021,,7/10/2021 15:40,0.001,3.156,,,
arm,2021,,7/10/2021 15:45,0.001,3.157,,,
arm,2021,,7/13/2021 17:05,0.001,3.158,,,
arm,2021,,7/15/2021 6:50,0.001,3.159,,,
arm,2021,,7/15/2021 6:55,0.001,3.16,,,
arm,2021,,7/15/2021 7:00,0.001,3.161,,,
arm,2021,,7/15/2021 7:05,0.001,3.162,,,
arm,2021,,7/15/2021 7:10,0.001,3.163,,,
arm,2021,,7/30/2021 8:05,0.001,3.164,,,
arm,2021,,7/30/2021 8:10,0.003,3.167,,,
arm,2021,,7/30/2021 8:15,0.001,3.168,,,
arm,2021,,7/30/2021 8:20,0.001,3.169,,,
arm,2021,,7/30/2021 20:30,0.001,3.17,,,
arm,2021,,7/30/2021 20:35,0.001,3.171,,,
arm,2021,,7/30/2021 20:40,0.001,3.172,,,
arm,2021,,7/30/2021 20:45,0.004,3.176,,,
arm,2021,,7/30/2021 20:50,0.007,3.183,,,
arm,2021,,7/30/2021 20:55,0.002,3.185,,,
arm,2021,,7/31/2021 1:55,0.001,3.186,,,
arm,2021,,7/31/2021 2:00,0.002,3.188,,,
arm,2021,,7/31/2021 2:05,0.002,3.19,,,
arm,2021,,7/31/2021 2:10,0.007,3.197,,,
arm,2021,,7/31/2021 2:15,0.007,3.204,,,
arm,2021,,7/31/2021 2:20,0.009,3.213,,,
arm,2021,,7/31/2021 2:25,0.008,3.221,,,
arm,2021,,7/31/2021 2:30,0.005,3.226,,,
arm,2021,,7/31/2021 2:35,0.003,3.229,,,
arm,2021,,7/31/2021 2:40,0.002,3.231,,,
arm,2021,,7/31/2021 2:45,0.002,3.233,,,
arm,2021,,7/31/2021 2:50,0.001,3.234,,,
arm,2021,,7/31/2021 2:55,0.001,3.235,,,
arm,2021,,7/31/2021 4:10,0.001,3.236,,,
arm,2021,,7/31/2021 4:15,0.001,3.237,,,
arm,2021,,7/31/2021 4:20,0.001,3.238,,,
arm,2021,,7/31/2021 4:25,0.001,3.239,,,
arm,2021,,7/31/2021 4:30,0.001,3.24,,,
arm,2021,,7/31/2021 4:35,0.001,3.241,,,
arm,2021,,7/31/2021 4:45,0.001,3.242,,,
arm,2021,,7/31/2021 4:50,0.001,3.243,,,
arm,2021,,7/31/2021 4:55,0.001,3.244,,,
arm,2021,,7/31/2021 5:00,0.001,3.245,,,
arm,2021,,7/31/2021 5:15,0.001,3.246,,,
arm,2021,,7/31/2021 5:40,0.001,3.247,,,
arm,2021,,8/6/2021 2:55,0.003,3.25,,,
arm,2021,,8/6/2021 3:00,0.001,3.251,,,
arm,2021,,8/7/2021 12:00,0.001,3.252,,,
arm,2021,,8/7/2021 12:05,0.001,3.253,,,
arm,2021,,8/8/2021 0:35,0.001,3.254,,,
arm,2021,,8/8/2021 0:55,0.001,3.255,,,
arm,2021,,8/8/2021 1:05,0.001,3.256,,,
arm,2021,,8/8/2021 1:10,0.001,3.257,,,
arm,2021,,8/8/2021 1:15,0.001,3.258,,,
arm,2021,,8/8/2021 1:20,0.001,3.259,,,
arm,2021,,8/8/2021 1:25,0.001,3.26,,,
arm,2021,,8/8/2021 1:30,0.001,3.261,,,
arm,2021,,8/8/2021 1:35,0.001,3.262,,,
arm,2021,,8/8/2021 1:50,0.001,3.263,,,
arm,2021,,8/25/2021 4:25,0.001,3.264,,,
arm,2021,,8/29/2021 5:25,0.001,3.265,,,
arm,2021,,8/31/2021 1:10,0.001,3.266,,,
arm,2021,,8/31/2021 1:15,0.001,3.267,,,
arm,2021,,8/31/2021 1:20,0.002,3.269,,,
arm,2021,,8/31/2021 1:25,0.003,3.272,,,
arm,2021,,8/31/2021 1:30,0.005,3.277,,,
arm,2021,,8/31/2021 1:35,0.004,3.281,,,
arm,2021,,8/31/2021 1:40,0.001,3.282,,,
arm,2021,,8/31/2021 1:45,0.001,3.283,,,
arm,2021,,8/31/2021 2:30,0.001,3.284,,,
arm,2021,,8/31/2021 2:35,0.001,3.285,,,
arm,2021,,8/31/2021 2:40,0.001,3.286,,,
arm,2021,,8/31/2021 2:45,0.001,3.287,,,
arm,2021,,8/31/2021 2:50,0.001,3.288,,,
arm,2021,,8/31/2021 2:55,0.001,3.289,,,
arm,2021,,8/31/2021 3:00,0.001,3.29,,,
arm,2021,,8/31/2021 3:05,0.001,3.291,,,
arm,2021,,8/31/2021 3:10,0.001,3.292,,,
arm,2021,,8/31/2021 3:15,0.001,3.293,,,
arm,2021,,8/31/2021 3:40,0.001,3.294,,,
arm,2021,,8/31/2021 3:45,0.001,3.295,,,
arm,2021,,8/31/2021 3:50,0.001,3.296,,,
arm,2021,,8/31/2021 3:55,0.001,3.297,,,
arm,2021,,8/31/2021 4:05,0.001,3.298,,,
arm,2021,,8/31/2021 4:10,0.001,3.299,,,
arm,2021,,8/31/2021 4:20,0.001,3.3,,,
arm,2021,,8/31/2021 4:30,0.001,3.301,,,
arm,2021,,8/31/2021 4:40,0.001,3.302,,,
arm,2021,,8/31/2021 4:50,0.001,3.303,,,
arm,2021,,8/31/2021 4:55,0.001,3.304,,,
arm,2021,,8/31/2021 5:05,0.001,3.305,,,
arm,2021,,8/31/2021 5:10,0.001,3.306,,,
arm,2021,,8/31/2021 5:20,0.001,3.307,,,
arm,2021,,8/31/2021 5:25,0.001,3.308,,,
arm,2021,,8/31/2021 5:35,0.001,3.309,,,
arm,2021,,8/31/2021 5:40,0.001,3.31,,,
arm,2021,,8/31/2021 7:30,0.001,3.311,,,
arm,2021,,8/31/2021 7:40,0.001,3.312,,,
arm,2021,,8/31/2021 7:45,0.001,3.313,,,
arm,2021,,8/31/2021 7:55,0.001,3.314,,,
arm,2021,,9/3/2021 1:25,0.001,3.315,,,
arm,2021,,9/3/2021 1:40,0.001,3.316,,,
arm,2021,,9/3/2021 1:45,0.001,3.317,,,
arm,2021,,9/3/2021 2:45,0.001,3.318,,,
arm,2021,,9/3/2021 2:50,0.001,3.319,,,
arm,2021,,9/3/2021 3:00,0.001,3.32,,,
arm,2021,,9/17/2021 8:50,0.001,3.321,,,
arm,2021,,9/30/2021 1:40,0.001,3.322,,,
arm,2021,,9/30/2021 1:45,0.004,3.326,,,
arm,2021,,9/30/2021 1:50,0.001,3.327,,,
arm,2021,,9/30/2021 3:00,0.001,3.328,,,
arm,2021,,9/30/2021 3:10,0.003,3.331,,,
arm,2021,,9/30/2021 3:35,0.003,3.334,,,
arm,2021,,9/30/2021 3:40,0.001,3.335,,,
arm,2021,,9/30/2021 3:45,0.001,3.336,,,
arm,2021,,9/30/2021 3:50,0.003,3.339,,,
arm,2021,,9/30/2021 3:55,0.007,3.346,,,
arm,2021,,9/30/2021 4:00,0.003,3.349,,,
arm,2021,,9/30/2021 4:05,0.001,3.35,,,
arm,2021,,9/30/2021 4:10,0.001,3.351,,,
arm,2021,,9/30/2021 4:20,0.002,3.353,,,
arm,2021,,9/30/2021 4:25,0.002,3.355,,,
arm,2021,,9/30/2021 4:30,0.002,3.357,,,
arm,2021,,9/30/2021 4:35,0.003,3.36,,,
arm,2021,,9/30/2021 4:40,0.003,3.363,,,
arm,2021,,9/30/2021 4:45,0.004,3.367,,,
arm,2021,,9/30/2021 4:50,0.001,3.368,,,
arm,2021,,10/13/2021 2:30,0.001,3.369,,,
arm,2021,,10/13/2021 3:30,0.001,3.37,,,
arm,2021,,10/13/2021 3:50,0.001,3.371,,,
arm,2021,,10/13/2021 3:55,0.005,3.376,,,
arm,2021,,10/13/2021 4:00,0.001,3.377,,,
arm,2021,,10/13/2021 4:05,0.001,3.378,,,
arm,2021,,10/13/2021 4:10,0.004,3.382,,,
arm,2021,,10/13/2021 4:15,0.002,3.384,,,
arm,2021,,10/13/2021 4:20,0.002,3.386,,,
arm,2021,,10/13/2021 4:25,0.004,3.39,,,
arm,2021,,10/13/2021 4:30,0.001,3.391,,,
arm,2021,,10/13/2021 4:45,0.001,3.392,,,
arm,2021,,10/13/2021 4:50,0.002,3.394,,,
arm,2021,,10/13/2021 4:55,0.001,3.395,,,
arm,2021,,10/24/2021 1:50,0.002,3.397,,,
arm,2021,,10/24/2021 1:55,0.001,3.398,,,
arm,2021,,10/24/2021 2:00,0.001,3.399,,,
arm,2021,,10/24/2021 2:05,0.001,3.4,,,
arm,2021,,10/24/2021 2:40,0.001,3.401,,,
arm,2021,,10/24/2021 2:50,0.001,3.402,,,
arm,2021,,10/24/2021 3:45,0.001,3.403,,,
arm,2021,,10/24/2021 3:55,0.001,3.404,,,
arm,2021,,10/24/2021 4:00,0.001,3.405,,,
arm,2021,,10/24/2021 4:20,0.001,3.406,,,
arm,2021,,10/24/2021 4:30,0.001,3.407,,,
arm,2021,,10/24/2021 4:45,0.001,3.408,,,
arm,2021,,10/24/2021 4:50,0.001,3.409,,,
arm,2021,,10/24/2021 4:55,0.001,3.41,,,
arm,2021,,10/24/2021 5:00,0.001,3.411,,,
arm,2021,,10/24/2021 5:10,0.001,3.412,,,
arm,2021,,10/24/2021 5:15,0.001,3.413,,,
arm,2021,,10/24/2021 6:35,0.001,3.414,,,
arm,2021,,10/24/2021 7:35,0.001,3.415,,,
arm,2021,,10/24/2021 7:40,0.001,3.416,,,
arm,2021,,10/24/2021 9:30,0.001,3.417,,,
arm,2021,,10/24/2021 9:35,0.001,3.418,,,
arm,2021,,10/24/2021 9:45,0.001,3.419,,,
arm,2021,,10/24/2021 9:55,0.001,3.42,,,
arm,2021,,10/24/2021 13:00,0.001,3.421,,,
arm,2021,,10/24/2021 13:30,0.001,3.422,,,
arm,2021,,10/24/2021 14:40,0.001,3.423,,,
arm,2021,,10/24/2021 14:45,0.001,3.424,,,
arm,2021,,10/24/2021 14:50,0.001,3.425,,,
arm,2021,,10/24/2021 14:55,0.001,3.426,,,
arm,2021,,10/24/2021 15:55,0.001,3.427,,,
arm,2021,,10/24/2021 16:05,0.001,3.428,,,
arm,2021,,10/24/2021 16:10,0.001,3.429,,,
arm,2021,,10/24/2021 16:15,0.001,3.43,,,
arm,2021,,10/24/2021 16:20,0.001,3.431,,,
arm,2021,,10/24/2021 16:25,0.001,3.432,,,
arm,2021,,10/24/2021 16:30,0.001,3.433,,,
