site,year,date_time,rain,fstrips,fcontrol,pad,,
arm,2016,3/15/2016 1:55,0.001,,,,,
arm,2016,3/15/2016 2:00,0.001,,,,,
arm,2016,3/15/2016 2:05,0.001,,,,,
arm,2016,3/15/2016 2:10,0.001,,,,,
arm,2016,3/15/2016 2:15,0.001,,,,,
arm,2016,3/15/2016 2:20,0.001,,,,,
arm,2016,3/15/2016 2:25,0.001,,,,,
arm,2016,3/15/2016 2:30,0.001,,,,,
arm,2016,3/23/2016 17:25,0.001,,,,,
arm,2016,3/23/2016 18:00,0.002,,,,,
arm,2016,3/23/2016 18:05,0.002,,,,,
arm,2016,3/23/2016 18:10,0.003,,,,,
arm,2016,3/23/2016 18:15,0.001,,,,,
arm,2016,3/23/2016 18:20,0.001,,,,,
arm,2016,3/23/2016 18:25,0.001,,,,,
arm,2016,4/20/2016 5:20,0.001,,,,,
arm,2016,4/20/2016 5:25,0.002,,,,,
arm,2016,4/20/2016 5:30,0.001,,,,,
arm,2016,4/20/2016 5:55,0.001,,,,,
arm,2016,4/20/2016 6:10,0.001,,,,,
arm,2016,4/20/2016 6:15,0.001,,,,,
arm,2016,4/20/2016 6:20,0.001,,,,,
arm,2016,4/20/2016 6:25,0.001,,,,,
arm,2016,4/20/2016 6:30,0.001,,,,,
arm,2016,4/20/2016 6:35,0.001,,,,,
arm,2016,4/20/2016 6:40,0.001,,,,,
arm,2016,4/20/2016 6:45,0.001,,,,,
arm,2016,4/20/2016 6:50,0.001,,,,,
arm,2016,4/20/2016 6:55,0.001,,,,,
arm,2016,4/20/2016 7:00,0.001,,,,,
arm,2016,4/20/2016 7:05,0.001,,,,,
arm,2016,4/20/2016 7:10,0.001,,,,,
arm,2016,4/20/2016 7:15,0.001,,,,,
arm,2016,4/20/2016 7:20,0.001,,,,,
arm,2016,4/20/2016 7:25,0.001,,,,,
arm,2016,4/20/2016 7:30,0.001,,,,,
arm,2016,4/20/2016 7:35,0.001,,,,,
arm,2016,4/20/2016 7:40,0.001,,,,,
arm,2016,4/20/2016 7:45,0.001,,,,,
arm,2016,4/20/2016 8:45,0.001,,,,,
arm,2016,4/20/2016 8:55,0.001,,,,,
arm,2016,4/20/2016 9:05,0.001,,,,,
arm,2016,4/20/2016 9:10,0.001,,,,,
arm,2016,4/20/2016 9:15,0.001,,,,,
arm,2016,4/20/2016 9:45,0.001,,,,,
arm,2016,4/20/2016 11:15,0.002,,,,,
arm,2016,4/20/2016 11:20,0.001,,,,,
arm,2016,4/24/2016 18:00,0.001,,,,,
arm,2016,4/24/2016 21:25,0.001,,,,,
arm,2016,4/24/2016 21:30,0.001,,,,,
arm,2016,4/24/2016 21:45,0.001,,,,,
arm,2016,4/24/2016 21:50,0.001,,,,,
arm,2016,4/24/2016 22:00,0.001,,,,,
arm,2016,4/27/2016 0:55,0.001,,,,,
arm,2016,4/27/2016 1:10,0.001,,,,,
arm,2016,4/27/2016 1:20,0.001,,,,,
arm,2016,4/27/2016 1:25,0.001,,,,,
arm,2016,4/27/2016 1:35,0.001,,,,,
arm,2016,4/27/2016 1:45,0.001,,,,,
arm,2016,4/27/2016 2:00,0.001,,1001,,,
arm,2016,4/27/2016 2:40,0.001,,1001,,,
arm,2016,4/27/2016 3:15,0.001,,1001,,,
arm,2016,4/27/2016 4:05,0.001,,1001,,,
arm,2016,4/27/2016 4:45,0.001,,1001,,,
arm,2016,4/27/2016 16:20,0.001,,1001,,,
arm,2016,4/27/2016 16:25,0.001,,1001,,,
arm,2016,4/27/2016 16:30,0.003,,1001,,,
arm,2016,4/27/2016 16:35,0.005,,1001,,,
arm,2016,4/27/2016 16:40,0.004,,1001,,,
arm,2016,4/27/2016 16:45,0.004,,1001,,,
arm,2016,4/27/2016 16:50,0.001,,1001,,,
arm,2016,4/27/2016 16:55,0.001,,1001,,,
arm,2016,4/27/2016 17:00,0.002,,1001,,,
arm,2016,4/27/2016 17:05,0.001,,1001,,,
arm,2016,4/27/2016 17:10,0.001,,1001,,,
arm,2016,4/27/2016 17:15,0.001,,1001,,,
arm,2016,4/27/2016 17:20,0.001,,1001,,,
arm,2016,4/27/2016 17:45,0.001,,1001,,,
arm,2016,4/27/2016 18:00,0.001,,1001,,,
arm,2016,4/27/2016 18:05,0.001,,1001,,,
arm,2016,4/27/2016 18:15,0.001,,1001,,,
arm,2016,4/27/2016 18:30,0.001,,1001,,,
arm,2016,4/27/2016 18:40,0.001,,1001,,,
arm,2016,4/27/2016 18:50,0.001,,1001,,,
arm,2016,4/30/2016 3:45,0.001,,1001,,,
arm,2016,4/30/2016 4:25,0.001,,1001,,,
arm,2016,4/30/2016 4:30,0.001,,1001,,,
arm,2016,4/30/2016 5:35,0.001,,1001,,,
arm,2016,4/30/2016 5:45,0.001,,1001,,,
arm,2016,4/30/2016 5:55,0.001,,1001,,,
arm,2016,4/30/2016 6:00,0.001,,1001,,,
arm,2016,4/30/2016 6:05,0.001,,1001,,,
arm,2016,4/30/2016 6:10,0.001,,1001,,,
arm,2016,4/30/2016 6:15,0.001,,1001,,,
arm,2016,4/30/2016 6:20,0.001,,1001,,,
arm,2016,4/30/2016 6:25,0.001,,1001,,,
arm,2016,4/30/2016 6:30,0.001,,1001,,,
arm,2016,4/30/2016 6:40,0.001,,1001,,,
arm,2016,4/30/2016 6:45,0.001,,1001,,,
arm,2016,4/30/2016 6:50,0.001,,1001,,,
arm,2016,4/30/2016 6:55,0.001,,1001,,,
arm,2016,4/30/2016 7:00,0.001,,1001,,,
arm,2016,4/30/2016 7:05,0.001,,1001,,,
arm,2016,4/30/2016 7:10,0.001,,1001,,,
arm,2016,4/30/2016 7:20,0.001,,1001,,,
arm,2016,4/30/2016 7:25,0.001,,1001,,,
arm,2016,4/30/2016 7:30,0.001,,1001,,,
arm,2016,4/30/2016 7:45,0.001,,1001,,,
arm,2016,4/30/2016 7:50,0.001,,1001,,,
arm,2016,4/30/2016 8:05,0.001,,1001,,,
arm,2016,4/30/2016 8:20,0.001,1000,1001,,,
arm,2016,4/30/2016 8:30,0.001,1000,1001,,,
arm,2016,4/30/2016 8:35,0.001,1000,1001,,,
arm,2016,4/30/2016 8:55,0.001,1000,1001,,,
arm,2016,4/30/2016 9:05,0.001,1000,1001,,,
arm,2016,4/30/2016 9:40,0.001,1000,1001,,,
arm,2016,4/30/2016 9:45,0.001,1000,1001,,,
arm,2016,4/30/2016 19:45,0,1000,1001,,,
arm,2016,5/1/2016 9:40,0,,1001,,,
arm,2016,5/9/2016 2:05,0.001,,1006,,,
arm,2016,5/9/2016 2:10,0.001,,1006,,,
arm,2016,5/9/2016 2:15,0.001,,1006,,,
arm,2016,5/9/2016 3:15,0.001,,1006,,,
arm,2016,5/9/2016 3:20,0.003,,1006,,,
arm,2016,5/9/2016 3:25,0.006,,1006,,,
arm,2016,5/9/2016 3:30,0.004,,1006,,,
arm,2016,5/9/2016 3:35,0.001,,1006,,,
arm,2016,5/9/2016 3:40,0.001,,1006,,,
arm,2016,5/9/2016 3:45,0.001,,1006,,,
arm,2016,5/9/2016 5:05,0.001,,1006,,,
arm,2016,5/9/2016 5:10,0.001,,1006,,,
arm,2016,5/9/2016 5:15,0.001,,1006,,,
arm,2016,5/9/2016 7:40,0.001,,1006,,,
arm,2016,5/9/2016 7:45,0.001,,1006,,,
arm,2016,5/9/2016 21:45,0.001,,1006,,,
arm,2016,5/9/2016 21:50,0.001,,1006,,,
arm,2016,5/9/2016 22:10,0.001,,1006,,,
arm,2016,5/9/2016 22:15,0.001,,1006,,,
arm,2016,5/9/2016 22:20,0.001,,1006,,,
arm,2016,5/9/2016 22:25,0.001,,1006,,,
arm,2016,5/9/2016 22:30,0.001,,1006,,,
arm,2016,5/9/2016 22:35,0.001,,1006,,,
arm,2016,5/9/2016 23:15,0.001,,1006,,,
arm,2016,5/9/2016 23:20,0.001,,1006,,,
arm,2016,5/11/2016 8:05,0.001,,1006,,,
arm,2016,5/11/2016 8:10,0.003,,1006,,,
arm,2016,5/11/2016 8:15,0.003,,1006,,,
arm,2016,5/11/2016 8:20,0.001,,1006,,,
arm,2016,5/11/2016 8:25,0.001,,1006,,,
arm,2016,5/11/2016 8:30,0.002,,1006,,,
arm,2016,5/11/2016 8:35,0.002,,1006,,,
arm,2016,5/11/2016 8:40,0.001,,1006,,,
arm,2016,5/11/2016 8:45,0.001,,1006,,,
arm,2016,5/11/2016 8:50,0.001,,1006,,,
arm,2016,5/12/2016 8:45,0,,1006,,,
arm,2016,5/19/2016 8:45,0,,,1,,
arm,2016,5/24/2016 1:30,0.002,,,1,,
arm,2016,5/24/2016 1:35,0.001,,,1,,
arm,2016,5/25/2016 2:45,0.001,,,1,,
arm,2016,5/25/2016 2:50,0.002,,,1,,
arm,2016,5/25/2016 2:55,0.001,,,1,,
arm,2016,5/25/2016 6:40,0.001,,,1,,
arm,2016,5/25/2016 6:55,0.001,,,1,,
arm,2016,5/26/2016 0:30,0.001,,1008,1,,
arm,2016,5/26/2016 1:50,0.001,,1008,1,,
arm,2016,5/26/2016 1:55,0.001,,1008,1,,
arm,2016,5/26/2016 2:00,0.001,,1008,1,,
arm,2016,5/26/2016 2:10,0.001,,1008,1,,
arm,2016,5/26/2016 2:15,0.001,,1008,1,,
arm,2016,5/26/2016 2:20,0.003,,1008,1,,
arm,2016,5/26/2016 2:25,0.002,,1008,1,,
arm,2016,5/26/2016 2:30,0.001,,1008,1,,
arm,2016,5/26/2016 16:00,0.001,,1008,1,,
arm,2016,5/26/2016 16:05,0.005,,1008,1,,
arm,2016,5/26/2016 16:10,0.006,,1008,1,,
arm,2016,5/26/2016 16:15,0.007,,1008,1,,
arm,2016,5/26/2016 16:20,0.005,,1008,1,,
arm,2016,5/26/2016 16:25,0.002,,1008,1,,
arm,2016,5/26/2016 16:30,0.001,,1008,1,,
arm,2016,5/26/2016 16:35,0.002,,1008,1,,
arm,2016,5/26/2016 16:40,0.001,,1008,1,,
arm,2016,5/26/2016 17:10,0.001,,1008,1,,
arm,2016,5/26/2016 17:45,0.001,,1008,1,,
arm,2016,5/26/2016 17:50,0.001,,1008,1,,
arm,2016,5/26/2016 18:00,0.001,,1008,1,,
arm,2016,5/26/2016 18:05,0.001,,1008,1,,
arm,2016,5/26/2016 18:10,0.001,,1008,1,,
arm,2016,5/26/2016 18:15,0.001,,1008,1,,
arm,2016,5/26/2016 18:20,0.001,,1008,1,,
arm,2016,5/26/2016 18:25,0.001,,1008,1,,
arm,2016,5/26/2016 18:30,0.001,,1008,1,,
arm,2016,5/26/2016 18:35,0.001,,1008,1,,
arm,2016,5/26/2016 18:40,0.001,,1008,1,,
arm,2016,5/26/2016 18:45,0.001,,1008,1,,
arm,2016,5/26/2016 18:50,0.001,,1008,1,,
arm,2016,5/26/2016 18:55,0.001,,1008,1,,
arm,2016,5/26/2016 19:00,0.001,1007,1008,1,,
arm,2016,5/26/2016 19:05,0.001,1007,1008,1,,
arm,2016,5/26/2016 19:10,0.001,1007,1008,1,,
arm,2016,5/26/2016 19:15,0.001,1007,1008,1,,
arm,2016,5/26/2016 19:20,0.001,1007,1008,1,,
arm,2016,5/26/2016 19:25,0.001,1007,1008,1,,
arm,2016,5/27/2016 8:45,0,1007,1008,1,,
arm,2016,5/27/2016 22:55,0.003,,1008,1,,
arm,2016,5/27/2016 23:15,0.001,,1008,1,,
arm,2016,5/27/2016 23:25,0.002,,1008,1,,
arm,2016,5/28/2016 2:45,0.001,,1008,1,,
arm,2016,5/29/2016 2:40,0,,1008,1,,
arm,2016,5/31/2016 11:55,0.001,,,1,,
arm,2016,6/3/2016 20:00,0.001,,,1,,
arm,2016,6/3/2016 20:05,0.001,,,1,,
arm,2016,6/3/2016 20:10,0.001,,,1,,
arm,2016,6/3/2016 20:20,0.001,,,1,,
arm,2016,6/16/2016 8:45,0,,,2,,
arm,2016,6/20/2016 15:30,0.002,,,2,,
arm,2016,6/20/2016 15:35,0.003,,,2,,
arm,2016,6/20/2016 16:10,0.001,,,2,,
arm,2016,6/20/2016 16:15,0.003,,,2,,
arm,2016,6/20/2016 16:20,0.001,,,2,,
arm,2016,6/20/2016 16:30,0.001,,,2,,
arm,2016,6/20/2016 16:50,0.001,,,2,,
arm,2016,6/20/2016 16:55,0.001,,,2,,
arm,2016,6/20/2016 17:00,0.001,,,2,,
arm,2016,6/20/2016 17:05,0.001,,,2,,
arm,2016,6/20/2016 17:10,0.002,,,2,,
arm,2016,6/20/2016 17:20,0.002,,,2,,
arm,2016,6/20/2016 17:25,0.001,,,2,,
arm,2016,6/20/2016 17:30,0.001,,,2,,
arm,2016,6/26/2016 1:50,0.001,,,2,,
arm,2016,6/26/2016 2:05,0.001,,,2,,
arm,2016,6/26/2016 2:10,0.001,,,2,,
arm,2016,6/26/2016 2:15,0.003,,,2,,
arm,2016,6/26/2016 2:20,0.001,,,2,,
arm,2016,6/26/2016 2:30,0.001,,,2,,
arm,2016,6/26/2016 2:35,0.001,,,2,,
arm,2016,6/26/2016 2:40,0.003,,,2,,
arm,2016,6/26/2016 2:45,0.002,,,2,,
arm,2016,6/26/2016 2:50,0.001,,,2,,
arm,2016,6/26/2016 2:55,0.001,,,2,,
arm,2016,6/27/2016 15:15,0.001,,,2,,
arm,2016,6/27/2016 15:20,0.001,,,2,,
arm,2016,6/30/2016 8:45,0,,,2,,
arm,2016,7/2/2016 6:20,0.001,,,,,
arm,2016,7/2/2016 6:25,0.001,,,,,
arm,2016,7/2/2016 6:30,0.001,,,,,
arm,2016,7/2/2016 6:35,0.001,,,,,
arm,2016,7/2/2016 6:40,0.001,,,,,
arm,2016,7/2/2016 6:45,0.001,,,,,
arm,2016,7/2/2016 10:35,0.001,,,,,
arm,2016,7/7/2016 2:05,0.002,,,,,
arm,2016,7/7/2016 2:10,0.005,,,,,
arm,2016,7/7/2016 2:15,0.003,,,,,
arm,2016,7/7/2016 2:20,0.002,,,,,
arm,2016,7/7/2016 2:25,0.002,,,,,
arm,2016,7/7/2016 2:30,0.001,,,,,
arm,2016,7/7/2016 5:10,0.001,,,,,
arm,2016,7/7/2016 5:15,0.001,,,,,
arm,2016,7/7/2016 5:20,0.001,,,,,
arm,2016,7/7/2016 5:30,0.001,,,,,
arm,2016,7/7/2016 5:35,0.001,,,,,
arm,2016,7/7/2016 5:40,0.001,,,,,
arm,2016,7/11/2016 22:20,0.001,,,,,
arm,2016,7/11/2016 22:30,0.001,,,,,
arm,2016,7/11/2016 22:35,0.001,,,,,
arm,2016,7/11/2016 22:40,0.001,,,,,
arm,2016,7/11/2016 22:45,0.001,,,,,
arm,2016,7/11/2016 22:50,0.001,,,,,
arm,2016,7/11/2016 23:00,0.001,,,,,
arm,2016,7/11/2016 23:05,0.001,,,,,
arm,2016,7/11/2016 23:10,0.003,,,,,
arm,2016,7/11/2016 23:15,0.002,,,,,
arm,2016,7/11/2016 23:20,0.002,,,,,
arm,2016,7/11/2016 23:25,0.002,,,,,
arm,2016,7/11/2016 23:30,0.002,,,,,
arm,2016,7/11/2016 23:35,0.002,,,,,
arm,2016,7/11/2016 23:40,0.001,,,,,
arm,2016,7/11/2016 23:45,0.001,,,,,
arm,2016,7/11/2016 23:50,0.001,,,,,
arm,2016,7/12/2016 0:00,0.001,,,,,
arm,2016,7/12/2016 0:15,0.001,,,,,
arm,2016,7/12/2016 0:20,0.001,,,,,
arm,2016,7/12/2016 0:30,0.001,,,,,
arm,2016,7/12/2016 0:35,0.001,,,,,
arm,2016,7/18/2016 0:50,0.001,,1016,,,
arm,2016,7/18/2016 0:55,0.001,,1016,,,
arm,2016,7/18/2016 1:00,0.001,,1016,,,
arm,2016,7/18/2016 1:20,0.001,,1016,,,
arm,2016,7/18/2016 2:55,0.001,,1016,,,
arm,2016,7/18/2016 3:00,0.003,,1016,,,
arm,2016,7/18/2016 3:05,0.002,,1016,,,
arm,2016,7/18/2016 3:10,0.001,,1016,,,
arm,2016,7/18/2016 3:15,0.006,,1016,,,
arm,2016,7/18/2016 3:20,0.004,,1016,,,
arm,2016,7/18/2016 3:25,0.003,,1016,,,
arm,2016,7/18/2016 3:30,0.001,,1016,,,
arm,2016,7/18/2016 3:40,0.001,,1016,,,
arm,2016,7/18/2016 3:50,0.001,,1016,,,
arm,2016,7/18/2016 3:55,0.001,,1016,,,
arm,2016,7/18/2016 4:00,0.002,,1016,,,
arm,2016,7/18/2016 4:05,0.001,,1016,,,
arm,2016,7/18/2016 4:10,0.001,,1016,,,
arm,2016,7/18/2016 4:25,0.001,,1016,,,
arm,2016,7/18/2016 4:30,0.001,,1016,,,
arm,2016,7/18/2016 4:35,0.003,,1016,,,
arm,2016,7/18/2016 4:40,0.001,,1016,,,
arm,2016,7/18/2016 4:55,0.001,,1016,,,
arm,2016,7/18/2016 5:00,0.001,,1016,,,
arm,2016,7/18/2016 5:05,0.004,,1016,,,
arm,2016,7/18/2016 5:10,0.003,,1016,,,
arm,2016,7/18/2016 5:15,0.003,,1016,,,
arm,2016,7/18/2016 5:20,0.002,,1016,,,
arm,2016,7/18/2016 5:25,0.001,,1016,,,
arm,2016,7/18/2016 5:30,0.001,,1016,,,
arm,2016,7/18/2016 5:35,0.001,,1016,,,
arm,2016,7/18/2016 5:50,0.001,,1016,,,
arm,2016,7/18/2016 19:15,0,,1016,,,
arm,2016,7/19/2016 13:10,0.003,,,,,
arm,2016,7/19/2016 13:15,0.002,,,,,
arm,2016,7/19/2016 13:20,0.001,,,,,
arm,2016,7/19/2016 13:25,0.001,,,,,
arm,2016,7/19/2016 13:30,0.001,,,,,
arm,2016,7/19/2016 13:35,0.001,,,,,
arm,2016,7/31/2016 5:15,0.001,,,,,
arm,2016,7/31/2016 5:20,0.003,,,,,
arm,2016,7/31/2016 5:25,0.001,,,,,
arm,2016,7/31/2016 5:30,0.001,,,,,
arm,2016,8/1/2016 4:55,0.001,,,,,
arm,2016,8/1/2016 5:00,0.001,,,,,
arm,2016,8/1/2016 5:05,0.001,,,,,
arm,2016,8/1/2016 5:10,0.001,,,,,
arm,2016,8/1/2016 8:40,0.001,,,,,
arm,2016,8/11/2016 20:30,0.001,,,,,
arm,2016,8/11/2016 20:35,0.001,,,,,
arm,2016,8/11/2016 21:05,0.001,,,,,
arm,2016,8/11/2016 21:10,0.002,,,,,
arm,2016,8/11/2016 21:15,0.002,,,,,
arm,2016,8/11/2016 21:20,0.001,,,,,
arm,2016,8/11/2016 21:25,0.001,,,,,
arm,2016,8/11/2016 21:30,0.001,,,,,
arm,2016,8/11/2016 21:35,0.002,,,,,
arm,2016,8/11/2016 21:40,0.001,,,,,
arm,2016,8/11/2016 21:45,0.001,,,,,
arm,2016,8/11/2016 21:50,0.001,,,,,
arm,2016,8/11/2016 21:55,0.001,,,,,
arm,2016,8/11/2016 22:00,0.001,,,,,
arm,2016,8/11/2016 22:05,0.001,,,,,
arm,2016,8/11/2016 22:10,0.001,,,,,
arm,2016,8/11/2016 22:15,0.001,,,,,
arm,2016,8/11/2016 22:20,0.001,,,,,
arm,2016,8/11/2016 22:25,0.001,,,,,
arm,2016,8/11/2016 22:30,0.001,,,,,
arm,2016,8/11/2016 22:35,0.001,,,,,
arm,2016,8/11/2016 22:40,0.001,,,,,
arm,2016,8/11/2016 22:45,0.001,,,,,
arm,2016,8/11/2016 22:50,0.001,,,,,
arm,2016,8/11/2016 22:55,0.001,,,,,
arm,2016,8/11/2016 23:00,0.001,,,,,
arm,2016,8/11/2016 23:05,0.001,,,,,
arm,2016,8/11/2016 23:10,0.001,,,,,
arm,2016,8/11/2016 23:15,0.001,,,,,
arm,2016,8/11/2016 23:20,0.001,,,,,
arm,2016,8/11/2016 23:25,0.001,,,,,
arm,2016,8/11/2016 23:30,0.001,,,,,
arm,2016,8/11/2016 23:40,0.001,,,,,
arm,2016,8/11/2016 23:45,0.001,,,,,
arm,2016,8/19/2016 16:55,0.001,,,,,
arm,2016,8/23/2016 23:00,0.002,,,,,
arm,2016,8/23/2016 23:05,0.004,,,,,
arm,2016,8/23/2016 23:10,0.005,,,,,
arm,2016,8/23/2016 23:15,0.006,,,,,
arm,2016,8/23/2016 23:20,0.003,,,,,
arm,2016,8/23/2016 23:25,0.002,,,,,
arm,2016,8/23/2016 23:30,0.002,,,,,
arm,2016,8/23/2016 23:35,0.001,,,,,
arm,2016,8/23/2016 23:40,0.001,,,,,
arm,2016,8/28/2016 17:25,0.001,,,,,
arm,2016,8/28/2016 17:30,0.002,,,,,
arm,2016,8/28/2016 17:35,0.001,,,,,
arm,2016,8/29/2016 7:45,0.001,,,,,
arm,2016,8/29/2016 7:50,0.001,,,,,
arm,2016,8/29/2016 8:15,0.001,,,,,
arm,2016,8/29/2016 16:40,0.001,,,,,
arm,2016,8/29/2016 16:50,0.001,,,,,
arm,2016,8/29/2016 16:55,0.002,,,,,
arm,2016,8/29/2016 17:00,0.001,,,,,
arm,2016,8/29/2016 17:05,0.001,,,,,
arm,2016,8/29/2016 17:15,0.001,,,,,
arm,2016,8/29/2016 17:25,0.001,,,,,
arm,2016,8/29/2016 18:05,0.001,,,,,
arm,2016,8/29/2016 18:10,0.001,,,,,
arm,2016,8/29/2016 19:05,0.001,,,,,
arm,2016,8/29/2016 22:50,0.001,,,,,
arm,2016,8/29/2016 22:55,0.002,,,,,
arm,2016,8/29/2016 23:00,0.003,,,,,
arm,2016,8/29/2016 23:05,0.001,,,,,
arm,2016,8/29/2016 23:10,0.001,,,,,
arm,2016,9/4/2016 14:10,0.001,,,,,
arm,2016,9/4/2016 14:15,0.001,,,,,
arm,2016,9/4/2016 14:35,0.001,,,,,
arm,2016,9/5/2016 11:05,0.001,,,,,
arm,2016,9/7/2016 8:55,0.001,,,,,
arm,2016,9/7/2016 9:00,0.006,,,,,
arm,2016,9/7/2016 9:05,0.002,,,,,
arm,2016,9/7/2016 11:05,0.001,,,,,
arm,2016,9/7/2016 11:10,0.001,,,,,
arm,2016,9/7/2016 11:15,0.003,,,,,
arm,2016,9/7/2016 11:20,0.001,,,,,
arm,2016,9/7/2016 11:25,0.001,,,,,
arm,2016,9/9/2016 15:15,0.001,,,,,
arm,2016,9/9/2016 15:20,0.003,,,,,
arm,2016,9/9/2016 15:25,0.001,,,,,
arm,2016,9/9/2016 15:30,0.001,,,,,
arm,2016,9/9/2016 15:35,0.001,,,,,
arm,2016,9/9/2016 16:40,0.001,,,,,
arm,2016,9/9/2016 17:25,0.001,,,,,
arm,2016,9/9/2016 17:40,0.001,,,,,
arm,2016,9/9/2016 18:15,0.001,,,,,
arm,2016,9/9/2016 18:20,0.001,,,,,
arm,2016,9/13/2016 1:50,0.001,,,,,
arm,2016,9/13/2016 1:55,0.001,,,,,
arm,2016,9/13/2016 2:00,0.001,,,,,
arm,2016,9/13/2016 2:10,0.001,,,,,
arm,2016,9/13/2016 2:15,0.001,,,,,
arm,2016,9/13/2016 2:20,0.001,,,,,
arm,2016,9/13/2016 2:25,0.002,,,,,
arm,2016,9/13/2016 2:30,0.002,,,,,
arm,2016,9/13/2016 18:45,0.001,,,,,
arm,2016,9/16/2016 0:15,0.001,,,,,
arm,2016,9/16/2016 0:25,0.001,,,,,
arm,2016,9/16/2016 0:30,0.002,,,,,
arm,2016,9/16/2016 0:35,0.002,,,,,
arm,2016,9/16/2016 0:40,0.001,,,,,
arm,2016,9/16/2016 0:50,0.001,,,,,
arm,2016,9/16/2016 0:55,0.005,,,,,
arm,2016,9/16/2016 1:00,0.004,,,,,
arm,2016,9/16/2016 1:05,0.002,,,,,
arm,2016,9/16/2016 1:10,0.003,,,,,
arm,2016,9/16/2016 1:15,0.003,,,,,
arm,2016,9/16/2016 1:30,0.001,,,,,
arm,2016,9/16/2016 1:35,0.001,,,,,
arm,2016,9/16/2016 1:40,0.001,,,,,
arm,2016,9/16/2016 1:45,0.001,,,,,
arm,2016,9/16/2016 1:50,0.002,,,,,
arm,2016,9/16/2016 1:55,0.011,,,,,
arm,2016,9/16/2016 2:00,0.003,,,,,
arm,2016,9/16/2016 2:05,0.001,,,,,
arm,2016,9/16/2016 2:10,0,,1034,,,
arm,2016,9/16/2016 2:20,0.001,,1034,,,
arm,2016,9/16/2016 2:25,0,,1034,,,
arm,2016,10/4/2016 13:50,0.002,,,,,
arm,2016,10/4/2016 13:55,0.001,,,,,
arm,2016,10/4/2016 15:55,0.001,,,,,
arm,2016,10/4/2016 16:05,0.001,,,,,
arm,2016,10/4/2016 16:10,0.004,,,,,
arm,2016,10/4/2016 16:25,0.003,,,,,
arm,2016,10/4/2016 16:30,0.003,,,,,
arm,2016,10/4/2016 16:35,0.002,,,,,
arm,2016,10/4/2016 16:40,0.003,,,,,
arm,2016,10/4/2016 16:45,0.001,,,,,
arm,2016,10/4/2016 16:50,0.001,,,,,
arm,2016,10/4/2016 16:55,0.001,,,,,
arm,2016,10/4/2016 17:25,0.001,,,,,
arm,2016,10/4/2016 17:30,0.002,,,,,
arm,2016,10/4/2016 17:35,0.001,,,,,
arm,2016,10/4/2016 17:40,0.001,,,,,
arm,2016,10/4/2016 17:45,0.001,,,,,
arm,2016,10/4/2016 17:50,0.001,,,,,
arm,2016,10/4/2016 18:05,0.001,,,,,
arm,2016,10/4/2016 18:10,0.001,,,,,
arm,2016,10/4/2016 18:40,0.001,,,,,
arm,2016,10/4/2016 19:00,0.001,,,,,
arm,2016,10/4/2016 19:15,0.001,,,,,
arm,2016,10/4/2016 19:25,0.001,,,,,
arm,2016,10/4/2016 19:30,0.001,,,,,
arm,2016,10/4/2016 19:35,0.001,,,,,
arm,2016,10/4/2016 19:45,0.001,,,,,
arm,2016,10/4/2016 20:00,0.001,,,,,
arm,2016,10/4/2016 20:15,0.002,,,,,
arm,2016,10/4/2016 20:20,0.002,,,,,
arm,2016,10/4/2016 20:50,0.001,,,,,
arm,2016,10/4/2016 20:55,0.001,,,,,
arm,2016,10/4/2016 21:55,0.002,,,,,
arm,2016,10/4/2016 22:05,0.002,,,,,
arm,2016,10/4/2016 22:30,0.001,,,,,
arm,2016,10/6/2016 11:30,0.001,,,,,
arm,2016,10/6/2016 11:40,0.001,,,,,
arm,2016,10/6/2016 13:35,0.001,,,,,
arm,2016,10/6/2016 14:15,0.001,,,,,
arm,2016,10/6/2016 14:20,0.001,,,,,
arm,2016,10/6/2016 14:25,0.001,,,,,
arm,2016,10/6/2016 19:25,0.001,,,,,
arm,2016,10/6/2016 19:30,0.001,,,,,
arm,2016,10/26/2016 0:40,0.001,,,,,
arm,2016,11/2/2016 3:55,0.001,,,,,
arm,2016,11/2/2016 4:30,0.002,,,,,
arm,2016,11/2/2016 4:35,0.008,,,,,
arm,2016,11/2/2016 4:40,0.003,,,,,
arm,2017,3/29/2017 5:50,0.001,,,,,
arm,2017,3/29/2017 6:00,0.001,,,,,
arm,2017,3/29/2017 13:05,0.001,,,,,
arm,2017,4/2/2017 7:55,0.001,,,,,
arm,2017,4/2/2017 8:00,0.001,,,,,
arm,2017,4/14/2017 12:55,0.001,,,,,
arm,2017,4/14/2017 13:00,0.002,,,,,
arm,2017,4/14/2017 13:15,0.001,,,,,
arm,2017,4/14/2017 13:20,0.001,,,,,
arm,2017,4/14/2017 13:25,0.002,,,,,
arm,2017,4/14/2017 13:35,0.002,,,,,
arm,2017,4/14/2017 13:40,0.002,,,,,
arm,2017,4/14/2017 13:45,0.001,,,,,
arm,2017,4/14/2017 13:50,0.001,,,,,
arm,2017,4/14/2017 14:00,0.001,,,,,
arm,2017,4/14/2017 14:05,0.001,,,,,
arm,2017,4/14/2017 14:10,0.004,,,,,
arm,2017,4/14/2017 14:15,0.001,,,,,
arm,2017,4/15/2017 7:25,0.001,,,,,
arm,2017,4/15/2017 7:30,0.001,,,,,
arm,2017,4/18/2017 8:55,0.001,,,,,
arm,2017,4/18/2017 9:10,0.001,,,,,
arm,2017,4/18/2017 9:15,0.002,,,,,
arm,2017,4/18/2017 9:20,0.001,,,,,
arm,2017,4/18/2017 9:25,0.001,,,,,
arm,2017,4/18/2017 9:30,0.001,,,,,
arm,2017,4/18/2017 9:40,0.001,,,,,
arm,2017,4/19/2017 4:05,0.001,,,,,
arm,2017,4/19/2017 4:40,0.001,,,,,
arm,2017,4/19/2017 4:45,0.001,,,,,
arm,2017,4/19/2017 8:35,0.001,,,,,
arm,2017,4/19/2017 8:40,0.001,,,,,
arm,2017,4/19/2017 8:50,0.001,,,,,
arm,2017,4/28/2017 8:15,0.001,,,,,
arm,2017,4/30/2017 8:55,0.001,,,,,
arm,2017,4/30/2017 9:00,0.001,,,,,
arm,2017,4/30/2017 9:05,0.001,,,,,
arm,2017,4/30/2017 9:20,0.001,,,,,
arm,2017,4/30/2017 9:25,0.001,,,,,
arm,2017,4/30/2017 9:30,0.001,,,,,
arm,2017,4/30/2017 9:35,0.001,,,,,
arm,2017,4/30/2017 9:40,0.001,,,,,
arm,2017,4/30/2017 13:35,0.001,,,,,
arm,2017,4/30/2017 13:40,0.001,,,,,
arm,2017,4/30/2017 13:45,0.001,,,,,
arm,2017,4/30/2017 13:55,0.001,,,,,
arm,2017,4/30/2017 14:00,0.001,,,,,
arm,2017,4/30/2017 14:05,0.001,,,,,
arm,2017,4/30/2017 15:15,0.001,,,,,
arm,2017,4/30/2017 16:10,0.001,,,,,
arm,2017,4/30/2017 16:50,0.001,,,,,
arm,2017,4/30/2017 17:00,0.001,,,,,
arm,2017,5/1/2017 1:10,0.001,,,,,
arm,2017,5/1/2017 2:05,0.001,,,,,
arm,2017,5/1/2017 2:15,0.001,,,,,
arm,2017,5/1/2017 3:15,0.001,,,,,
arm,2017,5/3/2017 8:45,0,,,1,,
arm,2017,5/10/2017 6:50,0.005,,,1,,
arm,2017,5/10/2017 6:55,0.001,,2007,1,,
arm,2017,5/10/2017 7:00,0.001,,2007,1,,
arm,2017,5/10/2017 7:05,0.002,,2007,1,,
arm,2017,5/10/2017 7:15,0.001,,2007,1,,
arm,2017,5/10/2017 7:20,0.001,,2007,1,,
arm,2017,5/10/2017 7:25,0.003,,2007,1,,
arm,2017,5/10/2017 7:30,0.002,,2007,1,,
arm,2017,5/10/2017 7:40,0.001,,2007,1,,
arm,2017,5/10/2017 7:45,0.001,,2007,1,,
arm,2017,5/10/2017 7:50,0.001,,2007,1,,
arm,2017,5/10/2017 8:35,0.001,,2007,1,,
arm,2017,5/10/2017 10:40,0.005,,2007,1,,
arm,2017,5/10/2017 10:45,0.001,,2007,1,,
arm,2017,5/10/2017 10:50,0.001,,2007,1,,
arm,2017,5/10/2017 11:10,0.001,,2007,1,,
arm,2017,5/11/2017 11:05,0,,2007,1,,
arm,2017,5/16/2017 20:00,0.001,,,1,,
arm,2017,5/16/2017 20:05,0.001,,,1,,
arm,2017,5/16/2017 20:10,0.004,,,1,,
arm,2017,5/16/2017 20:15,0.001,,2011,1,,
arm,2017,5/16/2017 21:00,0.002,,2011,1,,
arm,2017,5/16/2017 21:05,0.002,,2011,1,,
arm,2017,5/16/2017 21:10,0.001,,2011,1,,
arm,2017,5/16/2017 21:15,0.004,,2011,1,,
arm,2017,5/16/2017 21:20,0.003,,2011,1,,
arm,2017,5/16/2017 21:25,0.001,,2011,1,,
arm,2017,5/16/2017 21:30,0.001,,2011,1,,
arm,2017,5/16/2017 22:00,0.001,,2011,1,,
arm,2017,5/16/2017 22:10,0.001,,2011,1,,
arm,2017,5/16/2017 22:15,0.006,,2011,1,,
arm,2017,5/16/2017 22:20,0.005,,2011,1,,
arm,2017,5/16/2017 22:25,0.002,,2011,1,,
arm,2017,5/16/2017 22:30,0.001,,2011,1,,
arm,2017,5/16/2017 22:35,0.001,,2011,1,,
arm,2017,5/16/2017 22:40,0.001,,2011,1,,
arm,2017,5/16/2017 23:00,0.001,,2011,1,,
arm,2017,5/16/2017 23:05,0.001,,2011,1,,
arm,2017,5/17/2017 0:00,0,,2011,1,,
arm,2017,5/17/2017 0:05,0,,2012,1,,
arm,2017,5/17/2017 0:15,0.001,,2012,1,,
arm,2017,5/17/2017 0:20,0.001,,2012,1,,
arm,2017,5/17/2017 5:45,0.001,,2012,1,,
arm,2017,5/17/2017 11:25,0.001,,2012,1,,
arm,2017,5/17/2017 11:30,0.001,,2012,1,,
arm,2017,5/17/2017 15:25,0.001,,2012,1,,
arm,2017,5/17/2017 15:30,0.002,,2012,1,,
arm,2017,5/17/2017 15:35,0.001,,2012,1,,
arm,2017,5/18/2017 13:50,0,,2012,1,,
arm,2017,5/18/2017 22:25,0.001,,,1,,
arm,2017,5/18/2017 22:30,0.001,,,1,,
arm,2017,5/18/2017 22:35,0.001,,,1,,
arm,2017,5/18/2017 22:45,0,,2014,1,,
arm,2017,5/18/2017 23:05,0.001,,2014,1,,
arm,2017,5/18/2017 23:10,0.001,,2014,1,,
arm,2017,5/18/2017 23:15,0.001,,2014,1,,
arm,2017,5/18/2017 23:20,0.001,,2014,1,,
arm,2017,5/18/2017 23:30,0.001,,2014,1,,
arm,2017,5/18/2017 23:45,0.001,,2014,1,,
arm,2017,5/18/2017 23:55,0.001,,2014,1,,
arm,2017,5/19/2017 0:05,0.001,,2014,1,,
arm,2017,5/19/2017 0:15,0.001,,2014,1,,
arm,2017,5/19/2017 0:20,0.001,,2014,1,,
arm,2017,5/19/2017 0:25,0.001,,2014,1,,
arm,2017,5/19/2017 0:30,0.001,,2014,1,,
arm,2017,5/19/2017 0:35,0.001,,2014,1,,
arm,2017,5/19/2017 0:40,0.001,,2014,1,,
arm,2017,5/19/2017 0:45,0.001,,2014,1,,
arm,2017,5/19/2017 0:50,0.001,,2014,1,,
arm,2017,5/19/2017 21:40,0.001,,2014,1,,
arm,2017,5/19/2017 21:45,0.001,,2014,1,,
arm,2017,5/19/2017 21:55,0.001,,2014,1,,
arm,2017,5/19/2017 22:00,0.001,,2014,1,,
arm,2017,5/19/2017 22:05,0.001,,2014,1,,
arm,2017,5/19/2017 22:10,0.001,,2014,1,,
arm,2017,5/19/2017 22:15,0.001,,2014,1,,
arm,2017,5/19/2017 22:20,0.001,,2014,1,,
arm,2017,5/19/2017 22:25,0.001,,2014,1,,
arm,2017,5/19/2017 23:10,0.001,,2014,1,,
arm,2017,5/20/2017 1:15,0.001,,2014,1,,
arm,2017,5/20/2017 1:35,0.001,,2014,1,,
arm,2017,5/20/2017 2:20,0.001,,2014,1,,
arm,2017,5/20/2017 6:10,0.001,,2014,1,,
arm,2017,5/20/2017 6:15,0.001,,2014,1,,
arm,2017,5/20/2017 7:25,0.001,,2014,1,,
arm,2017,5/20/2017 7:30,0.001,,2014,1,,
arm,2017,5/20/2017 7:35,0.001,,2014,1,,
arm,2017,5/20/2017 7:40,0.001,,2014,1,,
arm,2017,5/20/2017 8:00,0.001,,2014,1,,
arm,2017,5/20/2017 8:10,0.001,,2014,1,,
arm,2017,5/20/2017 8:15,0.002,,2014,1,,
arm,2017,5/20/2017 8:20,0.001,,2014,1,,
arm,2017,5/21/2017 8:15,0,,2014,1,,
arm,2017,5/22/2017 13:15,0.001,,,1,,
arm,2017,5/22/2017 18:45,0.001,,,1,,
arm,2017,5/24/2017 8:45,0,,,2,,
arm,2017,5/27/2017 9:10,0.001,,,2,,
arm,2017,5/27/2017 9:15,0.001,,,2,,
arm,2017,5/27/2017 9:30,0.001,,,2,,
arm,2017,5/27/2017 9:40,0.002,,,2,,
arm,2017,5/27/2017 9:45,0.001,,,2,,
arm,2017,5/27/2017 9:55,0.001,,,2,,
arm,2017,5/27/2017 10:05,0.001,,,2,,
arm,2017,5/27/2017 10:20,0.001,,,2,,
arm,2017,6/2/2017 3:40,0.002,,,2,,
arm,2017,6/2/2017 3:45,0.005,,,2,,
arm,2017,6/2/2017 3:50,0.002,,,2,,
arm,2017,6/7/2017 8:45,0,,,3,,
arm,2017,6/12/2017 19:40,0.001,,,3,,
arm,2017,6/14/2017 0:10,0.001,,,3,,
arm,2017,6/14/2017 0:15,0.001,,,3,,
arm,2017,6/14/2017 0:20,0.001,,,3,,
arm,2017,6/14/2017 0:25,0.001,,,3,,
arm,2017,6/14/2017 0:45,0.001,,,3,,
arm,2017,6/14/2017 0:50,0.001,,,3,,
arm,2017,6/14/2017 2:05,0.001,,,3,,
arm,2017,6/14/2017 6:15,0.004,,,3,,
arm,2017,6/14/2017 6:20,0.003,,,3,,
arm,2017,6/14/2017 6:25,0.002,,,3,,
arm,2017,6/14/2017 6:30,0.001,,,3,,
arm,2017,6/14/2017 6:35,0.001,,,3,,
arm,2017,6/14/2017 6:40,0.001,,,3,,
arm,2017,6/14/2017 7:30,0.003,,,3,,
arm,2017,6/14/2017 7:35,0.001,,,3,,
arm,2017,6/14/2017 8:00,0.001,,,3,,
arm,2017,6/14/2017 8:05,0.005,,,3,,
arm,2017,6/14/2017 8:10,0.001,,2020,3,,
arm,2017,6/14/2017 8:35,0.001,,2020,3,,
arm,2017,6/14/2017 8:40,0.002,,2020,3,,
arm,2017,6/14/2017 8:45,0.001,,2020,3,,
arm,2017,6/14/2017 8:50,0.001,,2020,3,,
arm,2017,6/14/2017 9:45,0,,2020,3,,
arm,2017,6/15/2017 22:00,0.001,,,3,,
arm,2017,6/15/2017 23:10,0.001,,,3,,
arm,2017,6/15/2017 23:15,0.001,,,3,,
arm,2017,6/16/2017 20:50,0.004,2021,,3,,
arm,2017,6/16/2017 20:55,0.013,2021,2022,3,,
arm,2017,6/16/2017 21:00,0.013,2021,2022,3,,
arm,2017,6/16/2017 21:05,0.009,2021,2022,3,,
arm,2017,6/16/2017 21:10,0.011,2021,2022,3,,
arm,2017,6/16/2017 21:15,0.004,2021,2022,3,,
arm,2017,6/16/2017 21:20,0.001,2021,2022,3,,
arm,2017,6/17/2017 6:25,0,2021,2022,3,,
arm,2017,6/17/2017 21:15,0,,2022,3,,
arm,2017,6/23/2017 0:40,0.001,,,3,,
arm,2017,6/23/2017 0:45,0.001,,,3,,
arm,2017,6/23/2017 0:50,0.003,,,3,,
arm,2017,6/23/2017 0:55,0.004,,,3,,
arm,2017,6/23/2017 1:00,0.001,,,3,,
arm,2017,6/23/2017 1:05,0.002,,,3,,
arm,2017,6/23/2017 1:10,0.002,,,3,,
arm,2017,6/27/2017 8:45,0,,,3,,
arm,2017,6/28/2017 2:55,0.001,,,,,
arm,2017,6/28/2017 4:10,0.001,,,,,
arm,2017,6/28/2017 4:15,0.001,,,,,
arm,2017,6/28/2017 4:20,0.001,,,,,
arm,2017,6/28/2017 4:30,0.001,,,,,
arm,2017,6/28/2017 4:35,0.001,,,,,
arm,2017,8/3/2017 6:20,0.002,,,,,
arm,2017,8/3/2017 6:25,0.001,,,,,
arm,2017,8/15/2017 10:10,0.001,,,,,
arm,2017,8/15/2017 10:15,0.004,,,,,
arm,2017,8/15/2017 10:20,0.003,,,,,
arm,2017,8/15/2017 10:25,0.004,,,,,
arm,2017,8/15/2017 10:30,0.005,,,,,
arm,2017,8/15/2017 10:35,0.001,,,,,
arm,2017,8/15/2017 10:45,0.001,,,,,
arm,2017,8/15/2017 10:50,0.001,,,,,
arm,2017,8/15/2017 10:55,0.002,,,,,
arm,2017,8/15/2017 11:05,0.001,,,,,
arm,2017,8/15/2017 11:10,0.001,,,,,
arm,2017,8/16/2017 10:20,0.004,,,,,
arm,2017,8/16/2017 10:25,0.01,,,,,
arm,2017,8/16/2017 10:30,0.005,,,,,
arm,2017,8/16/2017 10:35,0.003,,,,,
arm,2017,8/20/2017 2:40,0.001,,,,,
arm,2017,8/20/2017 2:50,0.001,,,,,
arm,2017,8/20/2017 2:55,0.002,,,,,
arm,2017,8/20/2017 3:00,0.004,,,,,
arm,2017,8/20/2017 3:05,0.001,,,,,
arm,2017,8/20/2017 3:10,0.001,,,,,
arm,2017,8/20/2017 3:40,0.001,,,,,
arm,2017,8/20/2017 3:50,0.001,,,,,
arm,2017,8/20/2017 4:10,0.001,,,,,
arm,2017,8/21/2017 2:20,0.003,,,,,
arm,2017,8/21/2017 2:25,0.004,,,,,
arm,2017,8/21/2017 2:30,0.003,,,,,
arm,2017,8/21/2017 2:35,0.001,,,,,
arm,2017,8/21/2017 2:40,0.004,,,,,
arm,2017,8/21/2017 2:45,0.007,,,,,
arm,2017,8/21/2017 2:50,0.002,,,,,
arm,2017,8/21/2017 2:55,0.001,,,,,
arm,2017,8/21/2017 3:00,0.001,,,,,
arm,2017,8/21/2017 3:05,0.001,,,,,
arm,2017,8/21/2017 3:10,0.002,,,,,
arm,2017,8/21/2017 3:15,0.002,,,,,
arm,2017,8/21/2017 3:20,0.002,,,,,
arm,2017,8/21/2017 3:35,0.001,,,,,
arm,2017,8/21/2017 3:50,0.003,,,,,
arm,2017,8/21/2017 3:55,0.001,,,,,
arm,2017,8/21/2017 4:05,0.003,,,,,
arm,2017,8/21/2017 4:10,0.003,,,,,
arm,2017,8/21/2017 4:15,0.004,,,,,
arm,2017,8/21/2017 4:20,0.002,,,,,
arm,2017,8/21/2017 4:25,0.001,,,,,
arm,2017,8/21/2017 4:30,0.001,,,,,
arm,2017,8/21/2017 4:35,0.002,,,,,
arm,2017,8/21/2017 4:40,0.004,,,,,
arm,2017,8/21/2017 4:45,0.001,,,,,
arm,2017,8/21/2017 5:30,0.002,,,,,
arm,2017,8/21/2017 5:35,0.001,,,,,
arm,2017,8/21/2017 6:30,0.001,,,,,
arm,2017,8/21/2017 6:35,0.001,,,,,
arm,2017,8/21/2017 6:40,0.001,,,,,
arm,2017,8/21/2017 6:45,0.002,,,,,
arm,2017,8/21/2017 6:50,0.002,,,,,
arm,2017,8/21/2017 6:55,0.001,,,,,
arm,2017,8/21/2017 7:10,0.001,,,,,
arm,2017,8/21/2017 7:15,0.001,,,,,
arm,2017,8/21/2017 7:35,0.002,,,,,
arm,2017,8/21/2017 8:35,0.001,,,,,
arm,2017,8/21/2017 18:05,0.001,,,,,
arm,2017,8/21/2017 21:45,0.001,,,,,
arm,2017,8/21/2017 21:50,0.002,,,,,
arm,2017,8/21/2017 21:55,0.001,,,,,
arm,2017,8/21/2017 22:10,0.001,,,,,
arm,2017,8/21/2017 22:15,0.002,,,,,
arm,2017,8/21/2017 22:20,0.003,,,,,
arm,2017,8/21/2017 22:25,0.001,,,,,
arm,2017,8/21/2017 22:30,0.001,,,,,
arm,2017,8/25/2017 8:15,0.001,,,,,
arm,2017,8/25/2017 8:30,0.001,,,,,
arm,2017,8/25/2017 8:40,0.001,,,,,
arm,2017,8/25/2017 8:45,0.001,,,,,
arm,2017,8/25/2017 8:50,0.001,,,,,
arm,2017,9/16/2017 22:35,0.001,,,,,
arm,2017,9/16/2017 22:40,0.001,,,,,
arm,2017,9/16/2017 22:45,0.001,,,,,
arm,2017,9/16/2017 22:50,0.001,,,,,
arm,2017,9/16/2017 23:15,0.004,,,,,
arm,2017,9/16/2017 23:20,0.001,,,,,
arm,2017,9/16/2017 23:25,0.004,,,,,
arm,2017,9/16/2017 23:30,0.001,,,,,
arm,2017,9/16/2017 23:35,0.001,,,,,
arm,2017,9/16/2017 23:45,0.001,,,,,
arm,2017,9/16/2017 23:50,0.001,,,,,
arm,2017,9/16/2017 23:55,0.001,,,,,
arm,2017,9/17/2017 0:00,0.001,,,,,
arm,2017,9/17/2017 0:05,0.001,,,,,
arm,2017,9/17/2017 0:10,0.001,,,,,
arm,2017,9/18/2017 8:10,0.001,,,,,
arm,2017,9/18/2017 8:15,0.001,,,,,
arm,2017,9/18/2017 8:20,0.001,,,,,
arm,2017,9/18/2017 8:30,0.001,,,,,
arm,2017,9/18/2017 9:00,0.001,,,,,
arm,2017,9/25/2017 12:50,0.001,,,,,
arm,2017,9/25/2017 12:55,0.003,,,,,
arm,2017,9/25/2017 13:00,0.002,,,,,
arm,2017,9/25/2017 15:55,0.001,,,,,
arm,2017,9/25/2017 16:00,0.001,,,,,
arm,2017,9/25/2017 16:05,0.002,,,,,
arm,2017,9/25/2017 16:10,0.005,,,,,
arm,2017,9/25/2017 16:15,0.004,,,,,
arm,2017,9/25/2017 16:20,0.001,,,,,
arm,2017,9/25/2017 16:25,0.003,,,,,
arm,2017,9/25/2017 16:30,0.001,,,,,
arm,2017,9/25/2017 16:45,0.001,,,,,
arm,2017,9/25/2017 17:10,0.001,,,,,
arm,2017,9/25/2017 17:15,0.003,,,,,
arm,2017,10/1/2017 7:30,0.001,,,,,
arm,2017,10/2/2017 3:10,0.001,,,,,
arm,2017,10/2/2017 3:20,0.001,,,,,
arm,2017,10/2/2017 3:35,0.001,,,,,
arm,2017,10/2/2017 3:40,0.001,,,,,
arm,2017,10/2/2017 3:45,0.001,,,,,
arm,2017,10/2/2017 4:00,0.001,,,,,
arm,2017,10/2/2017 5:05,0.001,,,,,
arm,2017,10/2/2017 5:15,0.001,,,,,
arm,2017,10/2/2017 6:00,0.002,,,,,
arm,2017,10/2/2017 11:40,0.001,,,,,
arm,2017,10/4/2017 1:50,0.001,,,,,
arm,2017,10/5/2017 10:25,0.001,,,,,
arm,2017,10/5/2017 11:00,0.001,,,,,
arm,2017,10/5/2017 12:00,0.001,,,,,
arm,2017,10/5/2017 12:20,0.001,,,,,
arm,2017,10/5/2017 16:30,0.001,,,,,
arm,2017,10/5/2017 17:25,0.001,,,,,
arm,2017,10/6/2017 21:45,0.001,,,,,
arm,2017,10/6/2017 22:35,0.001,,,,,
arm,2017,10/6/2017 22:40,0.001,,,,,
arm,2017,10/6/2017 22:45,0.003,,,,,
arm,2017,10/6/2017 22:50,0.002,,,,,
arm,2017,10/6/2017 22:55,0.004,,,,,
arm,2017,10/6/2017 23:00,0.003,,,,,
arm,2017,10/6/2017 23:05,0.001,,,,,
arm,2017,10/6/2017 23:10,0.001,,,,,
arm,2017,10/6/2017 23:15,0.002,,,,,
arm,2017,10/6/2017 23:20,0.003,,,,,
arm,2017,10/6/2017 23:25,0.001,,,,,
arm,2017,10/6/2017 23:35,0.001,,,,,
arm,2017,10/6/2017 23:45,0.001,,,,,
arm,2017,10/6/2017 23:55,0.001,,,,,
arm,2017,10/7/2017 0:10,0.001,,,,,
arm,2017,10/7/2017 0:20,0.001,,,,,
arm,2017,10/7/2017 0:30,0.001,,,,,
arm,2017,10/7/2017 0:40,0.001,,,,,
arm,2017,10/7/2017 6:35,0.001,,,,,
arm,2017,10/7/2017 6:45,0.001,,,,,
arm,2017,10/7/2017 6:55,0.001,,,,,
arm,2017,10/7/2017 8:10,0.001,,,,,
arm,2017,10/7/2017 11:05,0.001,,,,,
arm,2017,10/10/2017 2:55,0.001,,,,,
arm,2017,10/10/2017 3:00,0.001,,,,,
arm,2017,10/10/2017 3:05,0.001,,,,,
arm,2017,10/10/2017 3:15,0.001,,,,,
arm,2017,10/10/2017 3:20,0.001,,,,,
arm,2017,10/10/2017 3:40,0.001,,,,,
arm,2017,10/10/2017 3:45,0.001,,,,,
arm,2017,10/10/2017 3:50,0.001,,,,,
arm,2017,10/10/2017 3:55,0.001,,,,,
arm,2017,10/10/2017 4:00,0.001,,,,,
arm,2017,10/10/2017 4:10,0.001,,,,,
arm,2017,10/10/2017 4:15,0.001,,,,,
arm,2017,10/10/2017 4:20,0.001,,,,,
arm,2017,10/10/2017 4:30,0.001,,,,,
arm,2017,10/10/2017 5:25,0.001,,,,,
arm,2017,10/10/2017 5:30,0.001,,,,,
arm,2017,10/14/2017 6:55,0.001,,,,,
arm,2017,10/14/2017 9:40,0.003,,,,,
arm,2017,10/14/2017 9:45,0.002,,,,,
arm,2017,10/14/2017 9:50,0.001,,,,,
arm,2017,10/14/2017 9:55,0.001,,,,,
arm,2017,10/14/2017 10:00,0.001,,,,,
arm,2017,10/14/2017 10:10,0.001,,,,,
arm,2017,10/14/2017 10:25,0.001,,,,,
arm,2017,10/21/2017 3:35,0.001,,,,,
arm,2017,10/21/2017 3:40,0.003,,,,,
arm,2017,10/21/2017 16:15,0.001,,,,,
arm,2017,10/21/2017 16:20,0.003,,,,,
arm,2017,10/21/2017 16:30,0.002,,,,,
arm,2018,5/1/2018 3:50,0.001,,,,,
arm,2018,5/1/2018 19:45,0.001,,,,,
arm,2018,5/1/2018 19:50,0.001,,,,,
arm,2018,5/1/2018 20:15,0.003,,,,,
arm,2018,5/1/2018 20:20,0.001,,,,,
arm,2018,5/1/2018 20:25,0.002,,,,,
arm,2018,5/1/2018 20:30,0.001,,,,,
arm,2018,5/1/2018 20:35,0.001,,,,,
arm,2018,5/2/2018 19:40,0.001,,,,,
arm,2018,5/2/2018 19:45,0.003,,,,,
arm,2018,5/2/2018 19:50,0.002,,,,,
arm,2018,5/2/2018 19:55,0.005,,,,,
arm,2018,5/2/2018 20:00,0.004,,,,,
arm,2018,5/2/2018 20:05,0.002,,,,,
arm,2018,5/2/2018 20:10,0.001,,,,,
arm,2018,5/2/2018 20:30,0.001,,,,,
arm,2018,5/2/2018 20:35,0.001,,,,,
arm,2018,5/2/2018 20:45,0.001,,,,,
arm,2018,5/3/2018 16:20,0.004,,,,,
arm,2018,5/3/2018 16:25,0.003,,,,,
arm,2018,5/3/2018 17:10,0.001,,,,,
arm,2018,5/3/2018 17:25,0.001,,,,,
arm,2018,5/3/2018 17:30,0.001,,,,,
arm,2018,5/3/2018 17:40,0.002,,,,,
arm,2018,5/3/2018 17:45,0.001,,,,,
arm,2018,5/11/2018 6:40,0.001,,,,,
arm,2018,5/11/2018 6:50,0.001,,,,,
arm,2018,5/11/2018 6:55,0.001,,,,,
arm,2018,5/14/2018 3:45,0.001,,,,,
arm,2018,5/14/2018 3:55,0.001,,,,,
arm,2018,5/14/2018 4:30,0.001,,,,,
arm,2018,5/14/2018 8:45,0,,,1,,
arm,2018,5/29/2018 17:00,0.001,,,1,,
arm,2018,5/29/2018 17:05,0.001,,,1,,
arm,2018,5/29/2018 17:25,0.001,,,1,,
arm,2018,5/29/2018 17:30,0.001,,,1,,
arm,2018,5/29/2018 17:35,0.001,,,1,,
arm,2018,5/29/2018 17:40,0.001,,,1,,
arm,2018,5/29/2018 17:45,0.001,,,1,,
arm,2018,5/29/2018 18:10,0.001,,,1,,
arm,2018,5/29/2018 18:50,0.001,,,1,,
arm,2018,5/29/2018 19:00,0.001,,,1,,
arm,2018,6/2/2018 1:45,0.001,,,1,,
arm,2018,6/2/2018 1:50,0.008,,,1,,
arm,2018,6/2/2018 1:55,0.005,,,1,,
arm,2018,6/2/2018 2:00,0.003,,,1,,
arm,2018,6/2/2018 2:05,0.003,,,1,,
arm,2018,6/2/2018 2:10,0.004,,,1,,
arm,2018,6/2/2018 2:15,0.002,,,1,,
arm,2018,6/2/2018 2:20,0.002,,,1,,
arm,2018,6/2/2018 2:25,0.001,,,1,,
arm,2018,6/2/2018 2:30,0.002,,,1,,
arm,2018,6/2/2018 2:35,0.001,,,1,,
arm,2018,6/2/2018 2:40,0.001,,,1,,
arm,2018,6/2/2018 2:45,0.001,,,1,,
arm,2018,6/2/2018 3:00,0.001,,,1,,
arm,2018,6/2/2018 3:05,0.001,,,1,,
arm,2018,6/2/2018 3:10,0.001,,,1,,
arm,2018,6/2/2018 3:15,0.001,,,1,,
arm,2018,6/2/2018 3:20,0.001,,,1,,
arm,2018,6/2/2018 3:25,0.002,,,1,,
arm,2018,6/2/2018 3:30,0.001,,,1,,
arm,2018,6/2/2018 3:35,0.001,,,1,,
arm,2018,6/2/2018 3:40,0.001,,,1,,
arm,2018,6/2/2018 3:45,0.001,,,1,,
arm,2018,6/2/2018 3:50,0.001,,,1,,
arm,2018,6/2/2018 3:55,0.001,,,1,,
arm,2018,6/2/2018 4:00,0.001,,,1,,
arm,2018,6/2/2018 4:05,0.001,,,1,,
arm,2018,6/2/2018 4:15,0.001,,,1,,
arm,2018,6/2/2018 4:25,0.001,,,1,,
arm,2018,6/2/2018 4:55,0.001,,,1,,
arm,2018,6/2/2018 5:00,0.001,,,1,,
arm,2018,6/2/2018 5:10,0.001,,,1,,
arm,2018,6/2/2018 5:15,0.001,,,1,,
arm,2018,6/2/2018 5:25,0.001,,,1,,
arm,2018,6/5/2018 8:45,0,,,2,,
arm,2018,6/9/2018 5:55,0.001,,,2,,
arm,2018,6/10/2018 7:05,0.001,,,2,,
arm,2018,6/10/2018 7:15,0.003,,,2,,
arm,2018,6/10/2018 7:20,0.003,,,2,,
arm,2018,6/10/2018 7:25,0.001,,,2,,
arm,2018,6/10/2018 7:45,0.001,,,2,,
arm,2018,6/10/2018 7:50,0.001,,,2,,
arm,2018,6/10/2018 8:55,0.002,,,2,,
arm,2018,6/11/2018 3:05,0.002,,,2,,
arm,2018,6/11/2018 3:10,0.001,,,2,,
arm,2018,6/11/2018 3:15,0.001,,,2,,
arm,2018,6/11/2018 3:25,0.001,,,2,,
arm,2018,6/11/2018 3:30,0.001,,,2,,
arm,2018,6/11/2018 10:10,0.001,,,2,,
arm,2018,6/11/2018 11:00,0.002,,,2,,
arm,2018,6/11/2018 11:05,0.006,,,2,,
arm,2018,6/11/2018 11:10,0.001,,,2,,
arm,2018,6/11/2018 11:15,0.001,,,2,,
arm,2018,6/11/2018 18:15,0.001,,,2,,
arm,2018,6/11/2018 18:20,0.001,,,2,,
arm,2018,6/11/2018 18:25,0.001,,,2,,
arm,2018,6/11/2018 18:30,0.002,,,2,,
arm,2018,6/11/2018 18:35,0.002,,,2,,
arm,2018,6/11/2018 18:40,0.002,,,2,,
arm,2018,6/11/2018 18:45,0.002,,,2,,
arm,2018,6/11/2018 18:50,0.002,,,2,,
arm,2018,6/11/2018 18:55,0.001,,,2,,
arm,2018,6/11/2018 19:00,0.001,,,2,,
arm,2018,6/11/2018 19:05,0.001,,,2,,
arm,2018,6/11/2018 19:10,0.001,,,2,,
arm,2018,6/11/2018 19:15,0.002,,,2,,
arm,2018,6/11/2018 19:20,0.002,,,2,,
arm,2018,6/11/2018 19:25,0.001,,,2,,
arm,2018,6/11/2018 19:30,0.001,,,2,,
arm,2018,6/11/2018 19:35,0.001,,,2,,
arm,2018,6/14/2018 8:45,0,,,3,,
arm,2018,6/18/2018 18:20,0.003,,,3,,
arm,2018,6/18/2018 18:25,0.002,,,3,,
arm,2018,6/18/2018 19:35,0.001,,,3,,
arm,2018,6/19/2018 2:00,0.001,,,3,,
arm,2018,6/19/2018 4:25,0.001,,,3,,
arm,2018,6/19/2018 4:30,0.001,,,3,,
arm,2018,6/19/2018 4:35,0.001,,,3,,
arm,2018,6/19/2018 4:40,0.001,,,3,,
arm,2018,6/19/2018 4:45,0.003,,,3,,
arm,2018,6/19/2018 4:50,0.003,,,3,,
arm,2018,6/19/2018 4:55,0.001,,,3,,
arm,2018,6/19/2018 5:00,0.001,,,3,,
arm,2018,6/19/2018 6:00,0.001,,,3,,
arm,2018,6/19/2018 6:05,0.001,,,3,,
arm,2018,6/19/2018 6:25,0.002,,,3,,
arm,2018,6/19/2018 6:30,0.002,,,3,,
arm,2018,6/19/2018 6:35,0.003,,,3,,
arm,2018,6/19/2018 6:40,0.002,,,3,,
arm,2018,6/19/2018 6:45,0.001,,,3,,
arm,2018,6/19/2018 6:50,0.001,,,3,,
arm,2018,6/19/2018 8:25,0.001,,,3,,
arm,2018,6/19/2018 8:50,0.001,,,3,,
arm,2018,6/19/2018 9:10,0.001,,,3,,
arm,2018,6/19/2018 9:15,0.001,,,3,,
arm,2018,6/19/2018 9:20,0.001,,,3,,
arm,2018,6/19/2018 9:30,0.001,,,3,,
arm,2018,6/20/2018 11:50,0.001,,,3,,
arm,2018,6/20/2018 17:35,0.001,,,3,,
arm,2018,6/21/2018 18:20,0.002,,,3,,
arm,2018,6/21/2018 18:25,0.001,,,3,,
arm,2018,6/24/2018 18:20,0.001,,,3,,
arm,2018,6/24/2018 18:25,0.002,,,3,,
arm,2018,6/24/2018 18:30,0.004,,,3,,
arm,2018,6/24/2018 18:35,0.002,,,3,,
arm,2018,6/24/2018 18:40,0.002,,,3,,
arm,2018,6/24/2018 18:45,0.001,,,3,,
arm,2018,6/25/2018 13:35,0.001,,,3,,
arm,2018,6/25/2018 13:40,0.001,,,3,,
arm,2018,6/25/2018 17:10,0.001,,,3,,
arm,2018,6/25/2018 17:15,0.002,,,3,,
arm,2018,6/25/2018 17:20,0.001,,,3,,
arm,2018,6/25/2018 21:15,0.002,,,3,,
arm,2018,6/25/2018 21:20,0.003,,,3,,
arm,2018,6/25/2018 21:25,0.002,,,3,,
arm,2018,6/25/2018 21:30,0.001,,,3,,
arm,2018,6/28/2018 10:50,0.001,,,3,,
arm,2018,6/28/2018 10:55,0.001,,,3,,
arm,2018,6/28/2018 11:00,0.001,,,3,,
arm,2018,6/28/2018 13:00,0,,,3,,
arm,2018,6/30/2018 18:00,0.001,,,,,
arm,2018,6/30/2018 18:05,0.001,,,,,
arm,2018,6/30/2018 20:35,0.001,,,,,
arm,2018,6/30/2018 20:40,0.002,,,,,
arm,2018,6/30/2018 20:45,0.001,,,,,
arm,2018,6/30/2018 20:50,0.002,,,,,
arm,2018,6/30/2018 20:55,0.003,,,,,
arm,2018,7/1/2018 1:10,0.001,,,,,
arm,2018,7/1/2018 1:15,0.001,,,,,
arm,2018,7/1/2018 1:20,0.001,,,,,
arm,2018,7/1/2018 1:25,0.001,,,,,
arm,2018,7/1/2018 1:30,0.001,,,,,
arm,2018,7/1/2018 1:35,0.002,,,,,
arm,2018,7/1/2018 1:40,0.001,,,,,
arm,2018,7/1/2018 1:45,0.001,,,,,
arm,2018,7/1/2018 1:50,0.001,,,,,
arm,2018,7/1/2018 1:55,0.002,,,,,
arm,2018,7/1/2018 2:00,0.001,,,,,
arm,2018,7/1/2018 2:10,0.001,,,,,
arm,2018,7/13/2018 15:45,0.001,,,,,
arm,2018,7/13/2018 15:50,0.001,,,,,
arm,2018,7/13/2018 15:55,0.001,,,,,
arm,2018,7/13/2018 19:40,0.001,,,,,
arm,2018,7/19/2018 8:35,0.001,,,,,
arm,2018,7/28/2018 7:10,0.001,,,,,
arm,2018,7/28/2018 7:20,0.001,,,,,
arm,2018,7/28/2018 7:25,0.001,,,,,
arm,2018,7/28/2018 7:35,0.001,,,,,
arm,2018,8/7/2018 3:55,0.001,,,,,
arm,2018,8/7/2018 4:05,0.001,,,,,
arm,2018,8/7/2018 4:10,0.001,,,,,
arm,2018,8/14/2018 11:50,0.001,,,,,
arm,2018,8/14/2018 20:15,0.001,,,,,
arm,2018,8/14/2018 20:20,0.003,,,,,
arm,2018,8/14/2018 20:25,0.001,,,,,
arm,2018,8/14/2018 20:30,0.001,,,,,
arm,2018,8/14/2018 20:35,0.002,,,,,
arm,2018,8/14/2018 20:40,0.001,,,,,
arm,2018,8/14/2018 20:45,0.001,,,,,
arm,2018,8/14/2018 20:55,0.001,,,,,
arm,2018,8/14/2018 21:30,0.001,,,,,
arm,2018,8/14/2018 21:35,0.004,,,,,
arm,2018,8/14/2018 21:40,0.004,,,,,
arm,2018,8/14/2018 21:45,0.004,,,,,
arm,2018,8/14/2018 21:50,0.002,,,,,
arm,2018,8/14/2018 21:55,0.001,,,,,
arm,2018,8/14/2018 22:00,0.001,,,,,
arm,2018,8/14/2018 22:25,0.001,,,,,
arm,2018,8/14/2018 22:30,0.002,,,,,
arm,2018,8/14/2018 22:35,0.001,,,,,
arm,2018,8/14/2018 22:50,0.001,,,,,
arm,2018,8/14/2018 22:55,0.001,,,,,
arm,2018,8/14/2018 23:00,0.001,,,,,
arm,2018,8/14/2018 23:05,0.001,,,,,
arm,2018,8/14/2018 23:10,0.001,,,,,
arm,2018,8/14/2018 23:20,0.001,,,,,
arm,2018,8/16/2018 7:40,0.002,,,,,
arm,2018,8/16/2018 7:45,0.003,,,,,
arm,2018,8/16/2018 7:50,0.001,,,,,
arm,2018,8/16/2018 7:55,0.001,,,,,
arm,2018,8/16/2018 8:00,0.002,,,,,
arm,2018,8/16/2018 8:50,0.001,,,,,
arm,2018,8/19/2018 18:25,0.003,,,,,
arm,2018,8/19/2018 19:45,0.001,,,,,
arm,2018,8/19/2018 19:50,0.001,,,,,
arm,2018,8/19/2018 19:55,0.001,,,,,
arm,2018,8/19/2018 20:00,0.002,,,,,
arm,2018,8/19/2018 20:05,0.004,,,,,
arm,2018,8/19/2018 20:10,0.005,,,,,
arm,2018,8/19/2018 20:15,0.004,,,,,
arm,2018,8/19/2018 20:20,0.004,,,,,
arm,2018,8/19/2018 20:25,0.003,,,,,
arm,2018,8/19/2018 20:30,0.002,,,,,
arm,2018,8/19/2018 20:35,0.001,,,,,
arm,2018,8/19/2018 20:55,0.001,,,,,
arm,2018,8/19/2018 21:00,0.001,,,,,
arm,2018,8/19/2018 21:15,0.001,,,,,
arm,2018,8/19/2018 21:35,0.001,,,,,
arm,2018,8/19/2018 21:40,0.001,,,,,
arm,2018,8/19/2018 21:45,0.001,,,,,
arm,2018,8/19/2018 21:50,0.002,,,,,
arm,2018,8/19/2018 21:55,0.001,,,,,
arm,2018,8/19/2018 22:00,0.001,,,,,
arm,2018,8/19/2018 22:05,0.001,,,,,
arm,2018,8/19/2018 22:10,0.001,,,,,
arm,2018,8/19/2018 22:15,0.001,,,,,
arm,2018,8/19/2018 22:20,0.001,,,,,
arm,2018,8/19/2018 22:25,0.001,,,,,
arm,2018,8/19/2018 22:30,0.001,,,,,
arm,2018,8/19/2018 23:10,0.001,,,,,
arm,2018,8/19/2018 23:15,0.001,,,,,
arm,2018,8/19/2018 23:20,0.002,,,,,
arm,2018,8/19/2018 23:25,0.002,,,,,
arm,2018,8/19/2018 23:30,0.003,,,,,
arm,2018,8/19/2018 23:35,0.002,,,,,
arm,2018,8/19/2018 23:40,0.001,,,,,
arm,2018,8/19/2018 23:45,0.001,,,,,
arm,2018,8/19/2018 23:50,0.001,,,,,
arm,2018,8/19/2018 23:55,0.001,,,,,
arm,2018,8/20/2018 0:00,0.001,,,,,
arm,2018,8/20/2018 0:05,0.001,,,,,
arm,2018,8/20/2018 0:10,0.002,,,,,
arm,2018,8/20/2018 0:15,0.002,,,,,
arm,2018,8/20/2018 0:20,0.002,,,,,
arm,2018,8/20/2018 0:25,0.002,,,,,
arm,2018,8/20/2018 0:30,0.001,,,,,
arm,2018,8/20/2018 0:35,0.001,,,,,
arm,2018,8/20/2018 0:40,0.001,,,,,
arm,2018,8/20/2018 0:45,0.002,,,,,
arm,2018,8/20/2018 0:50,0.003,,,,,
arm,2018,8/20/2018 0:55,0.001,,,,,
arm,2018,8/20/2018 1:00,0.001,,,,,
arm,2018,8/20/2018 1:05,0.001,,,,,
arm,2018,8/20/2018 1:10,0.001,,,,,
arm,2018,8/20/2018 1:15,0.001,,,,,
arm,2018,8/20/2018 1:20,0.002,,,,,
arm,2018,8/20/2018 1:25,0.001,,,,,
arm,2018,8/20/2018 1:30,0.001,,,,,
arm,2018,8/20/2018 1:35,0.001,,,,,
arm,2018,8/20/2018 1:40,0.001,,,,,
arm,2018,8/20/2018 1:45,0.001,,,,,
arm,2018,8/20/2018 1:50,0.003,,,,,
arm,2018,8/20/2018 1:55,0.003,,,,,
arm,2018,8/20/2018 2:00,0.003,,,,,
arm,2018,8/20/2018 2:05,0.003,,,,,
arm,2018,8/20/2018 2:10,0.004,,,,,
arm,2018,8/20/2018 2:15,0.003,,,,,
arm,2018,8/20/2018 2:20,0.003,,,,,
arm,2018,8/20/2018 2:25,0.003,,,,,
arm,2018,8/20/2018 2:30,0.002,,,,,
arm,2018,8/20/2018 2:35,0.002,,,,,
arm,2018,8/20/2018 2:40,0.001,,,,,
arm,2018,8/20/2018 2:45,0.001,,,,,
arm,2018,8/20/2018 2:50,0.001,,,,,
arm,2018,8/20/2018 3:05,0.001,,,,,
arm,2018,8/20/2018 3:10,0.001,,,,,
arm,2018,8/20/2018 3:50,0.001,,,,,
arm,2018,8/20/2018 3:55,0.001,,,,,
arm,2018,8/20/2018 4:00,0.001,,,,,
arm,2018,8/20/2018 4:05,0.002,,,,,
arm,2018,8/20/2018 4:15,0.001,,,,,
arm,2018,8/20/2018 5:15,0.001,,,,,
arm,2018,8/20/2018 6:05,0.001,,,,,
arm,2018,8/20/2018 6:40,0.001,,,,,
arm,2018,8/20/2018 6:50,0.002,,,,,
arm,2018,8/20/2018 6:55,0.001,,,,,
arm,2018,8/20/2018 7:05,0.001,,,,,
arm,2018,8/20/2018 7:15,0.001,,,,,
arm,2018,8/20/2018 7:20,0.001,,,,,
arm,2018,8/20/2018 7:30,0.001,,,,,
arm,2018,8/20/2018 7:35,0.002,,,,,
arm,2018,8/20/2018 15:10,0.001,,,,,
arm,2018,8/20/2018 15:15,0.003,,,,,
arm,2018,8/20/2018 15:20,0.001,,,,,
arm,2018,8/20/2018 15:25,0.001,,,,,
arm,2018,8/24/2018 11:50,0.001,,,,,
arm,2018,8/26/2018 8:00,0.002,,,,,
arm,2018,8/26/2018 8:05,0.001,,,,,
arm,2018,8/26/2018 23:30,0.001,,,,,
arm,2018,8/26/2018 23:35,0.004,,,,,
arm,2018,8/26/2018 23:40,0.003,,,,,
arm,2018,8/26/2018 23:45,0.001,,,,,
arm,2018,8/27/2018 1:35,0.001,,,,,
arm,2018,8/27/2018 1:40,0.001,,,,,
arm,2018,8/28/2018 11:30,0.001,,,,,
arm,2018,8/28/2018 13:00,0.002,,,,,
arm,2018,8/28/2018 13:05,0.001,,,,,
arm,2018,8/28/2018 13:15,0.001,,,,,
arm,2018,8/28/2018 13:20,0.001,,,,,
arm,2018,8/28/2018 14:05,0.002,,,,,
arm,2018,8/28/2018 15:10,0.002,,,,,
arm,2018,8/31/2018 21:40,0.001,,,,,
arm,2018,8/31/2018 21:45,0.001,,,,,
arm,2018,8/31/2018 21:50,0.002,,,,,
arm,2018,8/31/2018 21:55,0.003,,,,,
arm,2018,9/1/2018 1:30,0.001,,,,,
arm,2018,9/1/2018 1:35,0.001,,,,,
arm,2018,9/1/2018 1:40,0.002,,,,,
arm,2018,9/1/2018 1:45,0.003,,,,,
arm,2018,9/1/2018 1:50,0.004,,,,,
arm,2018,9/1/2018 1:55,0.003,,,,,
arm,2018,9/1/2018 2:00,0.002,,,,,
arm,2018,9/1/2018 2:05,0.001,,,,,
arm,2018,9/1/2018 2:10,0.002,,,,,
arm,2018,9/1/2018 2:15,0.001,,,,,
arm,2018,9/1/2018 2:20,0.001,,,,,
arm,2018,9/1/2018 2:25,0.003,,,,,
arm,2018,9/1/2018 2:35,0.001,,,,,
arm,2018,9/1/2018 2:40,0.001,,,,,
arm,2018,9/1/2018 6:30,0.001,,,,,
arm,2018,9/1/2018 6:35,0.002,,,,,
arm,2018,9/1/2018 6:40,0.001,,,,,
arm,2018,9/1/2018 6:45,0.001,,,,,
arm,2018,9/1/2018 6:50,0.001,,,,,
arm,2018,9/1/2018 6:55,0.001,,,,,
arm,2018,9/1/2018 22:55,0.001,,,,,
arm,2018,9/1/2018 23:00,0.004,,,,,
arm,2018,9/1/2018 23:05,0.001,,,,,
arm,2018,9/1/2018 23:10,0.001,,,,,
arm,2018,9/1/2018 23:35,0.001,,,,,
arm,2018,9/2/2018 0:20,0.001,,,,,
arm,2018,9/2/2018 0:35,0.001,,,,,
arm,2018,9/2/2018 1:15,0.001,,,,,
arm,2018,9/2/2018 5:10,0.004,,,,,
arm,2018,9/2/2018 5:15,0.003,,,,,
arm,2018,9/2/2018 5:20,0.001,,,,,
arm,2018,9/2/2018 5:25,0,,3046,,,
arm,2018,9/2/2018 7:10,0.001,,3046,,,
arm,2018,9/2/2018 8:25,0,,3046,,,
arm,2018,9/3/2018 0:45,0.001,,,,,
arm,2018,9/3/2018 1:20,0.001,,,,,
arm,2018,9/3/2018 1:30,0.001,,,,,
arm,2018,9/3/2018 1:40,0.001,,,,,
arm,2018,9/3/2018 1:50,0.001,,,,,
arm,2018,9/3/2018 1:55,0.001,,,,,
arm,2018,9/3/2018 2:00,0.001,,,,,
arm,2018,9/3/2018 2:05,0.001,,,,,
arm,2018,9/3/2018 2:30,0.001,,,,,
arm,2018,9/4/2018 14:20,0.001,,,,,
arm,2018,9/4/2018 14:25,0.003,,,,,
arm,2018,9/4/2018 22:10,0.001,,,,,
arm,2018,9/4/2018 22:40,0.001,,,,,
arm,2018,9/5/2018 2:05,0.001,,,,,
arm,2018,9/5/2018 2:10,0.001,,,,,
arm,2018,9/5/2018 2:15,0.001,,,,,
arm,2018,9/5/2018 2:20,0.002,,3048,,,
arm,2018,9/5/2018 2:25,0.001,,3048,,,
arm,2018,9/5/2018 3:40,0.001,,3048,,,
arm,2018,9/5/2018 7:05,0.001,,3048,,,
arm,2018,9/5/2018 7:10,0.001,,3048,,,
arm,2018,9/5/2018 7:15,0.001,,3048,,,
arm,2018,9/5/2018 7:20,0.001,,3048,,,
arm,2018,9/5/2018 7:25,0.002,,3048,,,
arm,2018,9/5/2018 7:30,0.001,,3048,,,
arm,2018,9/5/2018 8:50,0.001,,3048,,,
arm,2018,9/5/2018 8:55,0.001,,3048,,,
arm,2018,9/5/2018 12:30,0,,3048,,,
arm,2018,9/7/2018 4:50,0.001,,,,,
arm,2018,9/7/2018 5:00,0.001,,,,,
arm,2018,9/7/2018 5:05,0.001,,,,,
arm,2018,9/7/2018 5:10,0.002,,,,,
arm,2018,9/7/2018 5:15,0.001,,,,,
arm,2018,9/7/2018 5:20,0.001,,,,,
arm,2018,9/7/2018 6:45,0.001,,,,,
arm,2018,9/7/2018 6:50,0.001,,,,,
arm,2018,9/7/2018 6:55,0.001,,,,,
arm,2018,9/18/2018 17:40,0.001,,,,,
arm,2018,9/20/2018 20:40,0.001,,,,,
arm,2018,9/20/2018 20:45,0.001,,,,,
arm,2018,9/20/2018 21:10,0.003,,,,,
arm,2018,9/20/2018 21:15,0.002,,,,,
arm,2018,9/20/2018 21:20,0.001,,,,,
arm,2018,9/20/2018 21:30,0.001,,,,,
arm,2018,9/20/2018 22:00,0.001,,,,,
arm,2018,9/20/2018 22:30,0.001,,,,,
arm,2018,9/20/2018 22:50,0.001,,,,,
arm,2018,9/21/2018 0:25,0.001,,,,,
arm,2018,9/21/2018 0:30,0.001,,,,,
arm,2018,9/25/2018 9:50,0.002,,,,,
arm,2018,9/25/2018 9:55,0.001,,,,,
arm,2018,9/25/2018 10:00,0.001,,,,,
arm,2018,9/25/2018 10:05,0.001,,,,,
arm,2018,9/25/2018 10:10,0.001,,,,,
arm,2018,9/25/2018 10:15,0.001,,,,,
arm,2018,9/25/2018 10:20,0.002,,,,,
arm,2018,9/25/2018 10:25,0.001,,,,,
arm,2018,9/25/2018 10:35,0.001,,,,,
arm,2018,9/25/2018 12:10,0.001,,,,,
arm,2018,9/30/2018 18:55,0.001,,,,,
arm,2018,9/30/2018 19:05,0.001,,,,,
arm,2018,10/1/2018 3:05,0.001,,,,,
arm,2018,10/1/2018 5:15,0.001,,,,,
arm,2018,10/5/2018 12:10,0.001,,,,,
arm,2018,10/5/2018 15:30,0.001,,,,,
arm,2018,10/7/2018 12:45,0.001,,,,,
arm,2018,10/7/2018 13:05,0.001,,,,,
arm,2018,10/7/2018 13:20,0.001,,,,,
arm,2018,10/7/2018 14:50,0.001,,,,,
arm,2018,10/7/2018 15:35,0.001,,,,,
arm,2018,10/7/2018 15:50,0.001,,,,,
arm,2018,10/7/2018 15:55,0.001,,,,,
arm,2018,10/7/2018 16:00,0.001,,,,,
arm,2018,10/7/2018 16:10,0.001,,,,,
arm,2018,10/8/2018 5:00,0.001,,,,,
arm,2018,10/8/2018 16:55,0.001,,,,,
arm,2018,10/8/2018 17:00,0.002,,,,,
arm,2018,10/8/2018 17:05,0.003,,,,,
arm,2018,10/8/2018 17:10,0.001,,,,,
arm,2018,10/8/2018 17:15,0.002,,3075,,,
arm,2018,10/8/2018 17:20,0.002,,3075,,,
arm,2018,10/8/2018 17:25,0.001,,3075,,,
arm,2018,10/8/2018 17:35,0.001,,3075,,,
arm,2018,10/8/2018 17:40,0.001,,3075,,,
arm,2018,10/8/2018 17:45,0.001,,3075,,,
arm,2018,10/8/2018 17:50,0.001,,3075,,,
arm,2018,10/8/2018 17:55,0.001,,3075,,,
arm,2018,10/8/2018 18:00,0.001,,3075,,,
arm,2018,10/8/2018 18:05,0.001,,3075,,,
arm,2018,10/8/2018 18:20,0.001,,3075,,,
arm,2018,10/8/2018 18:30,0.001,,3075,,,
arm,2018,10/9/2018 0:15,0,,3075,,,
arm,2018,10/9/2018 14:10,0.001,,,,,
arm,2018,10/9/2018 14:15,0.001,,,,,
arm,2018,10/9/2018 14:20,0.001,,,,,
arm,2018,10/9/2018 14:25,0.001,,,,,
arm,2019,4/10/2019 23:30,0.002,,,,,
arm,2019,4/10/2019 23:35,0.001,,,,,
arm,2019,4/27/2019 1:45,0.001,,,,,
arm,2019,4/27/2019 1:50,0.001,,,,,
arm,2019,4/27/2019 1:55,0.001,,,,,
arm,2019,4/27/2019 2:00,0.001,,,,,
arm,2019,4/27/2019 2:05,0.001,,,,,
arm,2019,4/27/2019 2:15,0.001,,,,,
arm,2019,4/27/2019 2:20,0.001,,,,,
arm,2019,4/27/2019 2:25,0.001,,,,,
arm,2019,4/27/2019 2:30,0.001,,,,,
arm,2019,4/27/2019 2:35,0.001,,,,,
arm,2019,4/27/2019 2:40,0.001,,,,,
arm,2019,4/27/2019 2:45,0.001,,,,,
arm,2019,4/27/2019 2:50,0.001,,,,,
arm,2019,4/27/2019 2:55,0.001,,,,,
arm,2019,4/27/2019 3:50,0.001,,,,,
arm,2019,4/27/2019 4:00,0.001,,,,,
arm,2019,4/27/2019 4:05,0.001,,,,,
arm,2019,4/27/2019 4:10,0.001,,,,,
arm,2019,4/27/2019 4:15,0.001,,,,,
arm,2019,4/27/2019 4:20,0.001,,,,,
arm,2019,4/27/2019 4:30,0.001,,,,,
arm,2019,5/4/2019 23:35,0.002,,,,,
arm,2019,5/4/2019 23:40,0.001,,,,,
arm,2019,5/4/2019 23:45,0.001,,,,,
arm,2019,5/4/2019 23:50,0.001,,,,,
arm,2019,5/5/2019 0:00,0.001,,,,,
arm,2019,5/6/2019 17:05,0.001,,,,,
arm,2019,5/6/2019 17:15,0.001,,,,,
arm,2019,5/6/2019 17:20,0.001,,,,,
arm,2019,5/6/2019 17:30,0.001,,,,,
arm,2019,5/8/2019 3:55,0.001,,,,,
arm,2019,5/8/2019 4:00,0.001,,,,,
arm,2019,5/8/2019 4:05,0.001,,,,,
arm,2019,5/8/2019 4:15,0.001,,,,,
arm,2019,5/8/2019 4:20,0.001,,,,,
arm,2019,5/8/2019 4:55,0.001,,,,,
arm,2019,5/8/2019 6:20,0.001,,,,,
arm,2019,5/8/2019 6:30,0.001,,,,,
arm,2019,5/8/2019 6:35,0.001,,,,,
arm,2019,5/8/2019 6:45,0.001,,,,,
arm,2019,5/8/2019 6:50,0.001,,,,,
arm,2019,5/8/2019 6:55,0.001,,,,,
arm,2019,5/8/2019 7:00,0.001,,,,,
arm,2019,5/8/2019 7:10,0.001,,,,,
arm,2019,5/8/2019 7:15,0.001,,,,,
arm,2019,5/8/2019 7:20,0.001,,,,,
arm,2019,5/8/2019 7:25,0.001,,,,,
arm,2019,5/8/2019 7:30,0.001,,,,,
arm,2019,5/8/2019 7:40,0.001,,,,,
arm,2019,5/8/2019 7:45,0.001,,,,,
arm,2019,5/8/2019 7:50,0.001,,,,,
arm,2019,5/8/2019 7:55,0.001,,,,,
arm,2019,5/8/2019 8:00,0.001,,,,,
arm,2019,5/8/2019 8:05,0.001,,,,,
arm,2019,5/8/2019 8:10,0.002,,,,,
arm,2019,5/8/2019 8:15,0.001,,,,,
arm,2019,5/10/2019 8:45,0,,,1,,
arm,2019,5/12/2019 6:25,0.001,,,1,,
arm,2019,5/17/2019 2:45,0.001,,,1,,
arm,2019,5/17/2019 9:40,0.001,,,1,,
arm,2019,5/17/2019 9:45,0.001,,,1,,
arm,2019,5/17/2019 9:50,0.001,,,1,,
arm,2019,5/17/2019 10:10,0.002,,,1,,
arm,2019,5/18/2019 15:25,0.001,,,1,,
arm,2019,5/18/2019 15:50,0.001,,,1,,
arm,2019,5/18/2019 16:05,0.001,,,1,,
arm,2019,5/21/2019 11:45,0.001,,,1,,
arm,2019,5/21/2019 12:05,0.001,,,1,,
arm,2019,5/21/2019 12:35,0.001,,,1,,
arm,2019,5/22/2019 0:10,0.001,,,1,,
arm,2019,5/22/2019 0:25,0.001,,,1,,
arm,2019,5/23/2019 22:25,0.002,,,1,,
arm,2019,5/23/2019 22:30,0.001,,,1,,
arm,2019,5/23/2019 23:35,0.001,,,1,,
arm,2019,5/23/2019 23:40,0.001,,4013,1,,
arm,2019,5/23/2019 23:45,0.001,,4013,1,,
arm,2019,5/23/2019 23:50,0.001,,4013,1,,
arm,2019,5/23/2019 23:55,0.001,,4013,1,,
arm,2019,5/24/2019 0:05,0.001,,4013,1,,
arm,2019,5/24/2019 0:15,0.001,,4013,1,,
arm,2019,5/24/2019 0:20,0.001,,4013,1,,
arm,2019,5/24/2019 0:30,0.001,,4013,1,,
arm,2019,5/24/2019 0:35,0.002,,4013,1,,
arm,2019,5/24/2019 0:40,0.002,,4013,1,,
arm,2019,5/24/2019 0:45,0.002,,4013,1,,
arm,2019,5/24/2019 0:50,0.001,,4013,1,,
arm,2019,5/24/2019 1:00,0.001,,4013,1,,
arm,2019,5/24/2019 1:05,0.001,,4013,1,,
arm,2019,5/24/2019 1:10,0.004,,4013,1,,
arm,2019,5/24/2019 1:15,0.004,,4013,1,,
arm,2019,5/24/2019 1:20,0.009,,4013,1,,
arm,2019,5/24/2019 1:25,0.002,,4013,1,,
arm,2019,5/24/2019 1:30,0.001,,4013,1,,
arm,2019,5/24/2019 1:35,0.001,,4013,1,,
arm,2019,5/24/2019 2:00,0,,4013,1,,
arm,2019,5/24/2019 3:45,0.001,,,1,,
arm,2019,5/24/2019 3:50,0.002,,,1,,
arm,2019,5/24/2019 3:55,0.001,,,1,,
arm,2019,5/24/2019 5:25,0.001,,,1,,
arm,2019,5/24/2019 5:30,0.001,,,1,,
arm,2019,5/24/2019 5:45,0.001,,,1,,
arm,2019,5/24/2019 5:50,0.001,,,1,,
arm,2019,5/24/2019 5:55,0.001,,,1,,
arm,2019,5/24/2019 6:00,0.001,,,1,,
arm,2019,5/26/2019 1:25,0.001,,,1,,
arm,2019,5/26/2019 1:30,0.001,,,1,,
arm,2019,5/26/2019 2:15,0.001,,,1,,
arm,2019,5/26/2019 2:20,0.002,,,1,,
arm,2019,5/26/2019 2:25,0.001,,,1,,
arm,2019,5/26/2019 2:35,0.001,,,1,,
arm,2019,5/26/2019 2:40,0.001,,,1,,
arm,2019,5/27/2019 0:10,0.001,,,1,,
arm,2019,5/27/2019 1:45,0.001,,,1,,
arm,2019,5/27/2019 1:55,0.001,,,1,,
arm,2019,5/27/2019 2:00,0.001,,,1,,
arm,2019,5/27/2019 5:20,0.001,,,1,,
arm,2019,5/27/2019 5:25,0.003,,,1,,
arm,2019,5/28/2019 3:05,0.001,,,1,,
arm,2019,5/28/2019 3:15,0.001,,,1,,
arm,2019,5/28/2019 3:20,0,,4017,1,,
arm,2019,5/28/2019 5:35,0.001,,4017,1,,
arm,2019,5/28/2019 5:55,0.002,,4017,1,,
arm,2019,5/28/2019 6:00,0.004,,4017,1,,
arm,2019,5/28/2019 6:05,0.001,,4017,1,,
arm,2019,5/28/2019 6:15,0.002,,4017,1,,
arm,2019,5/28/2019 6:20,0.004,,4017,1,,
arm,2019,5/28/2019 6:25,0.004,4016,4017,1,,
arm,2019,5/28/2019 6:30,0.002,4016,4017,1,,
arm,2019,5/28/2019 6:50,0.001,4016,4017,1,,
arm,2019,5/28/2019 7:25,0.001,4016,4017,1,,
arm,2019,5/28/2019 10:40,0,4016,4017,1,,
arm,2020,5/28/2019 17:20,0,4016,4017,1,,
arm,2019,6/1/2019 6:45,0.001,,,1,,
arm,2019,6/3/2019 11:45,0.001,,,1,,
arm,2019,6/3/2019 11:50,0.001,,,1,,
arm,2019,6/3/2019 13:05,0.001,,,1,,
arm,2019,6/3/2019 13:10,0.001,,,1,,
arm,2019,6/3/2019 13:15,0.001,,,1,,
arm,2019,6/3/2019 13:20,0.001,,,1,,
arm,2019,6/3/2019 13:45,0.001,,,1,,
arm,2019,6/3/2019 13:55,0.001,,,1,,
arm,2019,6/3/2019 14:05,0.001,,,1,,
arm,2019,6/3/2019 16:00,0.001,,,1,,
arm,2019,6/5/2019 8:45,0,,,2,,
arm,2019,6/11/2019 20:55,0.001,,,2,,
arm,2019,6/11/2019 21:00,0.001,,,2,,
arm,2019,6/11/2019 21:10,0.001,,,2,,
arm,2019,6/12/2019 12:10,0.002,,,2,,
arm,2019,6/18/2019 14:45,0.001,,,2,,
arm,2019,6/18/2019 14:50,0.001,,,2,,
arm,2019,6/18/2019 14:55,0.001,,,2,,
arm,2019,6/18/2019 15:15,0.001,,,2,,
arm,2019,6/18/2019 15:20,0.001,,,2,,
arm,2019,6/18/2019 15:25,0.001,,,2,,
arm,2019,6/18/2019 15:30,0.001,,,2,,
arm,2019,6/18/2019 15:35,0.001,,,2,,
arm,2019,6/18/2019 15:40,0.001,,,2,,
arm,2019,6/18/2019 16:20,0.001,,,2,,
arm,2019,6/18/2019 16:25,0.001,,,2,,
arm,2019,6/18/2019 16:35,0.001,,,2,,
arm,2019,6/18/2019 16:40,0.001,,,2,,
arm,2019,6/18/2019 16:45,0.001,,,2,,
arm,2019,6/18/2019 16:50,0.002,,,2,,
arm,2019,6/18/2019 16:55,0.002,,,2,,
arm,2019,6/18/2019 17:00,0.003,,,2,,
arm,2019,6/18/2019 17:05,0.004,,,2,,
arm,2019,6/18/2019 17:10,0.003,,,2,,
arm,2019,6/18/2019 17:15,0.002,,,2,,
arm,2019,6/18/2019 17:20,0.001,,,2,,
arm,2019,6/18/2019 17:25,0.002,,,2,,
arm,2019,6/18/2019 17:30,0.002,,,2,,
arm,2019,6/18/2019 17:35,0.001,,,2,,
arm,2019,6/18/2019 17:45,0.001,,,2,,
arm,2019,6/18/2019 17:55,0.001,,,2,,
arm,2019,6/18/2019 18:00,0.001,,,2,,
arm,2019,6/18/2019 18:15,0.001,,,2,,
arm,2019,6/21/2019 6:35,0.001,,,2,,
arm,2019,6/21/2019 6:45,0.001,,,2,,
arm,2019,6/21/2019 9:05,0.001,,,2,,
arm,2019,6/21/2019 9:10,0.001,,,2,,
arm,2019,6/22/2019 8:10,0.001,,,2,,
arm,2019,6/22/2019 8:15,0.001,,,2,,
arm,2019,6/22/2019 8:55,0.001,,,2,,
arm,2019,6/22/2019 9:00,0.001,,,2,,
arm,2019,6/22/2019 9:30,0.001,,,2,,
arm,2019,6/23/2019 19:10,0.001,,,2,,
arm,2019,6/23/2019 20:20,0.001,,,2,,
arm,2019,6/25/2019 8:45,0,,,3,,
arm,2019,6/25/2019 20:40,0.001,,,3,,
arm,2019,6/25/2019 20:45,0.002,,,3,,
arm,2019,7/3/2019 18:50,0.004,,,3,,
arm,2019,7/3/2019 18:55,0.005,,,3,,
arm,2019,7/3/2019 19:00,0.004,,,3,,
arm,2019,7/3/2019 19:25,0.004,,,3,,
arm,2019,7/3/2019 19:30,0.004,,,3,,
arm,2019,7/3/2019 19:35,0.003,,,3,,
arm,2019,7/3/2019 19:40,0.002,,,3,,
arm,2019,7/3/2019 19:45,0.004,,,3,,
arm,2019,7/3/2019 19:50,0.003,,,3,,
arm,2019,7/3/2019 19:55,0.001,,,3,,
arm,2019,7/3/2019 20:00,0.001,,,3,,
arm,2019,7/3/2019 20:10,0.001,,,3,,
arm,2019,7/3/2019 20:15,0.001,,,3,,
arm,2019,7/3/2019 21:05,0.001,,,3,,
arm,2019,7/16/2019 5:30,0.001,,,3,,
arm,2019,7/16/2019 5:35,0.002,,,3,,
arm,2019,7/16/2019 5:40,0.002,,,3,,
arm,2019,7/16/2019 5:45,0.001,,,3,,
arm,2019,7/16/2019 5:50,0.001,,,3,,
arm,2019,7/16/2019 5:55,0.002,,,3,,
arm,2019,7/16/2019 6:00,0.004,,,3,,
arm,2019,7/16/2019 6:05,0.005,,,3,,
arm,2019,7/16/2019 6:10,0.005,,,3,,
arm,2019,7/16/2019 6:15,0.002,,,3,,
arm,2019,7/16/2019 6:20,0.004,,,3,,
arm,2019,7/16/2019 6:25,0.005,,,3,,
arm,2019,7/16/2019 6:30,0.008,,,3,,
arm,2019,7/16/2019 6:35,0.005,,,3,,
arm,2019,7/16/2019 6:40,0.001,,,3,,
arm,2019,7/16/2019 6:45,0.001,,4043,3,,
arm,2019,7/16/2019 6:50,0.003,,4043,3,,
arm,2019,7/16/2019 6:55,0.003,,4043,3,,
arm,2019,7/16/2019 7:00,0.001,,4043,3,,
arm,2019,7/16/2019 7:05,0.003,,4043,3,,
arm,2019,7/16/2019 7:10,0.001,,4043,3,,
arm,2019,7/16/2019 7:45,0,,4043,3,,
arm,2019,7/28/2019 18:25,0.001,,,,,
arm,2019,7/31/2019 6:05,0.001,,,,,
arm,2019,7/31/2019 6:45,0.001,,,,,
arm,2019,7/31/2019 7:10,0.001,,,,,
arm,2019,7/31/2019 7:15,0.001,,,,,
arm,2019,7/31/2019 7:20,0.001,,,,,
arm,2019,7/31/2019 7:25,0.001,,,,,
arm,2019,7/31/2019 7:40,0.001,,,,,
arm,2019,7/31/2019 7:45,0.001,,,,,
arm,2019,7/31/2019 7:50,0.002,,,,,
arm,2019,7/31/2019 7:55,0.003,,,,,
arm,2019,7/31/2019 8:00,0.001,,,,,
arm,2019,7/31/2019 9:30,0.001,,,,,
arm,2019,7/31/2019 10:55,0.001,,,,,
arm,2019,8/11/2019 7:10,0.001,,,,,
arm,2019,8/11/2019 7:15,0.002,,,,,
arm,2019,8/11/2019 7:20,0.005,,,,,
arm,2019,8/11/2019 7:25,0.008,,,,,
arm,2019,8/11/2019 7:30,0.008,,,,,
arm,2019,8/11/2019 7:35,0.009,,,,,
arm,2019,8/11/2019 7:40,0.007,,,,,
arm,2019,8/11/2019 7:45,0.001,,,,,
arm,2019,8/11/2019 8:00,0.001,,,,,
arm,2019,8/11/2019 8:35,0.001,,,,,
arm,2019,8/11/2019 8:40,0.001,,,,,
arm,2019,8/11/2019 8:45,0.001,,,,,
arm,2019,8/11/2019 9:10,0.001,,,,,
arm,2019,8/11/2019 9:40,0.001,,,,,
arm,2019,8/11/2019 9:50,0.001,,,,,
arm,2019,8/11/2019 10:00,0.001,,,,,
arm,2019,8/11/2019 10:05,0.001,,,,,
arm,2019,8/11/2019 10:20,0.001,,,,,
arm,2019,8/12/2019 4:15,0.004,,,,,
arm,2019,8/12/2019 4:20,0.002,,,,,
arm,2019,8/12/2019 4:25,0.001,,,,,
arm,2019,8/12/2019 4:55,0.001,,,,,
arm,2019,8/12/2019 5:05,0.001,,,,,
arm,2019,8/18/2019 5:20,0.001,,,,,
arm,2019,8/18/2019 5:25,0.002,,,,,
arm,2019,8/18/2019 5:30,0.002,,,,,
arm,2019,8/18/2019 6:40,0.001,,,,,
arm,2019,8/18/2019 6:50,0.001,,,,,
arm,2019,8/18/2019 7:00,0.001,,,,,
arm,2019,8/18/2019 7:05,0.002,,,,,
arm,2019,8/21/2019 6:40,0.001,,,,,
arm,2019,8/21/2019 6:45,0.003,,,,,
arm,2019,8/21/2019 6:50,0.008,,,,,
arm,2019,8/21/2019 6:55,0.005,,,,,
arm,2019,8/21/2019 7:00,0.004,,,,,
arm,2019,8/21/2019 7:05,0.003,,,,,
arm,2019,8/21/2019 7:10,0.002,,,,,
arm,2019,8/21/2019 7:15,0.001,,,,,
arm,2019,8/21/2019 7:20,0.001,,,,,
arm,2019,8/21/2019 7:25,0.001,,,,,
arm,2019,8/21/2019 7:55,0.001,,,,,
arm,2019,8/26/2019 9:30,0.001,,,,,
arm,2019,8/26/2019 9:45,0.001,,,,,
arm,2019,8/26/2019 9:50,0.001,,,,,
arm,2019,8/26/2019 10:00,0.001,,,,,
arm,2019,8/26/2019 15:40,0.002,,,,,
arm,2019,8/26/2019 15:45,0.002,,,,,
arm,2019,8/29/2019 5:40,0.003,,,,,
arm,2019,8/29/2019 5:45,0.001,,,,,
arm,2019,9/7/2019 15:25,0.001,,,,,
arm,2019,9/7/2019 23:25,0.001,,,,,
arm,2019,9/10/2019 3:25,0.001,,,,,
arm,2019,9/10/2019 3:30,0.002,,,,,
arm,2019,9/10/2019 3:35,0.001,,,,,
arm,2019,9/10/2019 3:40,0.002,,,,,
arm,2019,9/10/2019 3:45,0.001,,,,,
arm,2019,9/10/2019 3:55,0.001,,,,,
arm,2019,9/10/2019 4:00,0.001,,,,,
arm,2019,9/10/2019 4:05,0.001,,,,,
arm,2019,9/10/2019 4:10,0.001,,,,,
arm,2019,9/10/2019 4:20,0.001,,,,,
arm,2019,9/10/2019 6:15,0.001,,,,,
arm,2019,9/10/2019 6:25,0.001,,,,,
arm,2019,9/10/2019 6:30,0.001,,,,,
arm,2019,9/10/2019 6:40,0.001,,,,,
arm,2019,9/10/2019 6:45,0.001,,,,,
arm,2019,9/10/2019 7:50,0.001,,,,,
arm,2019,9/10/2019 8:25,0.002,,,,,
arm,2019,9/12/2019 14:55,0.002,,,,,
arm,2019,9/12/2019 15:00,0.005,,,,,
arm,2019,9/12/2019 15:05,0.004,,,,,
arm,2019,9/14/2019 11:55,0.001,,,,,
arm,2019,9/15/2019 1:10,0.001,,,,,
arm,2019,9/18/2019 10:10,0.002,,,,,
arm,2019,9/18/2019 10:15,0.001,,,,,
arm,2019,9/19/2019 7:10,0.001,,,,,
arm,2019,9/19/2019 7:15,0.003,,,,,
arm,2019,9/19/2019 7:20,0.003,,,,,
arm,2019,9/19/2019 7:25,0.003,,,,,
arm,2019,9/19/2019 7:30,0.005,,,,,
arm,2019,9/19/2019 7:35,0.002,,,,,
arm,2019,9/19/2019 7:40,0.002,,,,,
arm,2019,9/19/2019 7:45,0.001,,,,,
arm,2019,9/19/2019 7:50,0.001,,,,,
arm,2019,9/19/2019 7:55,0.001,,,,,
arm,2019,9/19/2019 8:00,0.001,,,,,
arm,2019,9/19/2019 8:10,0.001,,,,,
arm,2019,9/19/2019 8:25,0.001,,,,,
arm,2019,9/19/2019 8:30,0.003,,,,,
arm,2019,9/19/2019 8:35,0.004,,,,,
arm,2019,9/19/2019 8:40,0.001,,,,,
arm,2019,9/21/2019 22:00,0.001,,,,,
arm,2019,9/21/2019 22:05,0.003,,,,,
arm,2019,9/21/2019 22:10,0.001,,,,,
arm,2019,9/21/2019 22:20,0.003,,,,,
arm,2019,9/21/2019 22:25,0.004,,,,,
arm,2019,9/21/2019 22:30,0.002,,,,,
arm,2019,9/21/2019 22:35,0.004,,,,,
arm,2019,9/21/2019 22:40,0.007,,,,,
arm,2019,9/21/2019 22:45,0.002,,4051,,,
arm,2019,9/21/2019 22:50,0.004,,4051,,,
arm,2019,9/21/2019 22:55,0.003,,4051,,,
arm,2019,9/21/2019 23:00,0.001,,4051,,,
arm,2019,9/22/2019 0:05,0.001,,4051,,,
arm,2019,9/22/2019 0:15,0.001,,4051,,,
arm,2019,9/22/2019 0:25,0.001,,4051,,,
arm,2019,9/22/2019 2:30,0.001,,4051,,,
arm,2019,9/22/2019 2:35,0.001,,4051,,,
arm,2019,9/22/2019 2:40,0.001,,4051,,,
arm,2019,9/22/2019 7:35,0.001,,4051,,,
arm,2019,9/22/2019 7:50,0.001,,4051,,,
arm,2019,9/22/2019 7:55,0.001,,4051,,,
arm,2019,9/22/2019 8:00,0.001,,4051,,,
arm,2019,9/22/2019 8:05,0.001,,4051,,,
arm,2019,9/22/2019 8:10,0.001,,4051,,,
arm,2019,9/22/2019 8:15,0.001,,4051,,,
arm,2019,9/22/2019 8:20,0.001,,4051,,,
arm,2019,9/22/2019 8:25,0.001,,4051,,,
arm,2019,9/22/2019 8:30,0.001,,4051,,,
arm,2019,9/22/2019 8:35,0.001,,4051,,,
arm,2019,9/22/2019 8:40,0.001,,4051,,,
arm,2019,9/22/2019 8:45,0.001,,4051,,,
arm,2019,9/22/2019 8:55,0.001,,4051,,,
arm,2019,9/22/2019 9:00,0.001,,4051,,,
arm,2019,9/22/2019 9:05,0.001,,4051,,,
arm,2019,9/22/2019 9:10,0.001,,4051,,,
arm,2019,9/22/2019 9:15,0.002,,4051,,,
arm,2019,9/22/2019 9:20,0.001,,4051,,,
arm,2019,9/22/2019 9:25,0.001,,4051,,,
arm,2019,9/22/2019 9:30,0.001,,4051,,,
arm,2019,9/22/2019 9:35,0.001,,4051,,,
arm,2019,9/22/2019 10:00,0,,4051,,,
arm,2019,9/24/2019 20:30,0.001,,,,,
arm,2019,9/24/2019 21:15,0.003,,,,,
arm,2019,9/24/2019 21:20,0.002,,,,,
arm,2019,9/24/2019 22:45,0.005,,,,,
arm,2019,9/24/2019 22:50,0.013,,,,,
arm,2019,9/24/2019 22:55,0.004,,4053,,,
arm,2019,9/24/2019 23:00,0.001,,4053,,,
arm,2019,9/25/2019 0:05,0,,4053,,,
arm,2019,9/28/2019 17:05,0.002,,,,,
arm,2019,9/28/2019 17:10,0.001,,,,,
arm,2019,9/28/2019 17:15,0.001,,,,,
arm,2019,9/28/2019 17:25,0.001,,,,,
arm,2019,9/28/2019 17:35,0.001,,,,,
arm,2019,9/28/2019 17:40,0.001,,,,,
arm,2019,9/29/2019 9:10,0.001,,,,,
arm,2019,9/29/2019 9:15,0.001,,,,,
arm,2019,9/29/2019 10:05,0.001,,,,,
arm,2019,9/29/2019 10:45,0.001,,,,,
arm,2019,10/1/2019 15:05,0.002,,,,,
arm,2019,10/1/2019 15:10,0.001,,,,,
arm,2019,10/1/2019 15:25,0.001,,,,,
arm,2019,10/1/2019 15:30,0.001,,,,,
arm,2019,10/1/2019 16:50,0.001,,,,,
arm,2019,10/1/2019 16:55,0.001,,,,,
arm,2019,10/1/2019 17:15,0.001,,,,,
arm,2019,10/1/2019 17:20,0.003,,,,,
arm,2019,10/1/2019 17:25,0.003,,,,,
arm,2019,10/1/2019 17:30,0.001,,,,,
arm,2019,10/1/2019 17:35,0,,4056,,,
arm,2019,10/1/2019 18:30,0.001,,4056,,,
arm,2019,10/1/2019 18:35,0.001,,4056,,,
arm,2019,10/1/2019 18:45,0.001,,4056,,,
arm,2019,10/1/2019 18:55,0.001,,4056,,,
arm,2019,10/1/2019 19:00,0.001,,4056,,,
arm,2019,10/1/2019 21:20,0.001,,4056,,,
arm,2019,10/1/2019 21:25,0.001,,4056,,,
arm,2019,10/1/2019 21:30,0.002,,4056,,,
arm,2019,10/1/2019 21:35,0.004,,4056,,,
arm,2019,10/1/2019 21:40,0.002,,4056,,,
arm,2019,10/1/2019 21:45,0.003,,4056,,,
arm,2019,10/1/2019 21:50,0.004,,4056,,,
arm,2019,10/1/2019 21:55,0.005,,4056,,,
arm,2019,10/1/2019 22:00,0.002,,4056,,,
arm,2019,10/1/2019 22:05,0.001,,4056,,,
arm,2019,10/1/2019 22:10,0.001,,4056,,,
arm,2019,10/1/2019 22:30,0.001,,4056,,,
arm,2019,10/1/2019 22:40,0.001,,4056,,,
arm,2019,10/2/2019 3:55,0,,4056,,,
arm,2019,10/2/2019 10:40,0.001,,,,,
arm,2019,10/2/2019 10:45,0.001,,,,,
arm,2019,10/2/2019 10:50,0.001,,,,,
arm,2019,10/2/2019 10:50,0.001,,,,,
arm,2019,10/5/2019 7:50,0.001,,,,,
arm,2019,10/5/2019 7:55,0.001,,,,,
arm,2019,10/5/2019 8:00,0.001,,,,,
arm,2019,10/5/2019 8:05,0.002,,,,,
arm,2019,10/5/2019 8:10,0.002,,,,,
arm,2019,10/5/2019 8:15,0.004,,4063,,,
arm,2019,10/5/2019 8:20,0.002,,4063,,,
arm,2019,10/5/2019 8:25,0.001,,4063,,,
arm,2019,10/5/2019 11:50,0,,4063,,,
arm,2019,10/9/2019 17:35,0.001,,,,,
arm,2019,10/9/2019 17:40,0.002,,,,,
arm,2019,10/9/2019 17:45,0.002,,,,,
arm,2019,10/10/2019 4:15,0.003,,,,,
arm,2019,10/10/2019 4:20,0.001,,,,,
arm,2019,10/10/2019 4:25,0.005,,4065,,,
arm,2019,10/10/2019 4:30,0.001,,4065,,,
arm,2019,10/10/2019 4:35,0.001,,4065,,,
arm,2019,10/10/2019 4:45,0.001,,4065,,,
arm,2019,10/10/2019 6:40,0.001,,4065,,,
arm,2019,10/10/2019 6:50,0.001,,4065,,,
arm,2019,10/10/2019 7:00,0.001,,4065,,,
arm,2019,10/10/2019 17:40,0,,4065,,,
arm,2019,10/10/2019 18:10,0.001,,,,,
arm,2019,10/20/2019 21:15,0.001,,,,,
arm,2019,10/20/2019 22:35,0.001,,,,,
arm,2019,10/20/2019 22:50,0.001,,,,,
arm,2019,10/20/2019 22:55,0.001,,,,,
arm,2019,10/20/2019 23:00,0.001,,,,,
arm,2019,10/21/2019 15:00,0.001,,,,,
arm,2020,4/20/2020 12:55,0.001,,,,,
arm,2020,4/22/2020 22:55,0.001,,,,,
arm,2020,5/7/2020 22:25,0.001,,,1,,
arm,2020,5/14/2020 0:15,0.001,,,1,,
arm,2020,5/14/2020 12:35,0.001,,,1,,
arm,2020,5/14/2020 13:25,0.002,,,1,,
arm,2020,5/14/2020 13:30,0.001,,,1,,
arm,2020,5/14/2020 13:40,0.001,,,1,,
arm,2020,5/14/2020 13:50,0.001,,,1,,
arm,2020,5/14/2020 13:55,0.001,,,1,,
arm,2020,5/14/2020 14:00,0.001,,,1,,
arm,2020,5/16/2020 21:30,0.002,,,1,,
arm,2020,5/16/2020 21:35,0.003,,,1,,
arm,2020,5/16/2020 21:40,0.006,,,1,,
arm,2020,5/16/2020 21:45,0.005,,,1,,
arm,2020,5/16/2020 21:50,0.001,,,1,,
arm,2020,5/22/2020 4:40,0.001,,,1,,
arm,2020,5/23/2020 0:50,0.001,,,1,,
arm,2020,5/23/2020 0:55,0.001,,,1,,
arm,2020,5/23/2020 1:00,0.001,,,1,,
arm,2020,5/23/2020 1:05,0.001,,,1,,
arm,2020,5/23/2020 1:10,0.001,,,1,,
arm,2020,5/23/2020 1:15,0.001,,,1,,
arm,2020,5/23/2020 1:20,0.001,,,1,,
arm,2020,5/23/2020 1:30,0.001,,,1,,
arm,2020,5/23/2020 1:35,0.001,,,1,,
arm,2020,5/23/2020 1:40,0.001,,,1,,
arm,2020,5/23/2020 1:45,0.001,,,1,,
arm,2020,5/24/2020 7:05,0.002,,,1,,
arm,2020,5/24/2020 7:10,0.003,,,1,,
arm,2020,5/24/2020 7:15,0.003,,,1,,
arm,2020,5/24/2020 7:20,0.003,,,1,,
arm,2020,5/24/2020 7:25,0.002,,,1,,
arm,2020,5/24/2020 7:30,0.003,,,1,,
arm,2020,5/24/2020 7:35,0.002,,,1,,
arm,2020,5/24/2020 7:40,0.001,,,1,,
arm,2020,5/24/2020 7:45,0.002,,,1,,
arm,2020,5/24/2020 7:50,0.002,,,1,,
arm,2020,5/24/2020 7:55,0.001,,,1,,
arm,2020,5/24/2020 8:05,0.001,,,1,,
arm,2020,5/24/2020 8:10,0.001,,,1,,
arm,2020,5/24/2020 8:15,0.001,,,1,,
arm,2020,5/25/2020 21:05,0.002,,,1,,
arm,2020,5/25/2020 21:10,0.002,,,1,,
arm,2020,5/25/2020 21:15,0.002,,,1,,
arm,2020,5/25/2020 21:20,0.001,,,1,,
arm,2020,5/26/2020 6:00,0.001,,,1,,
arm,2020,5/26/2020 6:05,0.001,,,1,,
arm,2020,5/26/2020 13:10,0.001,,,1,,
arm,2020,5/26/2020 17:30,0.001,,,1,,
arm,2020,5/26/2020 17:35,0.001,,,1,,
arm,2020,5/26/2020 17:40,0.001,,,1,,
arm,2020,5/27/2020 8:45,0,,,2,,
arm,2020,6/9/2020 21:45,0.003,,,2,,
arm,2020,6/9/2020 21:50,0.007,,,2,,
arm,2020,6/9/2020 21:55,0.003,,,2,,
arm,2020,6/9/2020 22:40,0.001,,,2,,
arm,2020,6/10/2020 5:05,0.001,,,2,,
arm,2020,6/19/2020 3:20,0.001,,,2,,
arm,2020,6/19/2020 3:25,0.001,,,2,,
arm,2020,6/19/2020 3:40,0.001,,,2,,
arm,2020,6/19/2020 3:45,0.001,,,2,,
arm,2020,6/19/2020 3:50,0.001,,,2,,
arm,2020,6/25/2020 8:45,0,,,3,,
arm,2020,6/28/2020 5:25,0.001,,,3,,
arm,2020,6/28/2020 5:30,0.001,,,3,,
arm,2020,6/28/2020 6:30,0.001,,,3,,
arm,2020,7/1/2020 2:15,0.001,,,3,,
arm,2020,7/1/2020 2:20,0.002,,,3,,
arm,2020,7/1/2020 2:25,0.005,,,3,,
arm,2020,7/1/2020 2:30,0.004,,,3,,
arm,2020,7/1/2020 2:35,0.002,,,3,,
arm,2020,7/1/2020 2:40,0.001,,,3,,
arm,2020,7/1/2020 2:45,0.001,,,3,,
arm,2020,7/1/2020 3:05,0.001,,,3,,
arm,2020,7/1/2020 3:25,0.001,,,3,,
arm,2020,7/1/2020 3:30,0.001,,,3,,
arm,2020,7/1/2020 4:30,0.001,,,3,,
arm,2020,7/1/2020 4:45,0.001,,,3,,
arm,2020,7/1/2020 4:50,0.001,,,3,,
arm,2020,7/15/2020 7:30,0.001,,,3,,
arm,2020,7/15/2020 7:45,0.001,,,3,,
arm,2020,7/18/2020 5:55,0.001,,,3,,
arm,2020,7/20/2020 8:10,0.001,,,3,,
arm,2020,7/23/2020 8:45,0.001,,,3,,
arm,2020,7/23/2020 8:50,0.001,,,3,,
arm,2020,7/23/2020 8:55,0.001,,,3,,
arm,2020,7/23/2020 9:00,0.003,,,3,,
arm,2020,7/23/2020 9:05,0.001,,,3,,
arm,2020,7/23/2020 9:10,0.001,,,3,,
arm,2020,7/23/2020 9:20,0.001,,,3,,
arm,2020,7/23/2020 9:25,0.007,,,3,,
arm,2020,7/23/2020 9:30,0.007,,,3,,
arm,2020,7/23/2020 9:35,0.004,,,3,,
arm,2020,7/23/2020 9:40,0.001,,,3,,
arm,2020,7/23/2020 9:45,0.001,,,3,,
arm,2020,7/23/2020 9:50,0.001,,,3,,
arm,2020,7/23/2020 9:55,0.002,,,3,,
arm,2020,7/23/2020 10:00,0.002,,,3,,
arm,2020,7/23/2020 10:05,0.001,,,3,,
arm,2020,7/23/2020 10:10,0.002,,,3,,
arm,2020,7/23/2020 10:15,0.001,,,3,,
arm,2020,7/23/2020 10:20,0.001,,,3,,
arm,2020,7/23/2020 10:30,0.001,,,3,,
arm,2020,7/23/2020 10:35,0.001,,,3,,
arm,2020,7/26/2020 10:35,0.003,,,3,,
arm,2020,7/26/2020 10:40,0.002,,,3,,
arm,2020,7/26/2020 10:55,0.001,,,3,,
arm,2020,7/26/2020 11:05,0.001,,,3,,
arm,2020,7/26/2020 11:10,0.001,,,3,,
arm,2020,7/26/2020 11:15,0.001,,,3,,
arm,2020,7/26/2020 11:20,0.001,,,3,,
arm,2020,7/26/2020 11:25,0.001,,,3,,
arm,2020,7/26/2020 11:30,0.001,,,3,,
arm,2020,7/26/2020 12:20,0.001,,,3,,
arm,2020,7/29/2020 14:55,0.001,,,3,,
arm,2020,7/29/2020 15:00,0.001,,,3,,
arm,2020,7/29/2020 23:15,0.001,,,3,,
arm,2020,7/29/2020 23:20,0.001,,,3,,
arm,2020,7/29/2020 23:40,0.001,,,3,,
arm,2020,7/29/2020 23:45,0.002,,,3,,
arm,2020,7/29/2020 23:50,0.003,,,3,,
arm,2020,7/29/2020 23:55,0.001,,,3,,
arm,2020,8/1/2020 17:15,0.001,,,3,,
arm,2020,8/1/2020 17:20,0.001,,,3,,
arm,2020,8/4/2020 8:45,0,,,3,,
arm,2020,8/9/2020 8:10,0.001,,,,,
arm,2020,9/7/2020 21:15,0.001,,,,,
arm,2020,9/7/2020 23:50,0.001,,,,,
arm,2020,9/8/2020 0:15,0.001,,,,,
arm,2020,9/8/2020 0:20,0.001,,,,,
arm,2020,9/8/2020 0:35,0.001,,,,,
arm,2020,9/8/2020 0:50,0.001,,,,,
arm,2020,9/8/2020 0:55,0.001,,,,,
arm,2020,9/8/2020 1:05,0.001,,,,,
arm,2020,9/8/2020 1:15,0.001,,,,,
arm,2020,9/8/2020 1:20,0.001,,,,,
arm,2020,9/8/2020 1:25,0.001,,,,,
arm,2020,9/8/2020 1:35,0.001,,,,,
arm,2020,9/8/2020 1:40,0.001,,,,,
arm,2020,9/8/2020 14:50,0.001,,,,,
arm,2020,9/8/2020 15:35,0.001,,,,,
arm,2020,9/8/2020 15:40,0.001,,,,,
arm,2020,9/8/2020 15:45,0.001,,,,,
arm,2020,9/8/2020 15:50,0.001,,,,,
arm,2020,9/8/2020 16:05,0.001,,,,,
arm,2020,9/8/2020 16:15,0.001,,,,,
arm,2020,9/8/2020 16:30,0.001,,,,,
arm,2020,9/8/2020 18:20,0.001,,,,,
arm,2020,9/8/2020 18:30,0.001,,,,,
arm,2020,9/8/2020 21:10,0.001,,,,,
arm,2020,9/9/2020 2:40,0.002,,,,,
arm,2020,9/9/2020 2:45,0.002,,,,,
arm,2020,9/9/2020 2:50,0.002,,,,,
arm,2020,9/9/2020 2:55,0.001,,,,,
arm,2020,9/9/2020 3:00,0.001,,,,,
arm,2020,9/9/2020 3:05,0.001,,,,,
arm,2020,9/9/2020 3:10,0.001,,,,,
arm,2020,9/9/2020 3:30,0.001,,,,,
arm,2020,9/9/2020 3:35,0.001,,,,,
arm,2020,9/9/2020 3:40,0.001,,,,,
arm,2020,9/9/2020 4:35,0.001,,,,,
arm,2020,9/9/2020 4:45,0.001,,,,,
arm,2020,9/9/2020 5:55,0.001,,,,,
arm,2020,9/9/2020 6:00,0.001,,,,,
arm,2020,9/9/2020 6:05,0.001,,,,,
arm,2020,9/9/2020 6:15,0.001,,,,,
arm,2020,9/9/2020 6:40,0.001,,,,,
arm,2020,9/9/2020 8:30,0.001,,,,,
arm,2020,9/9/2020 8:35,0.001,,,,,
arm,2020,9/9/2020 12:00,0.001,,,,,
arm,2020,9/10/2020 2:25,0.001,,,,,
arm,2020,9/10/2020 2:30,0.001,,,,,
arm,2020,9/11/2020 22:00,0.001,,,,,
arm,2020,9/11/2020 22:05,0.001,,,,,
arm,2020,9/27/2020 9:50,0.001,,,,,
arm,2020,10/3/2020 0:20,0.001,,,,,
arm,2020,10/3/2020 0:30,0.001,,,,,
arm,2021,4/7/2021 2:00,0.001,,,,,
arm,2021,4/7/2021 2:05,0.001,,,,,
arm,2021,4/7/2021 18:10,0.001,,,,,
arm,2021,4/7/2021 18:50,0.001,,,,,
arm,2021,4/7/2021 18:55,0.001,,,,,
arm,2021,4/8/2021 1:55,0.001,,,,,
arm,2021,5/8/2021 21:20,0.001,,,,,
arm,2021,5/8/2021 21:25,0.002,,,,,
arm,2021,5/8/2021 21:30,0.003,,,,,
arm,2021,5/8/2021 21:35,0.004,,,,,
arm,2021,5/8/2021 21:40,0.003,,,,,
arm,2021,5/8/2021 21:45,0.002,,,,,
arm,2021,5/8/2021 21:50,0.002,,,,,
arm,2021,5/8/2021 21:55,0.002,,,,,
arm,2021,5/8/2021 22:00,0.001,,,,,
arm,2021,5/8/2021 22:05,0.001,,,,,
arm,2021,5/8/2021 22:10,0.002,,,,,
arm,2021,5/8/2021 22:15,0.001,,,,,
arm,2021,5/8/2021 23:25,0.001,,,,,
arm,2021,5/8/2021 23:30,0.001,,,,,
arm,2021,5/8/2021 23:35,0.001,,,,,
arm,2021,5/9/2021 0:15,0.001,,,,,
arm,2021,5/9/2021 0:30,0.001,,,,,
arm,2021,5/9/2021 1:05,0.001,,,,,
arm,2021,5/9/2021 1:10,0.001,,,,,
arm,2021,5/9/2021 1:15,0.001,,,,,
arm,2021,5/9/2021 1:20,0.001,,,,,
arm,2021,5/19/2021 8:35,0.003,,,,,
arm,2021,5/19/2021 8:40,0.001,,,,,
arm,2021,5/20/2021 18:00,0.001,,,,,
arm,2021,5/20/2021 18:15,0.001,,,,,
arm,2021,5/20/2021 18:20,0.001,,,,,
arm,2021,5/20/2021 18:25,0.001,,,,,
arm,2021,5/22/2021 9:05,0.001,,,,,
arm,2021,5/25/2021 22:35,0.002,,,,,
arm,2021,5/27/2021 3:45,0.001,,,,,
arm,2021,5/27/2021 3:50,0.001,,,,,
arm,2021,5/27/2021 3:55,0.001,,,,,
arm,2021,5/27/2021 4:00,0.001,,,,,
arm,2021,5/27/2021 4:05,0.003,,,,,
arm,2021,5/27/2021 4:10,0.002,,,,,
arm,2021,5/27/2021 4:15,0.001,,,,,
arm,2021,5/27/2021 4:20,0.002,,,,,
arm,2021,5/27/2021 4:25,0.002,,,,,
arm,2021,5/27/2021 4:30,0.001,,,,,
arm,2021,5/27/2021 4:40,0.003,,,,,
arm,2021,5/27/2021 4:45,0.002,,,,,
arm,2021,5/27/2021 4:50,0.002,,,,,
arm,2021,6/17/2021 0:55,0.001,,,,,
arm,2021,6/17/2021 1:10,0.001,,,,,
arm,2021,6/17/2021 1:15,0.001,,,,,
arm,2021,6/18/2021 23:35,0.006,,,,,
arm,2021,6/18/2021 23:40,0.006,,,,,
arm,2021,6/18/2021 23:45,0.002,,,,,
arm,2021,6/19/2021 0:20,0.001,,,,,
arm,2021,6/19/2021 0:25,0.002,,,,,
arm,2021,6/19/2021 0:30,0.002,,,,,
arm,2021,6/20/2021 2:10,0.001,,,,,
arm,2021,6/20/2021 2:50,0.001,,,,,
arm,2021,6/20/2021 2:55,0.002,,,,,
arm,2021,6/20/2021 3:00,0.001,,,,,
arm,2021,6/20/2021 3:10,0.001,,,,,
arm,2021,6/20/2021 3:15,0.002,,,,,
arm,2021,6/20/2021 3:20,0.001,,,,,
arm,2021,6/20/2021 3:25,0.001,,,,,
arm,2021,6/20/2021 7:55,0.001,,,,,
arm,2021,6/24/2021 3:55,0.001,,,,,
arm,2021,6/24/2021 4:00,0.001,,,,,
arm,2021,6/24/2021 4:05,0.002,,,,,
arm,2021,6/24/2021 4:10,0.002,,,,,
arm,2021,6/24/2021 4:15,0.001,,,,,
arm,2021,6/24/2021 4:20,0.001,,,,,
arm,2021,6/24/2021 20:20,0.001,,,,,
arm,2021,6/24/2021 20:30,0.001,,,,,
arm,2021,6/24/2021 21:00,0.001,,,,,
arm,2021,6/24/2021 21:05,0.001,,,,,
arm,2021,6/26/2021 1:35,0.001,,,,,
arm,2021,6/26/2021 1:40,0.001,,,,,
arm,2021,6/26/2021 4:25,0.001,,,,,
arm,2021,6/28/2021 17:10,0.001,,,,,
arm,2021,7/7/2021 4:00,0.001,,,,,
arm,2021,7/7/2021 4:10,0.001,,,,,
arm,2021,7/7/2021 4:30,0.001,,,,,
arm,2021,7/7/2021 5:30,0.001,,,,,
arm,2021,7/7/2021 5:50,0.001,,,,,
arm,2021,7/7/2021 5:55,0.002,,,,,
arm,2021,7/7/2021 6:05,0.001,,,,,
arm,2021,7/7/2021 6:10,0.001,,,,,
arm,2021,7/7/2021 6:25,0.001,,,,,
arm,2021,7/7/2021 6:30,0.001,,,,,
arm,2021,7/7/2021 6:45,0.001,,,,,
arm,2021,7/9/2021 3:25,0.001,,,,,
arm,2021,7/10/2021 0:00,0.001,,,,,
arm,2021,7/10/2021 0:05,0.01,,,,,
arm,2021,7/10/2021 0:10,0.012,,,,,
arm,2021,7/10/2021 0:15,0.008,,,,,
arm,2021,7/10/2021 0:20,0.008,,,,,
arm,2021,7/10/2021 0:25,0.004,,,,,
arm,2021,7/10/2021 0:30,0.002,,,,,
arm,2021,7/10/2021 0:35,0.002,,,,,
arm,2021,7/10/2021 0:40,0.002,,,,,
arm,2021,7/10/2021 0:45,0.002,,,,,
arm,2021,7/10/2021 0:50,0.002,,,,,
arm,2021,7/10/2021 0:55,0.001,,,,,
arm,2021,7/10/2021 1:00,0.001,,,,,
arm,2021,7/10/2021 2:00,0.001,,,,,
arm,2021,7/10/2021 2:20,0.001,,,,,
arm,2021,7/10/2021 2:45,0.001,,,,,
arm,2021,7/10/2021 2:55,0.001,,,,,
arm,2021,7/10/2021 3:00,0.001,,,,,
arm,2021,7/10/2021 15:20,0.001,,,,,
arm,2021,7/10/2021 15:25,0.002,,,,,
arm,2021,7/10/2021 15:30,0.002,,,,,
arm,2021,7/10/2021 15:35,0.001,,,,,
arm,2021,7/10/2021 15:40,0.001,,,,,
arm,2021,7/10/2021 15:45,0.001,,,,,
arm,2021,7/13/2021 17:05,0.001,,,,,
arm,2021,7/15/2021 6:50,0.001,,,,,
arm,2021,7/15/2021 6:55,0.001,,,,,
arm,2021,7/15/2021 7:00,0.001,,,,,
arm,2021,7/15/2021 7:05,0.001,,,,,
arm,2021,7/15/2021 7:10,0.001,,,,,
arm,2021,7/30/2021 8:05,0.001,,,,,
arm,2021,7/30/2021 8:10,0.003,,,,,
arm,2021,7/30/2021 8:15,0.001,,,,,
arm,2021,7/30/2021 8:20,0.001,,,,,
arm,2021,7/30/2021 20:30,0.001,,,,,
arm,2021,7/30/2021 20:35,0.001,,,,,
arm,2021,7/30/2021 20:40,0.001,,,,,
arm,2021,7/30/2021 20:45,0.004,,,,,
arm,2021,7/30/2021 20:50,0.007,,,,,
arm,2021,7/30/2021 20:55,0.002,,,,,
arm,2021,7/31/2021 1:55,0.001,,,,,
arm,2021,7/31/2021 2:00,0.002,,,,,
arm,2021,7/31/2021 2:05,0.002,,,,,
arm,2021,7/31/2021 2:10,0.007,,,,,
arm,2021,7/31/2021 2:15,0.007,,,,,
arm,2021,7/31/2021 2:20,0.009,,,,,
arm,2021,7/31/2021 2:25,0.008,,,,,
arm,2021,7/31/2021 2:30,0.005,,,,,
arm,2021,7/31/2021 2:35,0.003,,,,,
arm,2021,7/31/2021 2:40,0.002,,,,,
arm,2021,7/31/2021 2:45,0.002,,,,,
arm,2021,7/31/2021 2:50,0.001,,,,,
arm,2021,7/31/2021 2:55,0.001,,,,,
arm,2021,7/31/2021 4:10,0.001,,,,,
arm,2021,7/31/2021 4:15,0.001,,,,,
arm,2021,7/31/2021 4:20,0.001,,,,,
arm,2021,7/31/2021 4:25,0.001,,,,,
arm,2021,7/31/2021 4:30,0.001,,,,,
arm,2021,7/31/2021 4:35,0.001,,,,,
arm,2021,7/31/2021 4:45,0.001,,,,,
arm,2021,7/31/2021 4:50,0.001,,,,,
arm,2021,7/31/2021 4:55,0.001,,,,,
arm,2021,7/31/2021 5:00,0.001,,,,,
arm,2021,7/31/2021 5:15,0.001,,,,,
arm,2021,7/31/2021 5:40,0.001,,,,,
arm,2021,8/6/2021 2:55,0.003,,,,,
arm,2021,8/6/2021 3:00,0.001,,,,,
arm,2021,8/7/2021 12:00,0.001,,,,,
arm,2021,8/7/2021 12:05,0.001,,,,,
arm,2021,8/8/2021 0:35,0.001,,,,,
arm,2021,8/8/2021 0:55,0.001,,,,,
arm,2021,8/8/2021 1:05,0.001,,,,,
arm,2021,8/8/2021 1:10,0.001,,,,,
arm,2021,8/8/2021 1:15,0.001,,,,,
arm,2021,8/8/2021 1:20,0.001,,,,,
arm,2021,8/8/2021 1:25,0.001,,,,,
arm,2021,8/8/2021 1:30,0.001,,,,,
arm,2021,8/8/2021 1:35,0.001,,,,,
arm,2021,8/8/2021 1:50,0.001,,,,,
arm,2021,8/25/2021 4:25,0.001,,,,,
arm,2021,8/29/2021 5:25,0.001,,,,,
arm,2021,8/31/2021 1:10,0.001,,,,,
arm,2021,8/31/2021 1:15,0.001,,,,,
arm,2021,8/31/2021 1:20,0.002,,,,,
arm,2021,8/31/2021 1:25,0.003,,,,,
arm,2021,8/31/2021 1:30,0.005,,,,,
arm,2021,8/31/2021 1:35,0.004,,,,,
arm,2021,8/31/2021 1:40,0.001,,,,,
arm,2021,8/31/2021 1:45,0.001,,,,,
arm,2021,8/31/2021 2:30,0.001,,,,,
arm,2021,8/31/2021 2:35,0.001,,,,,
arm,2021,8/31/2021 2:40,0.001,,,,,
arm,2021,8/31/2021 2:45,0.001,,,,,
arm,2021,8/31/2021 2:50,0.001,,,,,
arm,2021,8/31/2021 2:55,0.001,,,,,
arm,2021,8/31/2021 3:00,0.001,,,,,
arm,2021,8/31/2021 3:05,0.001,,,,,
arm,2021,8/31/2021 3:10,0.001,,,,,
arm,2021,8/31/2021 3:15,0.001,,,,,
arm,2021,8/31/2021 3:40,0.001,,,,,
arm,2021,8/31/2021 3:45,0.001,,,,,
arm,2021,8/31/2021 3:50,0.001,,,,,
arm,2021,8/31/2021 3:55,0.001,,,,,
arm,2021,8/31/2021 4:05,0.001,,,,,
arm,2021,8/31/2021 4:10,0.001,,,,,
arm,2021,8/31/2021 4:20,0.001,,,,,
arm,2021,8/31/2021 4:30,0.001,,,,,
arm,2021,8/31/2021 4:40,0.001,,,,,
arm,2021,8/31/2021 4:50,0.001,,,,,
arm,2021,8/31/2021 4:55,0.001,,,,,
arm,2021,8/31/2021 5:05,0.001,,,,,
arm,2021,8/31/2021 5:10,0.001,,,,,
arm,2021,8/31/2021 5:20,0.001,,,,,
arm,2021,8/31/2021 5:25,0.001,,,,,
arm,2021,8/31/2021 5:35,0.001,,,,,
arm,2021,8/31/2021 5:40,0.001,,,,,
arm,2021,8/31/2021 7:30,0.001,,,,,
arm,2021,8/31/2021 7:40,0.001,,,,,
arm,2021,8/31/2021 7:45,0.001,,,,,
arm,2021,8/31/2021 7:55,0.001,,,,,
arm,2021,9/3/2021 1:25,0.001,,,,,
arm,2021,9/3/2021 1:40,0.001,,,,,
arm,2021,9/3/2021 1:45,0.001,,,,,
arm,2021,9/3/2021 2:45,0.001,,,,,
arm,2021,9/3/2021 2:50,0.001,,,,,
arm,2021,9/3/2021 3:00,0.001,,,,,
arm,2021,9/17/2021 8:50,0.001,,,,,
arm,2021,9/30/2021 1:40,0.001,,,,,
arm,2021,9/30/2021 1:45,0.004,,,,,
arm,2021,9/30/2021 1:50,0.001,,,,,
arm,2021,9/30/2021 3:00,0.001,,,,,
arm,2021,9/30/2021 3:10,0.003,,,,,
arm,2021,9/30/2021 3:35,0.003,,,,,
arm,2021,9/30/2021 3:40,0.001,,,,,
arm,2021,9/30/2021 3:45,0.001,,,,,
arm,2021,9/30/2021 3:50,0.003,,,,,
arm,2021,9/30/2021 3:55,0.007,,,,,
arm,2021,9/30/2021 4:00,0.003,,,,,
arm,2021,9/30/2021 4:05,0.001,,,,,
arm,2021,9/30/2021 4:10,0.001,,,,,
arm,2021,9/30/2021 4:20,0.002,,,,,
arm,2021,9/30/2021 4:25,0.002,,,,,
arm,2021,9/30/2021 4:30,0.002,,,,,
arm,2021,9/30/2021 4:35,0.003,,,,,
arm,2021,9/30/2021 4:40,0.003,,,,,
arm,2021,9/30/2021 4:45,0.004,,,,,
arm,2021,9/30/2021 4:50,0.001,,,,,
arm,2021,10/13/2021 2:30,0.001,,,,,
arm,2021,10/13/2021 3:30,0.001,,,,,
arm,2021,10/13/2021 3:50,0.001,,,,,
arm,2021,10/13/2021 3:55,0.005,,,,,
arm,2021,10/13/2021 4:00,0.001,,,,,
arm,2021,10/13/2021 4:05,0.001,,,,,
arm,2021,10/13/2021 4:10,0.004,,,,,
arm,2021,10/13/2021 4:15,0.002,,,,,
arm,2021,10/13/2021 4:20,0.002,,,,,
arm,2021,10/13/2021 4:25,0.004,,,,,
arm,2021,10/13/2021 4:30,0.001,,,,,
arm,2021,10/13/2021 4:45,0.001,,,,,
arm,2021,10/13/2021 4:50,0.002,,,,,
arm,2021,10/13/2021 4:55,0.001,,,,,
arm,2021,10/24/2021 1:50,0.002,,,,,
arm,2021,10/24/2021 1:55,0.001,,,,,
arm,2021,10/24/2021 2:00,0.001,,,,,
arm,2021,10/24/2021 2:05,0.001,,,,,
arm,2021,10/24/2021 2:40,0.001,,,,,
arm,2021,10/24/2021 2:50,0.001,,,,,
arm,2021,10/24/2021 3:45,0.001,,,,,
arm,2021,10/24/2021 3:55,0.001,,,,,
arm,2021,10/24/2021 4:00,0.001,,,,,
arm,2021,10/24/2021 4:20,0.001,,,,,
arm,2021,10/24/2021 4:30,0.001,,,,,
arm,2021,10/24/2021 4:45,0.001,,,,,
arm,2021,10/24/2021 4:50,0.001,,,,,
arm,2021,10/24/2021 4:55,0.001,,,,,
arm,2021,10/24/2021 5:00,0.001,,,,,
arm,2021,10/24/2021 5:10,0.001,,,,,
arm,2021,10/24/2021 5:15,0.001,,,,,
arm,2021,10/24/2021 6:35,0.001,,,,,
arm,2021,10/24/2021 7:35,0.001,,,,,
arm,2021,10/24/2021 7:40,0.001,,,,,
arm,2021,10/24/2021 9:30,0.001,,,,,
arm,2021,10/24/2021 9:35,0.001,,,,,
arm,2021,10/24/2021 9:45,0.001,,,,,
arm,2021,10/24/2021 9:55,0.001,,,,,
arm,2021,10/24/2021 13:00,0.001,,,,,
arm,2021,10/24/2021 13:30,0.001,,,,,
arm,2021,10/24/2021 14:40,0.001,,,,,
arm,2021,10/24/2021 14:45,0.001,,,,,
arm,2021,10/24/2021 14:50,0.001,,,,,
arm,2021,10/24/2021 14:55,0.001,,,,,
arm,2021,10/24/2021 15:55,0.001,,,,,
arm,2021,10/24/2021 16:05,0.001,,,,,
arm,2021,10/24/2021 16:10,0.001,,,,,
arm,2021,10/24/2021 16:15,0.001,,,,,
arm,2021,10/24/2021 16:20,0.001,,,,,
arm,2021,10/24/2021 16:25,0.001,,,,,
arm,2021,10/24/2021 16:30,0.001,,,,,
