SiteID,precipitation,rain_time,sampleID,subtreatment,Treatment,rf_event,Year,flow_time,ro_event,flow,tss_sum,rf_rate,random
ARM,0.011,231.0,1001,control,control,10.0,2016,10721.0,17.0,17194.897,17.70880466,2.8571428571428568,NR
ARM,0.011,231.0,NS,prairie strip,strips,10.0,2016,0.0,0.0,0.0,0.0,2.8571428571428568,NR
ARM,0.033,151.0,1001,control,control,12.0,2016,10721.0,17.0,17194.897,17.70880466,13.112582781456954,NR
ARM,0.033,151.0,NS,prairie strip,strips,12.0,2016,0.0,0.0,0.0,0.0,13.112582781456954,NR
ARM,0.033,361.0,1001,control,control,14.0,2016,10721.0,17.0,17194.897,17.70880466,5.484764542936288,NR
ARM,0.033,361.0,1000,prairie strip,strips,14.0,2016,691.0,12.0,802.293,0.202753734,5.484764542936288,NR
ARM,0.025,341.0,1006,control,control,16.0,2016,6641.0,19.0,14240.346,11.30092702,4.39882697947214,NR
ARM,0.025,341.0,NS,prairie strip,strips,16.0,2016,0.0,0.0,0.0,0.0,4.39882697947214,NR
ARM,0.01,96.0,1006,control,control,18.0,2016,6641.0,19.0,14240.346,11.30092702,6.25,NR
ARM,0.01,96.0,NS,prairie strip,strips,18.0,2016,0.0,0.0,0.0,0.0,6.25,NR
ARM,0.016,46.0,1006,control,control,20.0,2016,6641.0,19.0,14240.346,11.30092702,20.869565217391305,NR
ARM,0.016,46.0,1006,prairie strip,strips,20.0,2016,0.0,0.0,0.0,0.0,20.869565217391305,NR
ARM,0.028,261.0,2007,control,control,22.0,2017,2266.0,20.0,1053.45,4.967727228,6.436781609195402,NR
ARM,0.028,261.0,NS,prairie strip,strips,22.0,2017,0.0,0.0,0.0,0.0,6.436781609195402,NR
ARM,0.05,1176.0,2011,control,control,24.0,2017,2451.0,26.0,6049.647,11.63584483,2.5510204081632657,NR
ARM,0.05,1176.0,2012,control,control,24.0,2017,2451.0,26.0,6049.647,4.803453331,2.5510204081632657,NR
ARM,0.05,1176.0,NS,prairie strip,strips,24.0,2017,0.0,0.0,0.0,0.0,2.5510204081632657,NR
ARM,0.052,456.0,4013,control,control,24.0,2019,661.0,10.0,681.16,2.167175397,6.842105263157895,NR
ARM,0.052,456.0,NS,prairie strip,strips,24.0,2019,0.0,0.0,0.0,0.0,6.842105263157895,NR
ARM,0.012,121.0,1008,control,control,26.0,2016,5466.0,37.0,23738.361,61.53595112,5.950413223140496,NR
ARM,0.012,121.0,NS,prairie strip,strips,26.0,2016,0.0,0.0,0.0,0.0,5.950413223140496,NR
ARM,0.019,146.0,2014,control,control,26.0,2017,4031.0,28.0,9944.343,8.513913491,7.808219178082191,NR
ARM,0.019,146.0,NS,prairie strip,strips,26.0,2017,0.0,0.0,0.0,0.0,7.808219178082191,NR
ARM,0.051,206.0,1008,control,control,28.0,2016,5466.0,37.0,23738.361,61.53595112,14.854368932038835,NR
ARM,0.051,206.0,1007,prairie strip,strips,28.0,2016,826.0,14.0,1604.461,0.086412892,14.854368932038835,NR
ARM,0.024,641.0,2014,control,control,28.0,2017,4031.0,28.0,9944.343,8.513913491,2.2464898595943836,NR
ARM,0.024,641.0,2015,prairie strip,strips,28.0,2017,336.0,10.0,261.986,0.014110014,2.2464898595943836,NR
ARM,0.007,231.0,1008,control,control,30.0,2016,5466.0,37.0,23738.361,61.53595112,1.8181818181818181,NR
ARM,0.007,231.0,NS,prairie strip,strips,30.0,2016,0.0,0.0,0.0,0.0,1.8181818181818181,NR
ARM,0.024,261.0,4017,control,control,30.0,2019,1161.0,16.0,2623.566,8.399633621,5.517241379310345,NR
ARM,0.024,261.0,4016,prairie strip,strips,30.0,2019,656.0,12.0,4441.809,0.653272317,5.517241379310345,NR
ARM,0.035,521.0,2020,control,control,38.0,2017,96.0,44.0,187.058,0.275019461,4.030710172744722,NR
ARM,0.035,521.0,NS,prairie strip,strips,38.0,2017,0.0,0.0,0.0,0.0,4.030710172744722,NR
ARM,0.055,31.0,2022,control,control,42.0,2017,2901.0,46.0,16227.983,28.63822551,106.45161290322581,NR
ARM,0.055,31.0,2021,prairie strip,strips,42.0,2017,576.0,12.0,3436.717,0.256284475,106.45161290322581,NR
ARM,0.056,301.0,1016,control,control,48.0,2016,1126.0,57.0,4413.512,1.513254485,11.162790697674419,NR
ARM,0.056,301.0,NS,prairie strip,strips,48.0,2016,0.0,0.0,0.0,0.0,11.162790697674419,NR
ARM,0.06,101.0,4043,control,control,52.0,2019,461.0,24.0,452.92,22.62740997,35.64356435643564,NR
ARM,0.06,101.0,NS,prairie strip,strips,52.0,2019,0.0,0.0,0.0,0.0,35.64356435643564,NR
ARM,0.02,496.0,3046,control,control,72.0,2018,181.0,17.0,421.114,0.085212247,2.4193548387096775,NR
ARM,0.02,496.0,NS,prairie strip,strips,72.0,2018,0.0,0.0,0.0,0.0,2.4193548387096775,NR
ARM,0.018,646.0,3048,control,control,78.0,2018,1276.0,21.0,5056.601,0.195652991,1.6718266253869967,NR
ARM,0.018,646.0,NS,prairie strip,strips,78.0,2018,0.0,0.0,0.0,0.0,1.6718266253869967,NR
ARM,0.047,126.0,1034,control,control,80.0,2016,26.0,123.0,20.8,0.003297607,22.38095238095238,NR
ARM,0.047,126.0,NS,prairie strip,strips,80.0,2016,0.0,0.0,0.0,0.0,22.38095238095238,NR
ARM,0.064,696.0,4051,control,control,86.0,2019,31.0,28.0,608.061,1.445341171,5.517241379310345,NR
ARM,0.064,696.0,4051,control,control,86.0,2019,46.0,30.0,117.539,0.279386371,5.517241379310345,NR
ARM,0.064,696.0,NS,prairie strip,strips,86.0,2019,0.0,0.0,0.0,0.0,5.517241379310345,NR
ARM,0.029,151.0,4053,control,control,88.0,2019,71.0,32.0,3036.538,3.499987412,11.523178807947021,NR
ARM,0.029,151.0,NS,prairie strip,strips,88.0,2019,0.0,0.0,0.0,0.0,11.523178807947021,NR
ARM,0.048,456.0,4056,control,control,94.0,2019,621.0,36.0,6288.616,3.006721611,6.315789473684211,NR
ARM,0.048,456.0,NS,prairie strip,strips,94.0,2019,0.0,0.0,0.0,0.0,6.315789473684211,NR
ARM,0.021,96.0,3075,control,control,98.0,2018,421.0,25.0,3804.778,0.180291934,13.125,NR
ARM,0.021,96.0,NS,prairie strip,strips,98.0,2018,0.0,0.0,0.0,0.0,13.125,NR
ARM,0.014,36.0,4063,control,control,98.0,2019,216.0,40.0,1455.414,0.569116633,23.333333333333336,NR
ARM,0.014,36.0,NS,prairie strip,strips,98.0,2019,0.0,0.0,0.0,0.0,23.333333333333336,NR
ARM,0.015,166.0,4065,control,control,102.0,2019,796.0,42.0,1428.299,0.685351401,5.421686746987952,NR
ARM,0.015,166.0,NS,prairie strip,strips,102.0,2019,0.0,0.0,0.0,0.0,5.421686746987952,NR
EIA,0.013,266.0,1002,prairie strip,strips,22.0,2016,3506.0,18.0,1207.933,0.020899248,2.932330827067669,R
EIA,0.013,266.0,NS,prairie strip,strips,22.0,2016,0.0,0.0,0.0,0.0,2.932330827067669,R
EIA,0.026,61.0,3012,control,control,22.0,2018,3121.0,10.0,25799.587,9.730638821,25.573770491803277,R
EIA,0.026,61.0,3011,prairie strip,strips,22.0,2018,3461.0,16.0,29752.349,76.34594749,25.573770491803277,R
EIA,0.056,136.0,3012,control,control,24.0,2018,3121.0,10.0,25799.587,9.730638821,24.705882352941178,R
EIA,0.056,136.0,3011,prairie strip,strips,24.0,2018,3461.0,16.0,29752.349,76.34594749,24.705882352941178,R
EIA,0.047,746.0,3020,control,control,28.0,2018,5166.0,14.0,76910.36,0.12104337,3.780160857908847,R
EIA,0.047,746.0,3022,prairie strip,strips,28.0,2018,2681.0,26.0,7572.156,0.187583968,3.780160857908847,R
EIA,0.012,466.0,3026,control,control,32.0,2018,5166.0,14.0,76910.36,11.27534233,1.5450643776824036,R
EIA,0.012,466.0,3025,prairie strip,strips,32.0,2018,641.0,28.0,90949.729,1.422611595,1.5450643776824036,R
EIA,0.012,466.0,3025,prairie strip,strips,32.0,2018,2681.0,26.0,7572.156,0.014121221,1.5450643776824036,R
EIA,0.064,206.0,3026,control,control,34.0,2018,5166.0,14.0,76910.36,11.27534233,18.640776699029125,R
EIA,0.064,206.0,3025,prairie strip,strips,34.0,2018,641.0,28.0,90949.729,1.422611595,18.640776699029125,R
EIA,0.064,206.0,3025,prairie strip,strips,34.0,2018,2681.0,26.0,7572.156,0.014121221,18.640776699029125,R
EIA,0.015,16.0,NS,control,control,44.0,2016,0.0,0.0,0.0,0.0,56.25,R
EIA,0.015,16.0,1009,prairie strip,strips,44.0,2016,9226.0,46.0,6677.659,0.201366784,56.25,R
EIA,0.013,66.0,NS,control,control,46.0,2016,0.0,0.0,0.0,0.0,11.818181818181817,R
EIA,0.013,66.0,1009,prairie strip,strips,46.0,2016,9226.0,46.0,6677.659,0.201366784,11.818181818181817,R
EIA,0.129,496.0,1011,control,control,60.0,2016,2341.0,18.0,76397.393,11.53258131,15.60483870967742,R
EIA,0.129,496.0,1010,prairie strip,strips,60.0,2016,15421.0,54.0,124586.827,0.767643528,15.60483870967742,R
EIA,0.02,136.0,NS,control,control,64.0,2016,0.0,0.0,0.0,0.0,8.823529411764707,R
EIA,0.02,136.0,1012,prairie strip,strips,64.0,2016,15421.0,54.0,124586.827,0.231084685,8.823529411764707,R
EIA,0.015,91.0,NS,control,control,74.0,2016,0.0,0.0,0.0,0.0,9.89010989010989,R
EIA,0.015,91.0,1015,prairie strip,strips,74.0,2016,876.0,60.0,338.804,0.000741966,9.89010989010989,R
EIA,0.021,71.0,NS,control,control,78.0,2016,0.0,0.0,0.0,0.0,17.74647887323944,R
EIA,0.021,71.0,1017,prairie strip,strips,78.0,2016,236.0,68.0,194.991,0.029891543,17.74647887323944,R
EIA,0.021,71.0,1017,prairie strip,strips,78.0,2016,5136.0,64.0,2092.783,0.190270448,17.74647887323944,R
EIA,0.052,476.0,3052,control,control,78.0,2018,5456.0,62.0,15572.841,1.852548504,6.554621848739496,R
EIA,0.052,476.0,3051,prairie strip,strips,78.0,2018,6396.0,52.0,11151.686,0.305524738,6.554621848739496,R
EIA,0.032,391.0,3051,prairie strip,strips,80.0,2018,6396.0,52.0,11151.686,0.305524738,4.910485933503836,R
EIA,0.03,46.0,NS,control,control,82.0,2016,0.0,0.0,0.0,0.0,39.130434782608695,R
EIA,0.03,46.0,1017,prairie strip,strips,82.0,2016,236.0,68.0,194.991,0.029891543,39.130434782608695,R
EIA,0.03,46.0,1017,prairie strip,strips,82.0,2016,5136.0,64.0,2092.783,0.190270448,39.130434782608695,R
EIA,0.017,281.0,3060,control,control,82.0,2018,3246.0,72.0,16288.562,1.253074511,3.629893238434164,R
EIA,0.031,191.0,3060,control,control,84.0,2018,3246.0,72.0,16288.562,1.253074511,9.738219895287957,R
EIA,0.031,191.0,3059,prairie strip,strips,84.0,2018,1481.0,54.0,15563.181,0.415766883,9.738219895287957,R
EIA,0.11,241.0,1020,control,control,86.0,2016,2071.0,68.0,58417.219,8.54253176,27.385892116182575,R
EIA,0.11,241.0,1019,prairie strip,strips,86.0,2016,3971.0,70.0,103744.018,3.927855667,27.385892116182575,R
EIA,0.11,241.0,1022,prairie strip,strips,86.0,2016,3971.0,70.0,103744.018,0.048486347,27.385892116182575,R
EIA,0.062,1071.0,1024,control,control,98.0,2016,1816.0,102.0,23057.473,2.359052018,3.4733893557422966,R
EIA,0.062,1071.0,1023,prairie strip,strips,98.0,2016,1741.0,86.0,31320.114,0.205687822,3.4733893557422966,R
EIA,0.025,506.0,3071,prairie strip,strips,98.0,2018,1676.0,60.0,2388.705,0.057365975,2.9644268774703555,R
EIA,0.025,506.0,3071,prairie strip,strips,98.0,2018,3686.0,62.0,60942.665,1.250425321,2.9644268774703555,R
EIA,0.014,121.0,3072,control,control,100.0,2018,5511.0,82.0,35807.408,3.513702829,6.9421487603305785,R
EIA,0.014,121.0,3071,prairie strip,strips,100.0,2018,1676.0,60.0,2388.705,0.057365975,6.9421487603305785,R
EIA,0.014,121.0,3071,prairie strip,strips,100.0,2018,3686.0,62.0,60942.665,1.250425321,6.9421487603305785,R
EIA,0.031,131.0,1027,control,control,102.0,2016,316.0,104.0,2096.791,0.521034555,14.198473282442748,R
EIA,0.031,131.0,1026,prairie strip,strips,102.0,2016,35381.0,92.0,111145.804,0.263366957,14.198473282442748,R
EIA,0.021,116.0,3072,control,control,102.0,2018,5511.0,82.0,35807.408,3.513702829,10.862068965517242,R
EIA,0.021,116.0,3071,prairie strip,strips,102.0,2018,1676.0,60.0,2388.705,0.057365975,10.862068965517242,R
EIA,0.021,116.0,3071,prairie strip,strips,102.0,2018,3686.0,62.0,60942.665,1.250425321,10.862068965517242,R
EIA,0.062,141.0,1032,control,control,104.0,2016,4486.0,116.0,44304.789,2.302286001,26.382978723404257,R
EIA,0.062,141.0,1031,prairie strip,strips,104.0,2016,35381.0,92.0,111145.804,1.02063893,26.382978723404257,R
EIA,0.029,186.0,NS,control,control,108.0,2016,0.0,0.0,0.0,0.0,9.35483870967742,R
EIA,0.029,186.0,1036,prairie strip,strips,108.0,2016,24736.0,102.0,26216.996,0.910995145,9.35483870967742,R
EIA,0.012,66.0,3081,control,control,108.0,2018,1871.0,84.0,2556.475,0.450533763,10.90909090909091,R
EIA,0.012,66.0,3080,prairie strip,strips,108.0,2018,3686.0,62.0,60942.665,0.391111062,10.90909090909091,R
EIA,0.019,371.0,NS,control,control,110.0,2016,0.0,0.0,0.0,0.0,3.07277628032345,R
EIA,0.019,371.0,1037,prairie strip,strips,110.0,2016,24736.0,102.0,26216.996,0.041579676,3.07277628032345,R
EIA,0.019,371.0,1038,prairie strip,strips,110.0,2016,24736.0,102.0,26216.996,0.255437694,3.07277628032345,R
HOE,0.00864,121.0,SPL1050,control,control,2.0,2016,1756.0,16.0,415.742,1.034269928,4.284297520661157,NR
HOE,0.00864,121.0,NS,prairie strip,strips,2.0,2016,0.0,0.0,0.0,0.0,4.284297520661157,NR
HOE,0.049,946.0,5007,control,control,2.0,2020,1526.0,4.0,6281.642,34.41373482,3.1078224101479917,NR
HOE,0.049,946.0,NS,prairie strip,strips,2.0,2020,0.0,0.0,0.0,0.0,3.1078224101479917,NR
HOE,0.19962,47641.0,SPL4300,control,control,3.0,2019,3006.0,47.0,23934.936,8.191859302,0.2514053021557062,NR
HOE,0.19962,47641.0,SPL4301,prairie strip,strips,3.0,2019,2361.0,2.0,188525.702,3.749025274,0.2514053021557062,NR
HOE,0.01726,121.0,SPL1050,control,control,4.0,2016,1756.0,16.0,415.742,1.034269928,8.558677685950414,NR
HOE,0.01726,121.0,NS,prairie strip,strips,4.0,2016,0.0,0.0,0.0,0.0,8.558677685950414,NR
HOE,0.06399,961.0,SPL1051,control,control,8.0,2016,1631.0,24.0,2238.569,8.302997186,3.9952133194588972,NR
HOE,0.037,356.0,SPL3300,control,control,8.0,2018,1116.0,10.0,715.401,0.205311862,6.235955056179775,NR
HOE,0.037,356.0,NS,prairie strip,strips,8.0,2018,0.0,0.0,0.0,0.0,6.235955056179775,NR
HOE,0.021,111.0,SPL2050,control,control,10.0,2017,1936.0,11.0,2627.714,7.578900335,11.351351351351353,NR
HOE,0.021,111.0,NS,prairie strip,strips,10.0,2017,0.0,0.0,0.0,0.0,11.351351351351353,NR
HOE,0.08,956.0,SPL3301,control,control,12.0,2018,3016.0,14.0,21796.473,21.3151918,5.020920502092051,NR
HOE,0.08,956.0,NS,prairie strip,strips,12.0,2018,0.0,0.0,0.0,0.0,5.020920502092051,NR
HOE,0.045,406.0,SPL1052,control,control,14.0,2016,1026.0,30.0,1009.896,0.674238523,6.650246305418719,NR
HOE,0.045,406.0,SPL1052,control,control,14.0,2016,19771.0,28.0,16516.974,2.701369808,6.650246305418719,NR
HOE,0.045,406.0,NS,prairie strip,strips,14.0,2016,0.0,0.0,0.0,0.0,6.650246305418719,NR
HOE,0.049,461.0,SPL3302,control,control,14.0,2018,1101.0,18.0,20229.489,45.01948975,6.377440347071584,NR
HOE,0.049,461.0,SPL3303,prairie strip,strips,14.0,2018,931.0,4.0,72920.742,14.49719291,6.377440347071584,NR
HOE,0.013,181.0,SPL1052,control,control,16.0,2016,1026.0,30.0,1009.896,0.674238523,4.309392265193369,NR
HOE,0.013,181.0,SPL1052,control,control,16.0,2016,19771.0,28.0,16516.974,2.701369808,4.309392265193369,NR
HOE,0.013,181.0,NS,prairie strip,strips,16.0,2016,0.0,0.0,0.0,0.0,4.309392265193369,NR
HOE,0.015,41.0,SPL3304,control,control,16.0,2018,816.0,20.0,6860.451,2.980591767,21.951219512195124,NR
HOE,0.015,41.0,SPL3305,prairie strip,strips,16.0,2018,246.0,6.0,37740.114,7.303059104,21.951219512195124,NR
HOE,0.029,401.0,SPL1053,control,control,18.0,2016,1331.0,32.0,1084.536,0.896468298,4.339152119700748,NR
HOE,0.029,401.0,NS,prairie strip,strips,18.0,2016,0.0,0.0,0.0,0.0,4.339152119700748,NR
HOE,0.011,201.0,SPL2051,control,control,18.0,2017,2441.0,21.0,1303.533,5.408619988,3.283582089552239,NR
HOE,0.011,201.0,NS,prairie strip,strips,18.0,2017,0.0,0.0,0.0,0.0,3.283582089552239,NR
HOE,0.046,416.0,SPL3306,control,control,18.0,2018,711.0,22.0,13199.642,19.58333031,6.634615384615385,NR
HOE,0.046,416.0,SPL3307,prairie strip,strips,18.0,2018,771.0,10.0,45926.228,3.954462414,6.634615384615385,NR
HOE,0.023,696.0,SPL2052,control,control,20.0,2017,6416.0,23.0,16533.955,4.595399717,1.982758620689655,NR
HOE,0.023,696.0,NS,prairie strip,strips,20.0,2017,0.0,0.0,0.0,0.0,1.982758620689655,NR
HOE,0.0726,2701.0,SPL3309,control,control,34.0,2018,1906.0,98.0,2709.984,0.875319381,1.6127360236949277,NR
HOE,0.0726,2701.0,NS,prairie strip,strips,34.0,2018,0.0,0.0,0.0,0.0,1.6127360236949277,NR
HOE,0.051,336.0,SPL2053,control,control,36.0,2017,611.0,45.0,5929.514,22.24429889,9.107142857142856,NR
HOE,0.051,336.0,NS,prairie strip,strips,36.0,2017,0.0,0.0,0.0,0.0,9.107142857142856,NR
HOE,0.06932,3421.0,SPL3310,control,control,36.0,2018,4586.0,114.0,31983.976,20.16030052,1.2157848582285882,NR
HOE,0.06932,3421.0,SPL3311,prairie strip,strips,36.0,2018,906.0,16.0,88518.424,14.21401249,1.2157848582285882,NR
HOE,0.05892,301.0,SPL2054,control,control,50.0,2017,38626.0,73.0,101242.351,18.95189428,11.74485049833887,NR
HOE,0.05892,301.0,NS,prairie strip,strips,50.0,2017,0.0,0.0,0.0,0.0,11.74485049833887,NR
MAR,0.035,166.0,5010,control,control,14.0,2020,346.0,16.0,267.336,0.78632521,12.650602409638555,NR
MAR,0.035,166.0,NS,prairie strip,strips,14.0,2020,0.0,0.0,0.0,0.0,12.650602409638555,NR
MAR,0.046,231.0,3036,control,control,16.0,2018,906.0,50.0,133.76,0.010645826,11.948051948051948,NR
MAR,0.046,231.0,NS,prairie strip,strips,16.0,2018,0.0,0.0,0.0,0.0,11.948051948051948,NR
MAR,0.04,176.0,2024,control,control,18.0,2017,3821.0,12.0,1136.212,4.620400243,13.636363636363637,NR
MAR,0.04,176.0,NS,prairie strip,strips,18.0,2017,0.0,0.0,0.0,0.0,13.636363636363637,NR
MAR,0.021,211.0,NS,prairie strip,strips,24.0,2020,0.0,0.0,0.0,0.0,5.971563981042654,NR
MAR,0.037,451.0,4021,control,control,30.0,2019,626.0,16.0,1407.002,10.0958513,4.92239467849224,NR
MAR,0.037,451.0,NS,prairie strip,strips,30.0,2019,0.0,0.0,0.0,0.0,4.92239467849224,NR
MAR,0.014,46.0,4027,control,control,42.0,2019,16.0,26.0,154.922,1.293150312,18.260869565217394,NR
MAR,0.014,46.0,NS,prairie strip,strips,42.0,2019,0.0,0.0,0.0,0.0,18.260869565217394,NR
MAR,0.019,501.0,3073,control,control,54.0,2018,5306.0,76.0,1135.132,0.051813586,2.275449101796407,NR
MAR,0.019,501.0,NS,prairie strip,strips,54.0,2018,0.0,0.0,0.0,0.0,2.275449101796407,NR
MCN,0.035,211.0,2000,control,control,2.0,2017,,,,,9.95260663507109,R
MCN,0.035,211.0,NS,prairie strip,strips,2.0,2017,,,,,9.95260663507109,R
MCN,0.026,126.0,NS,control,control,2.0,2018,,,,,12.380952380952381,R
MCN,0.026,126.0,3001,prairie strip,strips,2.0,2018,,,,,12.380952380952381,R
MCN,0.008,511.0,5000,prairie strip,strips,2.0,2020,,,,,0.939334637964775,R
MCN,0.008,511.0,NS,control,control,2.0,2020,,,,,0.939334637964775,R
MCN,0.008,466.0,2001,control,control,6.0,2017,,,,,1.0300429184549356,R
MCN,0.008,466.0,NS,prairie strip,strips,6.0,2017,,,,,1.0300429184549356,R
MCN,0.025,146.0,3002,control,control,8.0,2018,,,,,10.273972602739725,R
MCN,0.025,146.0,3003,prairie strip,strips,8.0,2018,,,,,10.273972602739725,R
MCN,0.04,201.0,4000,control,control,8.0,2019,,,,,11.940298507462686,R
MCN,0.04,201.0,4001,prairie strip,strips,8.0,2019,,,,,11.940298507462686,R
MCN,0.057,111.0,5001,control,control,8.0,2020,,,,,30.810810810810814,R
MCN,0.057,111.0,5002,prairie strip,strips,8.0,2020,,,,,30.810810810810814,R
MCN,0.01,21.0,3004,control,control,10.0,2018,,,,,28.571428571428573,R
MCN,0.01,21.0,3005,prairie strip,strips,10.0,2018,,,,,28.571428571428573,R
MCN,0.013,76.0,NS,control,control,10.0,2020,,,,,10.26315789473684,R
MCN,0.013,76.0,5003,prairie strip,strips,10.0,2020,,,,,10.26315789473684,R
MCN,0.025,106.0,3006,control,control,12.0,2018,,,,,14.150943396226415,R
MCN,0.025,106.0,3007,prairie strip,strips,12.0,2018,,,,,14.150943396226415,R
MCN,0.03,196.0,2002,control,control,14.0,2017,,,,,9.183673469387754,R
MCN,0.03,196.0,NS,prairie strip,strips,14.0,2017,,,,,9.183673469387754,R
MCN,0.03,151.0,NS,control,control,16.0,2018,,,,,11.920529801324504,R
MCN,0.03,151.0,3009,prairie strip,strips,16.0,2018,,,,,11.920529801324504,R
MCN,0.011,41.0,NS,control,control,16.0,2020,,,,,16.097560975609753,R
MCN,0.011,41.0,5009,prairie strip,strips,16.0,2020,,,,,16.097560975609753,R
MCN,0.019,366.0,2003,control,control,18.0,2017,,,,,3.1147540983606556,R
MCN,0.019,366.0,NS,prairie strip,strips,18.0,2017,,,,,3.1147540983606556,R
MCN,0.009,11.0,NS,control,control,18.0,2020,,,,,49.090909090909086,R
MCN,0.009,11.0,5009,prairie strip,strips,18.0,2020,,,,,49.090909090909086,R
MCN,0.007,76.0,NS,control,control,20.0,2019,,,,,5.526315789473684,R
MCN,0.007,76.0,4006,prairie strip,strips,20.0,2019,,,,,5.526315789473684,R
MCN,0.015,31.0,NS,control,control,20.0,2020,,,,,29.032258064516128,R
MCN,0.015,31.0,5012,prairie strip,strips,20.0,2020,,,,,29.032258064516128,R
MCN,0.012,36.0,3013,control,control,22.0,2018,,,,,20.0,R
MCN,0.012,36.0,3014,prairie strip,strips,22.0,2018,,,,,20.0,R
MCN,0.011,636.0,2004,control,control,24.0,2017,,,,,1.0377358490566038,R
MCN,0.011,636.0,2005,prairie strip,strips,24.0,2017,,,,,1.0377358490566038,R
MCN,0.016,346.0,4008,control,control,26.0,2019,,,,,2.7745664739884393,R
MCN,0.016,346.0,4009,prairie strip,strips,26.0,2019,,,,,2.7745664739884393,R
MCN,0.039,631.0,NS,control,control,26.0,2020,,,,,3.7083993660855783,R
MCN,0.039,631.0,5019,prairie strip,strips,26.0,2020,,,,,3.7083993660855783,R
MCN,0.035,146.0,2008,control,control,28.0,2017,,,,,14.383561643835618,R
MCN,0.035,146.0,2009,prairie strip,strips,28.0,2017,,,,,14.383561643835618,R
MCN,0.012,231.0,4025,control,control,28.0,2019,,,,,3.116883116883117,R
MCN,0.012,231.0,4026,prairie strip,strips,28.0,2019,,,,,3.116883116883117,R
MCN,0.017,26.0,4025,control,control,30.0,2019,,,,,39.23076923076923,R
MCN,0.017,26.0,4026,prairie strip,strips,30.0,2019,,,,,39.23076923076923,R
MCN,0.016,81.0,4025,control,control,32.0,2019,,,,,11.851851851851853,R
MCN,0.016,81.0,4026,prairie strip,strips,32.0,2019,,,,,11.851851851851853,R
MCN,0.02,156.0,2017,prairie strip,strips,34.0,2017,,,,,7.6923076923076925,R
MCN,0.02,156.0,NS,prairie strip,strips,34.0,2017,,,,,7.6923076923076925,R
MCN,0.015,276.0,4025,control,control,34.0,2019,,,,,3.260869565217391,R
MCN,0.015,276.0,4026,prairie strip,strips,34.0,2019,,,,,3.260869565217391,R
MCN,0.011,41.0,3031,control,control,36.0,2018,,,,,16.097560975609753,R
MCN,0.011,41.0,3032,prairie strip,strips,36.0,2018,,,,,16.097560975609753,R
MCN,0.037,466.0,4025,control,control,36.0,2019,,,,,4.763948497854077,R
MCN,0.037,466.0,4026,prairie strip,strips,36.0,2019,,,,,4.763948497854077,R
MCN,0.013,131.0,4025,control,control,38.0,2019,,,,,5.9541984732824424,R
MCN,0.013,131.0,4026,prairie strip,strips,38.0,2019,,,,,5.9541984732824424,R
MCN,0.048,246.0,3033,control,control,42.0,2018,,,,,11.707317073170733,R
MCN,0.048,246.0,3034,prairie strip,strips,42.0,2018,,,,,11.707317073170733,R
MCN,0.016,186.0,NS,control,control,46.0,2019,,,,,5.161290322580646,R
MCN,0.016,186.0,4035,prairie strip,strips,46.0,2019,,,,,5.161290322580646,R
MCN,0.024,281.0,4036,control,control,48.0,2019,,,,,5.124555160142348,R
MCN,0.024,281.0,4037,prairie strip,strips,48.0,2019,,,,,5.124555160142348,R
MCN,0.15667,10621.0,3049,control,control,52.0,2018,,,,,0.8850579041521514,R
MCN,0.15667,10621.0,3057,control,control,52.0,2018,,,,,0.8850579041521514,R
MCN,0.15667,10621.0,3050,prairie strip,strips,52.0,2018,,,,,0.8850579041521514,R
MCN,0.15667,10621.0,3058,prairie strip,strips,52.0,2018,,,,,0.8850579041521514,R
MCN,0.05,86.0,4044,control,control,52.0,2019,,,,,34.883720930232556,R
MCN,0.05,86.0,4045,prairie strip,strips,52.0,2019,,,,,34.883720930232556,R
MCN,0.044,1081.0,3069,control,control,58.0,2018,,,,,2.44218316373728,R
MCN,0.044,1081.0,3070,prairie strip,strips,58.0,2018,,,,,2.44218316373728,R
MCN,0.014,686.0,3069,control,control,60.0,2018,,,,,1.2244897959183674,R
MCN,0.014,686.0,3070,prairie strip,strips,60.0,2018,,,,,1.2244897959183674,R
MCN,0.048,81.0,4047,control,control,60.0,2019,,,,,35.55555555555556,R
MCN,0.048,81.0,4048,prairie strip,strips,60.0,2019,,,,,35.55555555555556,R
MCN,0.013,101.0,3069,control,control,64.0,2018,,,,,7.722772277227723,R
MCN,0.013,101.0,3070,prairie strip,strips,64.0,2018,,,,,7.722772277227723,R
MCN,0.061,856.0,3078,control,control,68.0,2018,,,,,4.275700934579439,R
MCN,0.061,856.0,3079,prairie strip,strips,68.0,2018,,,,,4.275700934579439,R
MCN,0.009,376.0,NS,control,control,70.0,2019,,,,,1.4361702127659575,R
MCN,0.009,376.0,4052,prairie strip,strips,70.0,2019,,,,,1.4361702127659575,R
MCN,0.015,286.0,NS,control,control,74.0,2019,,,,,3.1468531468531467,R
MCN,0.015,286.0,4058,prairie strip,strips,74.0,2019,,,,,3.1468531468531467,R
MCN,0.013,346.0,NS,control,control,76.0,2019,,,,,2.2543352601156066,R
MCN,0.013,346.0,4058,prairie strip,strips,76.0,2019,,,,,2.2543352601156066,R
MCN,0.023,681.0,NS,control,control,80.0,2019,,,,,2.0264317180616738,R
MCN,0.023,681.0,NS,control,control,80.0,2019,,,,,2.0264317180616738,R
MCN,0.023,681.0,4070,prairie strip,strips,80.0,2019,,,,,2.0264317180616738,R
MCN,0.01,296.0,NS,control,control,82.0,2019,,,,,2.027027027027027,R
MCN,0.01,296.0,4071,prairie strip,strips,82.0,2019,,,,,2.027027027027027,R
RHO,0.016,86.0,3008,control,control,10.0,2018,506.0,12.0,758.573,0.350441849,11.162790697674419,R
RHO,0.016,86.0,NS,prairie strip,strips,10.0,2018,0.0,0.0,0.0,0.0,11.162790697674419,R
RHO,0.032,251.0,5006,control,control,16.0,2020,5026.0,4.0,7594.939,0.165567784,7.649402390438247,R
RHO,0.032,251.0,5005,prairie strip,strips,16.0,2020,106.0,16.0,354.509,3.011980453,7.649402390438247,R
RHO,0.014,196.0,NS,control,control,18.0,2017,0.0,0.0,0.0,0.0,4.2857142857142865,R
RHO,0.014,196.0,2006,prairie strip,strips,18.0,2017,,,,,4.2857142857142865,R
RHO,0.029,491.0,2010,control,control,20.0,2017,,,,,3.543788187372709,R
RHO,0.029,491.0,NS,prairie strip,strips,20.0,2017,0.0,0.0,0.0,0.0,3.543788187372709,R
RHO,0.139,381.0,NS,control,control,20.0,2018,0.0,0.0,0.0,0.0,21.889763779527563,R
RHO,0.139,381.0,3017,prairie strip,strips,20.0,2018,1206.0,6.0,15772.082,22.9213654,21.889763779527563,R
RHO,0.015,711.0,4005,control,control,20.0,2019,191.0,18.0,269.242,14.30405694,1.2658227848101264,R
RHO,0.015,711.0,4005,control,control,20.0,2019,701.0,16.0,28.471,1.144730446,1.2658227848101264,R
RHO,0.015,711.0,NS,prairie strip,strips,20.0,2019,0.0,0.0,0.0,0.0,1.2658227848101264,R
RHO,0.013,11.0,2013,control,control,22.0,2017,,,,,70.9090909090909,R
RHO,0.013,11.0,NS,prairie strip,strips,22.0,2017,0.0,0.0,0.0,0.0,70.9090909090909,R
RHO,0.013,11.0,NS,prairie strip,strips,22.0,2017,0.0,0.0,0.0,0.0,70.9090909090909,R
RHO,0.024,451.0,4005,control,control,22.0,2019,191.0,18.0,269.242,14.30405694,3.1929046563192904,R
RHO,0.024,451.0,4005,control,control,22.0,2019,701.0,16.0,28.471,1.144730446,3.1929046563192904,R
RHO,0.024,451.0,4004,prairie strip,strips,22.0,2019,756.0,20.0,2794.517,15.21977717,3.1929046563192904,R
RHO,0.024,451.0,4004,prairie strip,strips,22.0,2019,876.0,18.0,245.016,1.300554589,3.1929046563192904,R
RHO,0.021,66.0,NS,control,control,24.0,2018,0.0,0.0,0.0,0.0,19.090909090909093,R
RHO,0.021,66.0,3021,prairie strip,strips,24.0,2018,1066.0,12.0,2520.362,1.147663074,19.090909090909093,R
RHO,0.028,341.0,4011,control,control,24.0,2019,476.0,22.0,3381.682,4.955737554,4.926686217008798,R
RHO,0.028,341.0,4010,prairie strip,strips,24.0,2019,586.0,22.0,3238.151,10.16579495,4.926686217008798,R
RHO,0.025,166.0,2013,control,control,26.0,2017,,,,,9.036144578313253,R
RHO,0.025,166.0,NS,prairie strip,strips,26.0,2017,0.0,0.0,0.0,0.0,9.036144578313253,R
RHO,0.011,321.0,3024,control,control,26.0,2018,3796.0,18.0,8754.961,0.709909393,2.05607476635514,R
RHO,0.011,321.0,3021,prairie strip,strips,26.0,2018,1066.0,12.0,2520.362,1.147663074,2.05607476635514,R
RHO,0.011,321.0,3023,prairie strip,strips,26.0,2018,1066.0,12.0,2520.362,0.05104997,2.05607476635514,R
RHO,0.057,501.0,4024,control,control,26.0,2019,71.0,28.0,663.677,18.29041057,6.8263473053892225,R
RHO,0.057,501.0,4024,control,control,26.0,2019,131.0,30.0,74.888,2.061814371,6.8263473053892225,R
RHO,0.057,501.0,4024,control,control,26.0,2019,631.0,24.0,10573.189,291.3597747,6.8263473053892225,R
RHO,0.057,501.0,4023,prairie strip,strips,26.0,2019,521.0,24.0,7660.874,354.1355998,6.8263473053892225,R
RHO,0.057,501.0,4023,prairie strip,strips,26.0,2019,656.0,28.0,888.548,35.96576359,6.8263473053892225,R
RHO,0.036,191.0,1014,control,control,28.0,2016,,,,,11.30890052356021,R
RHO,0.036,191.0,1013,prairie strip,strips,28.0,2016,,,,,11.30890052356021,R
RHO,0.013,101.0,2016,control,control,28.0,2017,,,,,7.722772277227723,R
RHO,0.013,101.0,NS,prairie strip,strips,28.0,2017,0.0,0.0,0.0,0.0,7.722772277227723,R
RHO,0.013,20.0,5013,control,control,30.0,2020,26.0,10.0,342.835,4.309061969,39.0,R
RHO,0.013,20.0,NS,prairie strip,strips,30.0,2020,0.0,0.0,0.0,0.0,39.0,R
RHO,0.017,36.0,2019,control,control,32.0,2017,,,,,28.333333333333336,R
RHO,0.017,36.0,2018,prairie strip,strips,32.0,2017,,,,,28.333333333333336,R
RHO,0.076,591.0,3029,control,control,32.0,2018,956.0,24.0,39114.334,59.85951115,7.715736040609137,R
RHO,0.076,591.0,3028,prairie strip,strips,32.0,2018,1881.0,18.0,14652.472,2.147039114,7.715736040609137,R
RHO,0.011,51.0,4024,control,control,34.0,2019,71.0,28.0,663.677,18.29041057,12.941176470588236,R
RHO,0.011,51.0,4024,control,control,34.0,2019,131.0,30.0,74.888,2.061814371,12.941176470588236,R
RHO,0.011,51.0,4024,control,control,34.0,2019,631.0,24.0,10573.189,291.3597747,12.941176470588236,R
RHO,0.011,51.0,4023,prairie strip,strips,34.0,2019,521.0,24.0,7660.874,354.1355998,12.941176470588236,R
RHO,0.011,51.0,4023,prairie strip,strips,34.0,2019,656.0,28.0,888.548,35.96576359,12.941176470588236,R
RHO,0.035,296.0,5017,control,control,34.0,2020,141.0,12.0,2085.566,4.814615496,7.094594594594596,R
RHO,0.035,296.0,5017,control,control,34.0,2020,371.0,14.0,2327.317,5.370115201,7.094594594594596,R
RHO,0.035,296.0,5016,prairie strip,strips,34.0,2020,10076.0,32.0,4542.593,1.967592589,7.094594594594596,R
RHO,0.027,31.0,2026,control,control,36.0,2017,,,,,52.25806451612903,R
RHO,0.027,31.0,2025,prairie strip,strips,36.0,2017,,,,,52.25806451612903,R
RHO,0.061,436.0,3038,control,control,36.0,2018,686.0,26.0,1816.068,0.98362964,8.394495412844037,R
RHO,0.061,436.0,3038,control,control,36.0,2018,2171.0,32.0,36621.807,19.38965767,8.394495412844037,R
RHO,0.061,436.0,3037,prairie strip,strips,36.0,2018,1036.0,20.0,9258.3,0.609555825,8.394495412844037,R
RHO,0.061,436.0,3037,prairie strip,strips,36.0,2018,1881.0,18.0,14652.472,0.163211085,8.394495412844037,R
RHO,0.017,281.0,5017,control,control,36.0,2020,141.0,12.0,2085.566,4.814615496,3.629893238434164,R
RHO,0.017,281.0,5017,control,control,36.0,2020,371.0,14.0,2327.317,5.370115201,3.629893238434164,R
RHO,0.017,281.0,5016,prairie strip,strips,36.0,2020,10076.0,32.0,4542.593,1.967592589,3.629893238434164,R
RHO,0.007,10.0,NS,control,control,40.0,2018,0.0,0.0,0.0,0.0,42.0,R
RHO,0.008,11.0,4029,control,control,40.0,2019,4836.0,36.0,2391.366,46.54209198,43.63636363636364,R
RHO,0.008,11.0,4028,prairie strip,strips,40.0,2019,101.0,32.0,252.014,6.898277023,43.63636363636364,R
RHO,0.022,86.0,5020,control,control,40.0,2020,626.0,18.0,185.925,0.536089065,15.348837209302326,R
RHO,0.022,86.0,5020,control,control,40.0,2020,1391.0,16.0,480.141,0.64787989,15.348837209302326,R
RHO,0.008,41.0,5020,control,control,42.0,2020,626.0,18.0,185.925,0.536089065,11.707317073170733,R
RHO,0.008,41.0,5020,control,control,42.0,2020,1391.0,16.0,480.141,0.64787989,11.707317073170733,R
RHO,0.04,121.0,4034,control,control,44.0,2019,5051.0,44.0,60340.037,741.9566704,19.834710743801654,R
RHO,0.04,121.0,4033,prairie strip,strips,44.0,2019,3691.0,38.0,5596.006,156.1424876,19.834710743801654,R
RHO,0.02,366.0,5020,control,control,44.0,2020,626.0,18.0,185.925,0.536089065,3.278688524590164,R
RHO,0.02,366.0,5020,control,control,44.0,2020,1391.0,16.0,480.141,0.64787989,3.278688524590164,R
RHO,0.013,21.0,4034,control,control,46.0,2019,5051.0,44.0,60340.037,741.9566704,37.14285714285714,R
RHO,0.013,21.0,4033,prairie strip,strips,46.0,2019,3691.0,38.0,5596.006,156.1424876,37.14285714285714,R
RHO,0.03,121.0,3042,control,control,50.0,2018,3696.0,52.0,8033.684,4.057102504,14.87603305785124,R
RHO,0.03,121.0,NS,prairie strip,strips,50.0,2018,0.0,0.0,0.0,0.0,14.87603305785124,R
RHO,0.033,151.0,3042,control,control,52.0,2018,3696.0,52.0,8033.684,4.057102504,13.112582781456954,R
RHO,0.033,151.0,NS,prairie strip,strips,52.0,2018,0.0,0.0,0.0,0.0,13.112582781456954,R
RHO,0.019,496.0,4039,control,control,54.0,2019,36.0,50.0,1441.583,7.440553545,2.2983870967741935,R
RHO,0.019,496.0,4042,control,control,54.0,2019,2526.0,52.0,326.722,1.671618082,2.2983870967741935,R
RHO,0.019,496.0,4038,prairie strip,strips,54.0,2019,166.0,48.0,410.698,4.125419489,2.2983870967741935,R
RHO,0.046,591.0,1021,control,control,58.0,2016,,,,,4.67005076142132,R
RHO,0.046,591.0,NS,prairie strip,strips,58.0,2016,0.0,0.0,0.0,0.0,4.67005076142132,R
RHO,0.019,366.0,3045,control,control,58.0,2018,956.0,86.0,84.876,0.024197524,3.1147540983606556,R
RHO,0.019,366.0,3045,control,control,58.0,2018,3411.0,74.0,1069.197,0.266482396,3.1147540983606556,R
RHO,0.007,116.0,3045,control,control,60.0,2018,956.0,86.0,84.876,0.024197524,3.6206896551724137,R
RHO,0.007,116.0,3045,control,control,60.0,2018,3411.0,74.0,1069.197,0.266482396,3.6206896551724137,R
RHO,0.012,271.0,3045,control,control,64.0,2018,956.0,86.0,84.876,0.024197524,2.6568265682656826,R
RHO,0.012,271.0,3045,control,control,64.0,2018,3411.0,74.0,1069.197,0.266482396,2.6568265682656826,R
RHO,0.056,316.0,3054,control,control,68.0,2018,7116.0,90.0,36414.768,24.79390288,10.632911392405063,R
RHO,0.056,316.0,3053,prairie strip,strips,68.0,2018,586.0,48.0,5913.671,1.918764156,10.632911392405063,R
RHO,0.056,316.0,3053,prairie strip,strips,68.0,2018,1361.0,52.0,1961.964,0.436886954,10.632911392405063,R
RHO,0.03,51.0,4046,control,control,68.0,2019,51.0,54.0,284.601,1.643851112,35.29411764705882,R
RHO,0.03,51.0,NS,prairie strip,strips,68.0,2019,0.0,0.0,0.0,0.0,35.29411764705882,R
RHO,0.029,201.0,1028,control,control,72.0,2016,,,,,8.656716417910447,R
RHO,0.029,201.0,NS,prairie strip,strips,72.0,2016,0.0,0.0,0.0,0.0,8.656716417910447,R
RHO,0.026,406.0,3054,control,control,72.0,2018,7116.0,90.0,36414.768,24.79390288,3.842364532019704,R
RHO,0.026,406.0,NS,prairie strip,strips,72.0,2018,0.0,0.0,0.0,0.0,3.842364532019704,R
RHO,0.013,166.0,3054,control,control,74.0,2018,7116.0,90.0,36414.768,24.79390288,4.698795180722891,R
RHO,0.013,166.0,NS,prairie strip,strips,74.0,2018,0.0,0.0,0.0,0.0,4.698795180722891,R
RHO,0.015,251.0,1033,control,control,76.0,2016,,,,,3.585657370517928,R
RHO,0.015,251.0,NS,prairie strip,strips,76.0,2016,0.0,0.0,0.0,0.0,3.585657370517928,R
RHO,0.009,221.0,3054,control,control,76.0,2018,7116.0,90.0,36414.768,24.79390288,2.443438914027149,R
RHO,0.009,221.0,3053,prairie strip,strips,76.0,2018,586.0,48.0,5913.671,1.918764156,2.443438914027149,R
RHO,0.009,221.0,3053,prairie strip,strips,76.0,2018,1361.0,52.0,1961.964,0.436886954,2.443438914027149,R
RHO,0.018,246.0,2027,control,control,78.0,2017,,,,,4.390243902439024,R
RHO,0.018,246.0,NS,prairie strip,strips,78.0,2017,0.0,0.0,0.0,0.0,4.390243902439024,R
RHO,0.034,536.0,2027,control,control,80.0,2017,,,,,3.8059701492537314,R
RHO,0.034,536.0,NS,prairie strip,strips,80.0,2017,0.0,0.0,0.0,0.0,3.8059701492537314,R
RHO,0.025,216.0,3062,control,control,82.0,2018,7926.0,112.0,19407.223,10.27947613,6.944444444444445,R
RHO,0.025,216.0,3061,prairie strip,strips,82.0,2018,1716.0,54.0,4323.81,6.313361012,6.944444444444445,R
RHO,0.019,556.0,2027,control,control,84.0,2017,,,,,2.050359712230216,R
RHO,0.019,556.0,NS,prairie strip,strips,84.0,2017,0.0,0.0,0.0,0.0,2.050359712230216,R
RHO,0.013,106.0,1039,control,control,86.0,2016,,,,,7.3584905660377355,R
RHO,0.013,106.0,NS,prairie strip,strips,86.0,2016,0.0,0.0,0.0,0.0,7.3584905660377355,R
RHO,0.013,96.0,3066,control,control,86.0,2018,576.0,116.0,6835.727,2.967370675,8.125,R
RHO,0.013,96.0,3066,control,control,86.0,2018,7926.0,112.0,19407.223,0.595108338,8.125,R
RHO,0.013,96.0,3065,prairie strip,strips,86.0,2018,1001.0,56.0,1261.667,2.380078966,8.125,R
RHO,0.013,96.0,3065,prairie strip,strips,86.0,2018,1616.0,60.0,3534.719,6.683724289,8.125,R
RHO,0.022,81.0,3066,control,control,88.0,2018,576.0,116.0,6835.727,2.967370675,16.296296296296298,R
RHO,0.022,81.0,3066,control,control,88.0,2018,7926.0,112.0,19407.223,0.595108338,16.296296296296298,R
RHO,0.022,81.0,3065,prairie strip,strips,88.0,2018,1001.0,56.0,1261.667,2.380078966,16.296296296296298,R
RHO,0.022,81.0,3065,prairie strip,strips,88.0,2018,1616.0,60.0,3534.719,6.683724289,16.296296296296298,R
RHO,0.007,176.0,4060,control,control,90.0,2019,3706.0,60.0,7648.777,9.672195292,2.3863636363636367,R
RHO,0.007,176.0,4059,prairie strip,strips,90.0,2019,4456.0,72.0,3729.352,7.011250437,2.3863636363636367,R
RHO,0.045,441.0,4060,control,control,92.0,2019,3706.0,60.0,7648.777,9.672195292,6.122448979591836,R
RHO,0.045,441.0,4059,prairie strip,strips,92.0,2019,4456.0,72.0,3729.352,7.011250437,6.122448979591836,R
RHO,0.027,296.0,4062,control,control,96.0,2019,5182.0,62.0,4951.807,3.635658077,5.472972972972973,R
RHO,0.027,296.0,4061,prairie strip,strips,96.0,2019,1921.0,74.0,1596.439,1.535652498,5.472972972972973,R
RHO,0.008,241.0,3074,control,control,98.0,2018,5386.0,122.0,9178.286,6.128949929,1.991701244813278,R
RHO,0.008,241.0,NS,prairie strip,strips,98.0,2018,0.0,0.0,0.0,0.0,1.991701244813278,R
RHO,0.011,119.0,4069,control,control,100.0,2019,131.0,64.0,6055.452,7.982430616,5.546218487394958,R
RHO,0.011,119.0,4068,prairie strip,strips,100.0,2019,2536.0,76.0,936.936,5.968015404,5.546218487394958,R
RHO,0.016,76.0,3074,control,control,102.0,2018,5386.0,122.0,9178.286,6.128949929,12.631578947368421,R
RHO,0.016,76.0,NS,prairie strip,strips,102.0,2018,0.0,0.0,0.0,0.0,12.631578947368421,R
WHI,0.015,26.0,3200,prairie strip,strips,10.0,2018,576.0,2.0,3958.067,6.255575116,34.61538461538461,NR
WHI,0.015,26.0,NS,prairie strip,strips,10.0,2018,0.0,0.0,0.0,0.0,34.61538461538461,NR
WHI,0.011,96.0,NS,control,control,12.0,2018,0.0,0.0,0.0,0.0,6.875,NR
WHI,0.011,96.0,3201,prairie strip,strips,12.0,2018,576.0,2.0,3958.067,1.535907051,6.875,NR
WHI,0.052,291.0,1018,control,control,22.0,2016,2461.0,47.0,938.986,5.305710561,10.721649484536082,NR
WHI,0.052,291.0,NS,prairie strip,strips,22.0,2016,0.0,0.0,0.0,0.0,10.721649484536082,NR
WHI,0.07696,15421.0,4020,control,control,24.0,2019,141.0,2.0,1270.267,0.830954978,0.299435834251994,NR
WHI,0.07696,15421.0,4020,control,control,24.0,2019,191.0,4.0,2054.508,1.343972291,0.299435834251994,NR
WHI,0.07696,15421.0,4012,prairie strip,strips,24.0,2019,86.0,2.0,2423.494,1.589017058,0.299435834251994,NR
WHI,0.07696,15421.0,4019,prairie strip,strips,24.0,2019,176.0,8.0,2919.821,2.431040958,0.299435834251994,NR
WHI,0.07696,15421.0,4019,prairie strip,strips,24.0,2019,516.0,4.0,7193.132,5.988996759,0.299435834251994,NR
WHI,0.016,1.0,NS,control,control,28.0,2018,0.0,0.0,0.0,0.0,960.0,NR
WHI,0.016,1.0,3202,prairie strip,strips,28.0,2018,351.0,10.0,22691.578,2.124183723,960.0,NR
WHI,0.015,91.0,3205,control,control,36.0,2018,2651.0,10.0,23290.079,36.99383591,9.89010989010989,NR
WHI,0.015,91.0,3206,prairie strip,strips,36.0,2018,321.0,16.0,17500.742,4.003503058,9.89010989010989,NR
WHI,0.029,441.0,3207,control,control,40.0,2018,906.0,18.0,13891.112,16.57610459,3.945578231292517,NR
WHI,0.029,441.0,3208,prairie strip,strips,40.0,2018,476.0,22.0,3605.013,0.253254207,3.945578231292517,NR
WHI,0.027,41.0,3210,control,control,42.0,2018,656.0,24.0,13902.621,30.37875513,39.51219512195122,NR
WHI,0.027,41.0,3209,prairie strip,strips,42.0,2018,61.0,24.0,2557.92,0.141992588,39.51219512195122,NR
WHI,0.102,106.0,4050,control,control,48.0,2019,111.0,8.0,4483.814,4.531913279,57.73584905660377,NR
WHI,0.102,106.0,4049,prairie strip,strips,48.0,2019,106.0,18.0,13551.214,5.81765841,57.73584905660377,NR
WHI,0.035,161.0,NS,control,control,74.0,2018,0.0,0.0,0.0,0.0,13.043478260869566,NR
WHI,0.035,161.0,3211,prairie strip,strips,74.0,2018,81.0,26.0,1173.609,0.815306233,13.043478260869566,NR
WHI,0.039,866.0,3213,control,control,78.0,2018,91.0,120.0,11937.446,45.12562028,2.7020785219399537,NR
WHI,0.039,866.0,3212,prairie strip,strips,78.0,2018,111.0,28.0,22808.552,29.25706145,2.7020785219399537,NR
WHI,0.017,546.0,NS,control,control,84.0,2019,0.0,0.0,0.0,0.0,1.8681318681318684,NR
WHI,0.017,546.0,4064,prairie strip,strips,84.0,2019,86.0,24.0,587.591,0.052997137,1.8681318681318684,NR
WHI,0.031,96.0,NS,control,control,86.0,2019,0.0,0.0,0.0,0.0,19.375,NR
WHI,0.031,96.0,4066,prairie strip,strips,86.0,2019,126.0,26.0,9972.562,4.480197173,19.375,NR
WHI,0.031,96.0,4066,prairie strip,strips,86.0,2019,681.0,28.0,21747.367,9.770056296,19.375,NR
WHI,0.018,61.0,3077,control,control,88.0,2018,156.0,122.0,3457.227,9.389230337,17.704918032786882,NR
WHI,0.018,61.0,3077,control,control,88.0,2018,656.0,124.0,13306.934,36.13553355,17.704918032786882,NR
WHI,0.018,61.0,NS,prairie strip,strips,88.0,2018,0.0,0.0,0.0,0.0,17.704918032786882,NR
WHI,0.042,626.0,NS,control,control,88.0,2019,0.0,0.0,0.0,0.0,4.02555910543131,NR
WHI,0.042,626.0,4066,prairie strip,strips,88.0,2019,126.0,26.0,9972.562,4.480197173,4.02555910543131,NR
WHI,0.042,626.0,4066,prairie strip,strips,88.0,2019,681.0,28.0,21747.367,9.770056296,4.02555910543131,NR
WHI,0.02,251.0,3077,control,control,90.0,2018,156.0,122.0,3457.227,9.389230337,4.780876494023905,NR
WHI,0.02,251.0,3077,control,control,90.0,2018,656.0,124.0,13306.934,36.13553355,4.780876494023905,NR
WHI,0.02,251.0,3076,prairie strip,strips,90.0,2018,126.0,30.0,375.215,0.52718133,4.780876494023905,NR
WHI,0.02,251.0,3076,prairie strip,strips,90.0,2018,656.0,34.0,12523.72,17.58785889,4.780876494023905,NR
WOR,0.023,411.0,3000,control,control,8.0,2018,831.0,2.0,5566.28,1.476607614,3.3576642335766422,R
WOR,0.023,411.0,NS,prairie strip,strips,8.0,2018,0.0,0.0,0.0,0.0,3.3576642335766422,R
WOR,0.09906,102421.0,3044,control,control,12.0,2018,111.0,30.0,2055.831,0.003853517,0.0580310678474141,R
WOR,0.09906,102421.0,3030,control,control,12.0,2018,606.0,18.0,3885.192,1.51750412,0.0580310678474141,R
WOR,0.09906,102421.0,3035,control,control,12.0,2018,646.0,20.0,19826.006,0.076096922,0.0580310678474141,R
WOR,0.09906,102421.0,3039,control,control,12.0,2018,1141.0,22.0,67310.292,14.79871593,0.0580310678474141,R
WOR,0.09906,102421.0,3016,control,control,12.0,2018,1606.0,14.0,77439.867,72.44304586,0.0580310678474141,R
WOR,0.09906,102421.0,3010,control,control,12.0,2018,2666.0,10.0,1165.946,3.98e-06,0.0580310678474141,R
WOR,0.09906,102421.0,3019,control,control,12.0,2018,4756.0,16.0,11320.264,1.461408178,0.0580310678474141,R
WOR,0.09906,102421.0,3027,control,control,12.0,2018,4756.0,16.0,11320.264,2.059508328,0.0580310678474141,R
WOR,0.09906,102421.0,3015,prairie strip,strips,12.0,2018,501.0,36.0,109610.09,96.6595536,0.0580310678474141,R
WOR,0.09906,102421.0,3043,prairie strip,strips,12.0,2018,1886.0,56.0,4805.368,0.930431585,0.0580310678474141,R
WOR,0.09906,102421.0,3041,prairie strip,strips,12.0,2018,1976.0,50.0,955.208,0.788175071,0.0580310678474141,R
WOR,0.024,46.0,NS,control,control,20.0,2020,0.0,0.0,0.0,0.0,31.30434782608696,R
WOR,0.024,46.0,5008,prairie strip,strips,20.0,2020,61.0,6.0,278.536,0.219996094,31.30434782608696,R
WOR,0.04,321.0,3056,control,control,22.0,2018,1566.0,38.0,1911.018,1.169821552,7.4766355140186915,R
WOR,0.04,321.0,3056,control,control,22.0,2018,1836.0,40.0,8322.151,5.184098242,7.4766355140186915,R
WOR,0.04,321.0,3056,control,control,22.0,2018,2701.0,36.0,25867.07,16.03400908,7.4766355140186915,R
WOR,0.04,321.0,3055,prairie strip,strips,22.0,2018,101.0,80.0,3232.263,1.642059856,7.4766355140186915,R
WOR,0.04,321.0,3055,prairie strip,strips,22.0,2018,161.0,78.0,36798.073,18.69422088,7.4766355140186915,R
WOR,0.04,321.0,3055,prairie strip,strips,22.0,2018,461.0,84.0,1201.873,0.609375627,7.4766355140186915,R
WOR,0.04,321.0,3055,prairie strip,strips,22.0,2018,2311.0,82.0,6546.264,3.244278107,7.4766355140186915,R
WOR,0.009,36.0,3056,control,control,24.0,2018,1566.0,38.0,1911.018,1.169821552,15.0,R
WOR,0.009,36.0,3056,control,control,24.0,2018,1836.0,40.0,8322.151,5.184098242,15.0,R
WOR,0.009,36.0,3056,control,control,24.0,2018,2701.0,36.0,25867.07,16.03400908,15.0,R
WOR,0.009,36.0,3055,prairie strip,strips,24.0,2018,101.0,80.0,3232.263,1.642059856,15.0,R
WOR,0.009,36.0,3055,prairie strip,strips,24.0,2018,161.0,78.0,36798.073,18.69422088,15.0,R
WOR,0.009,36.0,3055,prairie strip,strips,24.0,2018,461.0,84.0,1201.873,0.609375627,15.0,R
WOR,0.009,36.0,3055,prairie strip,strips,24.0,2018,2311.0,82.0,6546.264,3.244278107,15.0,R
WOR,0.017,136.0,3056,control,control,28.0,2018,1566.0,38.0,1911.018,1.169821552,7.5,R
WOR,0.017,136.0,3056,control,control,28.0,2018,1836.0,40.0,8322.151,5.184098242,7.5,R
WOR,0.017,136.0,3056,control,control,28.0,2018,2701.0,36.0,25867.07,16.03400908,7.5,R
WOR,0.017,136.0,3055,prairie strip,strips,28.0,2018,101.0,80.0,3232.263,1.642059856,7.5,R
WOR,0.017,136.0,3055,prairie strip,strips,28.0,2018,161.0,78.0,36798.073,18.69422088,7.5,R
WOR,0.017,136.0,3055,prairie strip,strips,28.0,2018,461.0,84.0,1201.873,0.609375627,7.5,R
WOR,0.017,136.0,3055,prairie strip,strips,28.0,2018,2311.0,82.0,6546.264,3.244278107,7.5,R
WOR,0.016,316.0,NS,control,control,28.0,2019,0.0,0.0,0.0,0.0,3.037974683544304,R
WOR,0.016,316.0,4007,prairie strip,strips,28.0,2019,61.0,18.0,184.262,0.101733664,3.037974683544304,R
WOR,0.011,431.0,3056,control,control,30.0,2018,1566.0,38.0,1911.018,1.169821552,1.531322505800464,R
WOR,0.011,431.0,3056,control,control,30.0,2018,1836.0,40.0,8322.151,5.184098242,1.531322505800464,R
WOR,0.011,431.0,3056,control,control,30.0,2018,2701.0,36.0,25867.07,16.03400908,1.531322505800464,R
WOR,0.011,431.0,3055,prairie strip,strips,30.0,2018,101.0,80.0,3232.263,1.642059856,1.531322505800464,R
WOR,0.011,431.0,3055,prairie strip,strips,30.0,2018,161.0,78.0,36798.073,18.69422088,1.531322505800464,R
WOR,0.011,431.0,3055,prairie strip,strips,30.0,2018,461.0,84.0,1201.873,0.609375627,1.531322505800464,R
WOR,0.011,431.0,3055,prairie strip,strips,30.0,2018,2311.0,82.0,6546.264,3.244278107,1.531322505800464,R
WOR,0.057,466.0,4015,control,control,30.0,2019,171.0,6.0,23764.089,71.80656162,7.339055793991416,R
WOR,0.057,466.0,4014,prairie strip,strips,30.0,2019,526.0,20.0,34544.646,65.75345526,7.339055793991416,R
WOR,0.026,76.0,3064,control,control,40.0,2018,136.0,42.0,8580.907,2.067985483,20.52631578947368,R
WOR,0.026,76.0,3063,prairie strip,strips,40.0,2018,226.0,100.0,8615.366,2.956399921,20.52631578947368,R
WOR,0.026,986.0,3068,control,control,44.0,2018,621.0,44.0,17517.722,10.01886109,1.5821501014198782,R
WOR,0.026,986.0,3067,prairie strip,strips,44.0,2018,856.0,104.0,21482.993,10.66672184,1.5821501014198782,R
WOR,0.029,146.0,4032,control,control,44.0,2019,486.0,12.0,1169.809,1.378286226,11.917808219178083,R
WOR,0.029,146.0,4031,prairie strip,strips,44.0,2019,561.0,38.0,5040.568,13.62233634,11.917808219178083,R
WOR,0.021,36.0,4041,control,control,56.0,2019,1521.0,18.0,6837.883,1.210108093,35.0,R
WOR,0.021,36.0,4040,prairie strip,strips,56.0,2019,351.0,52.0,14920.271,6.158659827,35.0,R
WOR,0.061,836.0,1025,control,control,82.0,2016,1091.0,28.0,470.253,0.050369002,4.37799043062201,R
WOR,0.061,836.0,NS,prairie strip,strips,82.0,2016,0.0,0.0,0.0,0.0,4.37799043062201,R
WOR,0.059,201.0,1030,control,control,92.0,2016,2306.0,36.0,21811.365,5.642764695,17.611940298507463,R
WOR,0.059,201.0,NS,prairie strip,strips,92.0,2016,0.0,0.0,0.0,0.0,17.611940298507463,R
WOR,0.025,471.0,1035,control,control,96.0,2016,511.0,38.0,653.72,0.147411014,3.1847133757961785,R
WOR,0.025,471.0,NS,prairie strip,strips,96.0,2016,0.0,0.0,0.0,0.0,3.1847133757961785,R
WOR,0.036,391.0,NS,control,control,128.0,2019,0.0,0.0,0.0,0.0,5.524296675191815,R
WOR,0.036,391.0,4072,prairie strip,strips,128.0,2019,1161.0,98.0,1095.795,0.201661731,5.524296675191815,R
