ARM,2016,2,0.008,3/15/2016 1:55,75.08,3/15/2016 2:30,75.10,soybean,,,,
ARM,2016,4,0.011,3/23/2016 17:25,83.73,3/23/2016 18:25,83.77,soybean,,,,
ARM,2016,6,0.034,4/20/2016 5:20,111.22,4/20/2016 11:20,111.47,soybean,,,,
ARM,2016,10,0.011,4/27/2016 0:55,118.04,4/27/2016 4:45,118.20,soybean,,,,
ARM,2016,12,0.033,4/27/2016 16:20,118.68,4/27/2016 18:50,118.78,soybean,,,,
ARM,2016,14,0.033,4/30/2016 3:45,121.16,4/30/2016 9:45,121.41,soybean,,,,
ARM,2016,16,0.025,5/9/2016 2:05,130.09,5/9/2016 7:45,130.32,soybean,,,,
ARM,2016,18,0.01,5/9/2016 21:45,130.91,5/9/2016 23:20,130.97,soybean,,,,
ARM,2016,20,0.016,5/11/2016 8:05,132.34,5/11/2016 8:50,132.37,soybean,,,,
ARM,2016,26,0.012,5/26/2016 0:30,147.02,5/26/2016 2:30,147.10,soybean,,,,
ARM,2016,28,0.051,5/26/2016 16:00,147.67,5/26/2016 19:25,147.81,soybean,,,,
ARM,2016,30,0.007,5/27/2016 22:55,148.95,5/28/2016 2:45,149.11,soybean,,,,
ARM,2016,36,0.021,6/20/2016 15:30,172.65,6/20/2016 17:30,172.73,soybean,,,,
ARM,2016,38,0.016,6/26/2016 1:50,178.08,6/26/2016 2:55,178.12,soybean,,,,
ARM,2016,42,0.007,7/2/2016 6:20,184.26,7/2/2016 10:35,184.44,soybean,,,,
ARM,2016,44,0.021,7/7/2016 2:05,189.09,7/7/2016 5:40,189.24,soybean,,,,
ARM,2016,46,0.029,7/11/2016 22:20,193.93,7/12/2016 0:35,194.02,soybean,,,,
ARM,2016,48,0.056,7/18/2016 0:50,200.03,7/18/2016 5:50,200.24,soybean,,,,
ARM,2016,50,0.009,7/19/2016 13:10,201.55,7/19/2016 13:35,201.57,soybean,,,,
ARM,2016,56,0.037,8/11/2016 20:30,224.85,8/11/2016 23:45,224.99,soybean,,,,
ARM,2016,60,0.026,8/23/2016 23:00,236.96,8/23/2016 23:40,236.99,soybean,,,,
ARM,2016,66,0.019,8/29/2016 16:40,242.69,8/29/2016 23:10,242.97,soybean,,,,
ARM,2016,72,0.016,9/7/2016 8:55,251.37,9/7/2016 11:25,251.48,soybean,,,,
ARM,2016,74,0.012,9/9/2016 15:15,253.64,9/9/2016 18:20,253.76,soybean,,,,
ARM,2016,76,0.01,9/13/2016 1:50,257.08,9/13/2016 2:30,257.10,soybean,,,,
ARM,2016,80,0.047,9/16/2016 0:15,260.01,9/16/2016 2:20,260.10,soybean,,,,
ARM,2016,82,0.051,10/4/2016 13:50,278.58,10/4/2016 22:30,278.94,soybean,,,,
ARM,2016,84,0.008,10/6/2016 11:30,280.48,10/6/2016 19:30,280.81,soybean,,,,
ARM,2016,88,0.014,11/2/2016 3:55,307.16,11/2/2016 4:40,307.19,soybean,,,,
EIA,2016,8,0.014,3/23/2016 22:40,83.94,3/24/2016 0:00,84.00,soybean,,,,
EIA,2016,12,0.027,4/5/2016 23:05,96.96,4/6/2016 1:55,97.08,soybean,,,,
EIA,2016,20,0.008,4/27/2016 22:25,118.93,4/27/2016 23:25,118.98,soybean,,,,
EIA,2016,22,0.013,4/30/2016 9:45,121.41,4/30/2016 14:10,121.59,soybean,,,,
EIA,2016,28,0.01,5/9/2016 17:50,130.74,5/9/2016 18:45,130.78,soybean,,,,
EIA,2016,36,0.008,5/27/2016 22:55,148.95,5/28/2016 3:35,149.15,soybean,,,,
EIA,2016,38,0.009,5/28/2016 13:55,149.58,5/28/2016 14:05,149.59,soybean,,,,
EIA,2016,42,0.01,5/31/2016 20:05,152.84,5/31/2016 20:45,152.86,soybean,,,,
EIA,2016,44,0.015,6/4/2016 1:45,156.07,6/4/2016 2:00,156.08,soybean,,,,
EIA,2016,46,0.013,6/4/2016 18:15,156.76,6/4/2016 19:20,156.81,soybean,,,,
EIA,2016,56,0.008,6/14/2016 20:20,166.85,6/14/2016 22:25,166.93,soybean,,,,
EIA,2016,60,0.129,6/22/2016 0:30,174.02,6/22/2016 8:45,174.36,soybean,,,,
EIA,2016,64,0.02,6/26/2016 3:00,178.13,6/26/2016 5:15,178.22,soybean,,,,
EIA,2016,66,0.014,6/30/2016 2:15,182.09,6/30/2016 7:45,182.32,soybean,,,,
EIA,2016,68,0.007,7/6/2016 2:35,188.11,7/6/2016 2:45,188.11,soybean,,,,
EIA,2016,70,0.008,7/10/2016 11:35,192.48,7/10/2016 13:15,192.55,soybean,,,,
EIA,2016,72,0.012,7/12/2016 1:45,194.07,7/12/2016 4:30,194.19,soybean,,,,
EIA,2016,74,0.015,7/17/2016 5:20,199.22,7/17/2016 6:50,199.28,soybean,,,,
EIA,2016,78,0.021,7/22/2016 0:30,204.02,7/22/2016 1:40,204.07,soybean,,,,
EIA,2016,82,0.03,8/4/2016 20:05,217.84,8/4/2016 20:50,217.87,soybean,,,,
EIA,2016,86,0.11,8/11/2016 19:50,224.83,8/11/2016 23:50,224.99,soybean,,,,
EIA,2016,92,0.012,8/24/2016 2:10,237.09,8/24/2016 7:00,237.29,soybean,,,,
EIA,2016,96,0.008,8/26/2016 23:55,240.00,8/27/2016 3:20,240.14,soybean,,,,
EIA,2016,98,0.062,9/7/2016 8:15,251.34,9/8/2016 2:05,252.09,soybean,,,,
EIA,2016,102,0.031,9/15/2016 23:25,259.98,9/16/2016 1:35,260.07,soybean,,,,
EIA,2016,104,0.062,9/23/2016 3:00,267.13,9/23/2016 5:20,267.22,soybean,,,,
EIA,2016,108,0.029,10/26/2016 4:10,300.17,10/26/2016 7:15,300.30,soybean,,,,
EIA,2016,110,0.019,11/2/2016 0:20,307.01,11/2/2016 6:30,307.27,soybean,,,,
HOE,2016,2,0.00864,9/9/2016 4:00,253.17,9/9/2016 6:00,253.25,,,,,
HOE,2016,4,0.01726,9/9/2016 8:00,253.33,9/9/2016 10:00,253.42,,,,,
HOE,2016,8,0.06399,9/15/2016 7:00,259.29,9/15/2016 23:00,259.96,,,,,
HOE,2016,12,0.011,9/25/2016 3:05,269.13,9/25/2016 4:45,269.20,,,,,
HOE,2016,14,0.045,10/4/2016 18:25,278.77,10/5/2016 1:10,279.05,,,,,
HOE,2016,16,0.013,10/6/2016 18:45,280.78,10/6/2016 21:45,280.91,,,,,
HOE,2016,18,0.029,10/25/2016 18:15,299.76,10/26/2016 0:55,300.04,,,,,
RHO,2016,4,0.014,3/15/2016 15:00,75.63,3/15/2016 16:30,75.69,corn,,,,
RHO,2016,6,0.013,3/23/2016 20:15,83.84,3/23/2016 21:15,83.89,corn,,,,
RHO,2016,12,0.007,4/5/2016 22:55,96.95,4/6/2016 0:25,97.02,corn,,,,
RHO,2016,22,0.012,4/27/2016 20:45,118.86,4/27/2016 21:45,118.91,corn,,,,
RHO,2016,24,0.01,4/30/2016 9:40,121.40,4/30/2016 16:25,121.68,corn,,,,
RHO,2016,28,0.036,6/11/2016 1:50,163.08,6/11/2016 5:00,163.21,corn,,,,
RHO,2016,36,0.01,6/26/2016 2:10,178.09,6/26/2016 3:10,178.13,corn,,,,
RHO,2016,38,0.012,6/30/2016 16:50,182.70,6/30/2016 17:05,182.71,corn,,,,
RHO,2016,40,0.011,7/7/2016 6:15,189.26,7/7/2016 7:40,189.32,corn,,,,
RHO,2016,42,0.009,7/10/2016 13:25,192.56,7/10/2016 13:35,192.57,corn,,,,
RHO,2016,44,0.007,7/12/2016 0:15,194.01,7/12/2016 1:00,194.04,corn,,,,
RHO,2016,46,0.014,7/17/2016 5:25,199.23,7/17/2016 8:15,199.34,corn,,,,
RHO,2016,48,0.011,7/18/2016 3:15,200.14,7/18/2016 5:15,200.22,corn,,,,
RHO,2016,50,0.013,7/19/2016 12:05,201.50,7/19/2016 14:00,201.58,corn,,,,
RHO,2016,54,0.027,8/4/2016 15:55,217.66,8/4/2016 21:55,217.91,corn,,,,
RHO,2016,56,0.029,8/11/2016 5:10,224.22,8/11/2016 10:00,224.42,corn,,,,
RHO,2016,58,0.046,8/11/2016 19:40,224.82,8/12/2016 5:30,225.23,corn,,,,
RHO,2016,60,0.027,8/17/2016 3:45,230.16,8/17/2016 5:50,230.24,corn,,,,
RHO,2016,62,0.013,8/19/2016 19:55,232.83,8/19/2016 21:50,232.91,corn,,,,
RHO,2016,68,0.026,9/7/2016 12:05,251.50,9/8/2016 1:30,252.06,corn,,,,
RHO,2016,70,0.015,9/9/2016 11:40,253.49,9/9/2016 16:45,253.70,corn,,,,
RHO,2016,72,0.029,9/15/2016 20:20,259.85,9/15/2016 23:40,259.99,corn,,,,
RHO,2016,74,0.01,9/23/2016 8:00,267.33,9/23/2016 10:00,267.42,corn,,,,
RHO,2016,76,0.015,9/24/2016 22:05,268.92,9/25/2016 2:15,269.09,corn,,,,
RHO,2016,86,0.013,11/2/2016 2:30,307.10,11/2/2016 4:15,307.18,corn,,,,
WHI,2016,2,0.013,7/7/2016 1:45,189.07,7/7/2016 2:30,189.10,corn,,,,
WHI,2016,4,0.024,7/11/2016 22:10,193.92,7/11/2016 23:30,193.98,corn,,,,
WHI,2016,8,0.008,7/13/2016 17:15,195.72,7/13/2016 17:30,195.73,corn,,,,
WHI,2016,10,0.014,7/17/2016 4:15,199.18,7/17/2016 9:30,199.40,corn,,,,
WHI,2016,12,0.014,7/18/2016 2:55,200.12,7/18/2016 4:10,200.17,corn,,,,
WHI,2016,14,0.01,7/19/2016 11:45,201.49,7/19/2016 12:25,201.52,corn,,,,
WHI,2016,16,0.063,8/1/2016 4:50,214.20,8/1/2016 10:35,214.44,corn,,,,
WHI,2016,22,0.052,8/11/2016 18:10,224.76,8/11/2016 23:00,224.96,corn,,,,
WHI,2016,26,0.01,9/7/2016 7:25,251.31,9/7/2016 12:25,251.52,corn,,,,
WHI,2016,30,0.017,9/9/2016 14:30,253.60,9/9/2016 18:55,253.79,corn,,,,
WHI,2016,34,0.075,9/15/2016 21:30,259.90,9/16/2016 3:50,260.16,corn,,,,
WHI,2016,36,0.016,9/24/2016 17:30,268.73,9/24/2016 18:25,268.77,corn,,,,
WHI,2016,38,0.008,9/25/2016 5:40,269.24,9/25/2016 6:15,269.26,corn,,,,
WHI,2016,40,0.021,10/4/2016 16:25,278.68,10/4/2016 23:20,278.97,corn,,,,
WHI,2016,42,0.007,10/6/2016 14:45,280.61,10/6/2016 15:25,280.64,corn,,,,
WOR,2016,6,0.014,3/30/2016 17:50,90.74,3/30/2016 20:05,90.84,corn,,,,
WOR,2016,10,0.008,4/20/2016 8:35,111.36,4/20/2016 12:50,111.53,corn,,,,
WOR,2016,18,0.009,4/27/2016 20:10,118.84,4/27/2016 21:20,118.89,corn,,,,
WOR,2016,20,0.025,4/30/2016 10:20,121.43,4/30/2016 15:40,121.65,corn,,,,
WOR,2016,30,0.008,5/25/2016 5:30,146.23,5/25/2016 9:05,146.38,corn,,,,
WOR,2016,32,0.008,5/26/2016 3:15,147.14,5/26/2016 4:00,147.17,corn,,,,
WOR,2016,36,0.023,5/27/2016 9:00,148.38,5/27/2016 11:40,148.49,corn,,,,
WOR,2016,40,0.01,5/30/2016 19:05,151.80,5/30/2016 20:40,151.86,corn,,,,
WOR,2016,42,0.009,5/31/2016 14:50,152.62,5/31/2016 15:35,152.65,corn,,,,
WOR,2016,54,0.008,7/6/2016 1:05,188.05,7/6/2016 1:25,188.06,corn,,,,
WOR,2016,60,0.014,7/11/2016 23:20,193.97,7/12/2016 0:35,194.02,corn,,,,
WOR,2016,62,0.019,7/17/2016 4:15,199.18,7/17/2016 6:05,199.25,corn,,,,
WOR,2016,64,0.032,7/18/2016 4:25,200.18,7/18/2016 5:55,200.25,corn,,,,
WOR,2016,66,0.016,7/19/2016 9:45,201.41,7/19/2016 13:15,201.55,corn,,,,
WOR,2016,70,0.008,8/11/2016 3:25,224.14,8/11/2016 7:25,224.31,corn,,,,
WOR,2016,72,0.062,8/11/2016 18:45,224.78,8/12/2016 2:00,225.08,corn,,,,
WOR,2016,74,0.016,8/19/2016 13:05,232.55,8/19/2016 20:25,232.85,corn,,,,
WOR,2016,80,0.039,8/29/2016 17:00,242.71,8/29/2016 17:45,242.74,corn,,,,
WOR,2016,82,0.061,9/7/2016 10:45,251.45,9/8/2016 0:40,252.03,corn,,,,
WOR,2016,88,0.052,9/15/2016 20:20,259.85,9/16/2016 4:25,260.18,corn,,,,
WOR,2016,90,0.007,9/22/2016 5:35,266.23,9/22/2016 6:35,266.27,corn,,,,
WOR,2016,92,0.059,9/22/2016 20:15,266.84,9/22/2016 23:35,266.98,corn,,,,
WOR,2016,96,0.025,9/24/2016 19:30,268.81,9/25/2016 3:20,269.14,corn,,,,
ARM,2017,18,0.018,4/30/2017 8:55,120.37,4/30/2017 17:00,120.71,corn,4/24/2017,114,6.71,germination
ARM,2017,22,0.028,5/10/2017 6:50,130.28,5/10/2017 11:10,130.47,corn,4/24/2017,114,16.47,"V1,2"
ARM,2017,24,0.05,5/16/2017 20:00,136.83,5/17/2017 15:35,137.65,corn,4/24/2017,114,23.65,"V3,4,5"
ARM,2017,26,0.019,5/18/2017 22:25,138.93,5/19/2017 0:50,139.03,corn,4/24/2017,114,25.03,"V5,6"
ARM,2017,28,0.024,5/19/2017 21:40,139.90,5/20/2017 8:20,140.35,corn,4/24/2017,114,26.35,"V5,6"
ARM,2017,32,0.009,5/27/2017 9:10,147.38,5/27/2017 10:20,147.43,corn,4/24/2017,114,33.43,"V7,8"
ARM,2017,34,0.009,6/2/2017 3:40,153.15,6/2/2017 3:50,153.16,corn,4/24/2017,114,39.16,"V9,10"
ARM,2017,38,0.035,6/14/2017 0:10,165.01,6/14/2017 8:50,165.37,corn,4/24/2017,114,51.37,"V13,14,15"
ARM,2017,42,0.055,6/16/2017 20:50,167.87,6/16/2017 21:20,167.89,corn,4/24/2017,114,53.89,"V13,14,15"
ARM,2017,44,0.014,6/23/2017 0:40,174.03,6/23/2017 1:10,174.05,corn,4/24/2017,114,60.05,"V16,17,18,19"
ARM,2017,50,0.024,8/15/2017 10:10,227.42,8/15/2017 11:10,227.47,corn,4/24/2017,114,113.47,Vt
ARM,2017,52,0.022,8/16/2017 10:20,228.43,8/16/2017 10:35,228.44,corn,4/24/2017,114,114.44,Vt
ARM,2017,54,0.013,8/20/2017 2:40,232.11,8/20/2017 4:10,232.17,corn,4/24/2017,114,118.17,Vt
ARM,2017,56,0.075,8/21/2017 2:20,233.10,8/21/2017 8:35,233.36,corn,4/24/2017,114,119.36,Vt
ARM,2017,58,0.013,8/21/2017 18:05,233.75,8/21/2017 22:30,233.94,corn,4/24/2017,114,119.94,Vt
ARM,2017,62,0.021,9/16/2017 22:35,259.94,9/17/2017 0:10,260.01,corn,4/24/2017,114,146.01,Vt
ARM,2017,66,0.029,9/25/2017 12:50,268.53,9/25/2017 17:15,268.72,corn,4/24/2017,114,154.72,Vt
ARM,2017,70,0.011,10/2/2017 3:10,275.13,10/2/2017 11:40,275.49,corn,4/24/2017,114,161.49,NC
ARM,2017,76,0.035,10/6/2017 21:45,279.91,10/7/2017 11:05,280.46,corn,4/24/2017,114,166.46,NC
ARM,2017,78,0.016,10/10/2017 2:55,283.12,10/10/2017 5:30,283.23,corn,4/24/2017,114,169.23,NC
ARM,2017,80,0.011,10/14/2017 6:55,287.29,10/14/2017 10:25,287.43,corn,4/24/2017,114,173.43,NC
EIA,2017,24,0.016,5/10/2017 8:55,130.37,5/10/2017 15:40,130.65,corn,5/6/2017,126,4.65,germination
EIA,2017,28,0.015,5/17/2017 17:05,137.71,5/17/2017 18:40,137.78,corn,5/6/2017,126,11.78,"VE,1"
EIA,2017,30,0.009,5/19/2017 3:15,139.14,5/19/2017 7:50,139.33,corn,5/6/2017,126,13.33,"V1,2"
EIA,2017,32,0.016,5/26/2017 10:20,146.43,5/26/2017 12:00,146.50,corn,5/6/2017,126,20.50,"V2,3,4"
EIA,2017,38,0.019,6/14/2017 5:50,165.24,6/14/2017 11:55,165.50,corn,5/6/2017,126,39.50,"V9,10"
EIA,2017,44,0.009,6/17/2017 0:05,168.00,6/17/2017 0:15,168.01,corn,5/6/2017,126,42.01,"V10,11"
EIA,2017,48,0.01,6/23/2017 1:35,174.07,6/23/2017 1:55,174.08,corn,5/6/2017,126,48.08,"V12,13"
EIA,2017,50,0.013,6/28/2017 4:55,179.20,6/28/2017 6:35,179.27,corn,5/6/2017,126,53.27,"V13,14,15"
EIA,2017,54,0.015,7/10/2017 3:40,191.15,7/10/2017 4:40,191.19,corn,5/6/2017,126,65.19,"V19,20"
EIA,2017,60,0.023,7/20/2017 22:50,201.95,7/21/2017 0:50,202.03,corn,5/6/2017,126,76.03,Vt
EIA,2017,62,0.01,7/22/2017 4:05,203.17,7/22/2017 4:25,203.18,corn,5/6/2017,126,77.18,Vt
EIA,2017,66,0.008,8/3/2017 9:20,215.39,8/3/2017 15:45,215.66,corn,5/6/2017,126,89.66,Vt
EIA,2017,74,0.015,8/21/2017 19:50,233.83,8/21/2017 20:40,233.86,corn,5/6/2017,126,107.86,Vt
EIA,2017,82,0.008,10/22/2017 0:10,295.01,10/22/2017 0:55,295.04,corn,5/6/2017,126,169.04,NC
HOE,2017,4,0.009,4/18/2017 6:35,108.27,4/18/2017 7:50,108.33,,,0,,
HOE,2017,6,0.008,4/19/2017 12:15,109.51,4/19/2017 13:35,109.57,,,0,,
HOE,2017,10,0.021,4/30/2017 19:55,120.83,4/30/2017 21:45,120.91,,,0,,
HOE,2017,14,0.007,5/16/2017 8:35,136.36,5/16/2017 8:55,136.37,,,0,,
HOE,2017,16,0.012,5/16/2017 22:50,136.95,5/17/2017 5:55,137.25,,,0,,
HOE,2017,18,0.011,5/17/2017 14:30,137.60,5/17/2017 17:50,137.74,,,0,,
HOE,2017,20,0.023,5/20/2017 1:10,140.05,5/20/2017 12:45,140.53,,,0,,
HOE,2017,28,0.01,6/12/2017 11:40,163.49,6/12/2017 14:15,163.59,,,0,,
HOE,2017,34,0.008,6/18/2017 18:40,169.78,6/18/2017 19:20,169.81,,,0,,
HOE,2017,36,0.051,6/28/2017 1:10,179.05,6/28/2017 6:45,179.28,,,0,,
HOE,2017,44,0.007,8/1/2017 17:40,213.74,8/1/2017 18:00,213.75,,,0,,
HOE,2017,50,0.05892,8/21/2017 12:00,233.50,8/21/2017 17:00,233.71,,,0,,
MAR,2017,2,0.025,5/10/2017 6:15,130.26,5/10/2017 14:25,130.60,,,0,,
MAR,2017,4,0.008,5/17/2017 0:50,137.03,5/17/2017 1:00,137.04,,,0,,
MAR,2017,6,0.013,5/17/2017 17:05,137.71,5/17/2017 17:15,137.72,,,0,,
MAR,2017,8,0.007,5/19/2017 1:00,139.04,5/19/2017 3:30,139.15,,,0,,
MAR,2017,10,0.007,5/20/2017 1:45,140.07,5/20/2017 3:15,140.14,,,0,,
MAR,2017,14,0.017,5/27/2017 13:10,147.55,5/27/2017 13:55,147.58,,,0,,
MAR,2017,16,0.02,6/14/2017 4:25,165.18,6/14/2017 10:30,165.44,,,0,,
MAR,2017,18,0.04,6/16/2017 22:20,167.93,6/17/2017 1:15,168.05,,,0,,
MAR,2017,28,0.022,7/12/2017 17:30,193.73,7/12/2017 18:00,193.75,,,0,,
MAR,2017,30,0.023,7/20/2017 22:40,201.94,7/20/2017 23:30,201.98,,,0,,
MAR,2017,34,0.04,8/14/2017 6:50,226.28,8/14/2017 7:40,226.32,,,0,,
MAR,2017,40,0.008,8/21/2017 5:00,233.21,8/21/2017 6:00,233.25,,,0,,
MAR,2017,48,0.025,9/17/2017 1:10,260.05,9/17/2017 3:15,260.14,,,0,,
MAR,2017,52,0.028,9/25/2017 17:30,268.73,9/26/2017 2:35,269.11,,,0,,
MAR,2017,54,0.008,10/3/2017 20:20,276.85,10/4/2017 2:15,277.09,,,0,,
MAR,2017,60,0.037,10/6/2017 17:10,279.72,10/7/2017 2:05,280.09,,,0,,
MAR,2017,64,0.05,10/10/2017 10:45,283.45,10/10/2017 14:45,283.61,,,0,,
MAR,2017,68,0.017,10/14/2017 9:40,287.40,10/14/2017 19:25,287.81,,,0,,
MAR,2017,70,0.022,10/21/2017 18:20,294.76,10/21/2017 23:25,294.98,,,0,,
MCN,2017,30,0.009,5/17/2017 0:25,137.02,5/17/2017 2:50,137.12,corn,5/15/2017,135,2.12,germination
MCN,2017,34,0.02,5/19/2017 0:10,139.01,5/19/2017 2:45,139.11,corn,5/15/2017,135,4.11,germination
MCN,2017,38,0.007,6/15/2017 23:40,166.99,6/16/2017 0:25,167.02,corn,5/15/2017,135,32.02,"V7,8"
MCN,2017,42,0.007,6/23/2017 1:30,174.06,6/23/2017 1:50,174.08,corn,5/15/2017,135,39.08,"V9,10"
MCN,2017,52,0.009,7/26/2017 22:10,207.92,7/26/2017 22:50,207.95,corn,5/15/2017,135,72.95,Vt
MCN,2017,54,0.008,8/3/2017 7:40,215.32,8/3/2017 8:05,215.34,corn,5/15/2017,135,80.34,Vt
MCN,2017,58,0.033,10/13/2017 23:15,286.97,10/14/2017 13:40,287.57,corn,5/15/2017,135,152.57,NC
MCN,2017,60,0.056,10/21/2017 19:15,294.80,10/22/2017 0:25,295.02,corn,5/15/2017,135,160.02,NC
RHO,2017,18,0.014,4/30/2017 16:30,120.69,4/30/2017 19:45,120.82,corn,4/24/2017,114,6.82,
RHO,2017,20,0.029,5/10/2017 5:50,130.24,5/10/2017 14:00,130.58,corn,4/24/2017,114,16.58,
RHO,2017,22,0.013,5/17/2017 0:30,137.02,5/17/2017 0:40,137.03,corn,4/24/2017,114,23.03,
RHO,2017,26,0.025,5/19/2017 0:05,139.00,5/19/2017 2:50,139.12,corn,4/24/2017,114,25.12,
RHO,2017,28,0.013,5/20/2017 1:30,140.06,5/20/2017 3:10,140.13,corn,4/24/2017,114,26.13,
RHO,2017,32,0.017,5/27/2017 12:20,147.51,5/27/2017 12:55,147.54,corn,4/24/2017,114,33.54,
RHO,2017,34,0.02,6/14/2017 3:55,165.16,6/14/2017 10:20,165.43,corn,4/24/2017,114,51.43,
RHO,2017,36,0.027,6/16/2017 22:55,167.95,6/16/2017 23:25,167.98,corn,4/24/2017,114,53.98,
RHO,2017,38,0.008,6/19/2017 14:05,170.59,6/19/2017 14:15,170.59,corn,4/24/2017,114,56.59,
RHO,2017,42,0.008,6/28/2017 4:20,179.18,6/28/2017 5:10,179.22,corn,4/24/2017,114,65.22,
RHO,2017,46,0.012,7/12/2017 17:20,193.72,7/12/2017 17:40,193.74,corn,4/24/2017,114,79.74,
RHO,2017,48,0.02,7/20/2017 22:15,201.93,7/20/2017 23:05,201.96,corn,4/24/2017,114,87.96,
RHO,2017,50,0.007,7/22/2017 5:00,203.21,7/22/2017 5:10,203.22,corn,4/24/2017,114,89.22,
RHO,2017,56,0.021,8/14/2017 6:05,226.25,8/14/2017 8:30,226.35,corn,4/24/2017,114,112.35,
RHO,2017,64,0.01,8/21/2017 3:15,233.14,8/21/2017 5:50,233.24,corn,4/24/2017,114,119.24,
RHO,2017,66,0.014,8/21/2017 13:40,233.57,8/21/2017 18:35,233.77,corn,4/24/2017,114,119.77,
RHO,2017,68,0.019,9/17/2017 1:00,260.04,9/17/2017 2:55,260.12,corn,4/24/2017,114,146.12,
RHO,2017,72,0.013,9/25/2017 19:05,268.80,9/26/2017 1:45,269.07,corn,4/24/2017,114,155.07,
RHO,2017,78,0.018,10/6/2017 2:30,279.10,10/6/2017 6:35,279.27,corn,4/24/2017,114,165.27,
RHO,2017,80,0.034,10/6/2017 16:55,279.70,10/7/2017 1:50,280.08,corn,4/24/2017,114,166.08,
RHO,2017,82,0.019,10/10/2017 8:00,283.33,10/10/2017 12:45,283.53,corn,4/24/2017,114,169.53,
RHO,2017,84,0.019,10/14/2017 9:55,287.41,10/14/2017 19:10,287.80,corn,4/24/2017,114,173.80,
RHO,2017,86,0.019,10/21/2017 18:25,294.77,10/21/2017 23:05,294.96,corn,4/24/2017,114,180.96,
WHI,2017,20,0.019,5/16/2017 20:30,136.85,5/17/2017 0:20,137.01,soybean,5/15/2017,135,2.01,
WHI,2017,24,0.014,5/18/2017 23:40,138.99,5/19/2017 2:00,139.08,soybean,5/15/2017,135,4.08,
WHI,2017,26,0.01,5/19/2017 23:10,139.97,5/20/2017 10:00,140.42,soybean,5/15/2017,135,5.42,
WHI,2017,36,0.023,6/14/2017 1:00,165.04,6/14/2017 8:10,165.34,soybean,5/15/2017,135,30.34,
WHI,2017,42,0.013,6/22/2017 20:15,173.84,6/22/2017 20:30,173.85,soybean,5/15/2017,135,38.85,
WHI,2017,44,0.007,6/26/2017 6:15,177.26,6/26/2017 7:10,177.30,soybean,5/15/2017,135,42.30,
WHI,2017,46,0.008,6/28/2017 2:45,179.11,6/28/2017 5:20,179.22,soybean,5/15/2017,135,44.22,
WHI,2017,50,0.008,7/2/2017 10:10,183.42,7/2/2017 10:20,183.43,soybean,5/15/2017,135,48.43,
WHI,2017,54,0.009,7/11/2017 2:35,192.11,7/11/2017 2:55,192.12,soybean,5/15/2017,135,57.12,
WHI,2017,56,0.012,7/12/2017 15:20,193.64,7/12/2017 16:10,193.67,soybean,5/15/2017,135,58.67,
WHI,2017,62,0.032,7/20/2017 19:55,201.83,7/20/2017 20:30,201.85,soybean,5/15/2017,135,66.85,
WHI,2017,68,0.016,8/3/2017 5:30,215.23,8/3/2017 6:55,215.29,soybean,5/15/2017,135,80.29,
WHI,2017,72,0.018,8/16/2017 10:10,228.42,8/16/2017 14:30,228.60,soybean,5/15/2017,135,93.60,
WHI,2017,76,0.02,8/21/2017 0:35,233.02,8/21/2017 4:55,233.20,soybean,5/15/2017,135,98.20,
WHI,2017,84,0.014,9/16/2017 22:35,259.94,9/16/2017 23:45,259.99,soybean,5/15/2017,135,124.99,
WHI,2017,88,0.015,9/25/2017 14:30,268.60,9/25/2017 17:05,268.71,soybean,5/15/2017,135,133.71,
WHI,2017,92,0.015,10/2/2017 3:05,275.13,10/2/2017 8:05,275.34,soybean,5/15/2017,135,140.34,
WHI,2017,96,0.04,10/6/2017 15:05,279.63,10/7/2017 1:05,280.05,soybean,5/15/2017,135,145.05,
WHI,2017,98,0.013,10/7/2017 8:00,280.33,10/7/2017 12:15,280.51,soybean,5/15/2017,135,145.51,
WHI,2017,100,0.03,10/10/2017 4:35,283.19,10/10/2017 10:10,283.42,soybean,5/15/2017,135,148.42,
WHI,2017,108,0.007,10/21/2017 17:10,294.72,10/21/2017 17:20,294.72,soybean,5/15/2017,135,159.72,
WOR,2017,22,0.012,5/16/2017 21:45,136.91,5/17/2017 0:00,137.00,soybean,5/15/2017,135,2.00,
WOR,2017,24,0.008,5/17/2017 15:25,137.64,5/17/2017 16:45,137.70,soybean,5/15/2017,135,2.70,
WOR,2017,26,0.014,5/19/2017 0:20,139.01,5/19/2017 9:10,139.38,soybean,5/15/2017,135,4.38,
WOR,2017,34,0.007,5/27/2017 12:15,147.51,5/27/2017 14:25,147.60,soybean,5/15/2017,135,12.60,
WOR,2017,36,0.025,6/14/2017 1:00,165.04,6/14/2017 10:00,165.42,soybean,5/15/2017,135,30.42,
WOR,2017,42,0.007,6/28/2017 3:50,179.16,6/28/2017 6:05,179.25,soybean,5/15/2017,135,44.25,
WOR,2017,46,0.034,7/20/2017 21:40,201.90,7/20/2017 22:20,201.93,soybean,5/15/2017,135,66.93,
WOR,2017,48,0.008,7/26/2017 15:30,207.65,7/26/2017 15:50,207.66,soybean,5/15/2017,135,72.66,
WOR,2017,50,0.017,8/1/2017 22:30,213.94,8/1/2017 23:00,213.96,soybean,5/15/2017,135,78.96,
WOR,2017,54,0.017,8/14/2017 5:15,226.22,8/14/2017 6:30,226.27,soybean,5/15/2017,135,91.27,
WOR,2017,60,0.009,8/21/2017 4:30,233.19,8/21/2017 6:15,233.26,soybean,5/15/2017,135,98.26,
WOR,2017,62,0.019,8/21/2017 13:35,233.57,8/21/2017 18:05,233.75,soybean,5/15/2017,135,98.75,
WOR,2017,66,0.015,9/16/2017 23:10,259.97,9/17/2017 1:15,260.05,soybean,5/15/2017,135,125.05,
WOR,2017,70,0.008,9/25/2017 15:45,268.66,9/25/2017 19:20,268.81,soybean,5/15/2017,135,133.81,
WOR,2017,72,0.01,10/10/2017 8:45,283.36,10/10/2017 11:55,283.50,soybean,5/15/2017,135,148.50,
WOR,2017,74,0.023,10/13/2017 9:15,286.39,10/13/2017 11:35,286.48,soybean,5/15/2017,135,151.48,
WOR,2017,76,0.011,10/14/2017 7:20,287.31,10/14/2017 16:00,287.67,soybean,5/15/2017,135,152.67,
ARM,2018,14,0.01,5/29/2018 17:00,149.71,5/29/2018 19:00,149.79,soybean,5/9/2018,129,20.79,
ARM,2018,16,0.056,6/2/2018 1:45,153.07,6/2/2018 5:25,153.23,soybean,5/9/2018,129,24.23,
ARM,2018,20,0.012,6/10/2018 7:05,161.30,6/10/2018 8:55,161.37,soybean,5/9/2018,129,32.37,
ARM,2018,24,0.011,6/11/2018 10:10,162.42,6/11/2018 11:15,162.47,soybean,5/9/2018,129,33.47,
ARM,2018,26,0.024,6/11/2018 18:15,162.76,6/11/2018 19:35,162.82,soybean,5/9/2018,129,33.82,
ARM,2018,30,0.032,6/19/2018 2:00,170.08,6/19/2018 9:30,170.40,soybean,5/9/2018,129,41.40,
ARM,2018,36,0.012,6/24/2018 18:20,175.76,6/24/2018 18:45,175.78,soybean,5/9/2018,129,46.78,
ARM,2018,38,0.014,6/25/2018 13:35,176.57,6/25/2018 21:30,176.90,soybean,5/9/2018,129,47.90,
ARM,2018,42,0.025,6/30/2018 18:00,181.75,7/1/2018 2:10,182.09,soybean,5/9/2018,129,53.09,
ARM,2018,54,0.038,8/14/2018 20:15,226.84,8/14/2018 23:20,226.97,soybean,5/9/2018,129,97.97,
ARM,2018,56,0.01,8/16/2018 7:40,228.32,8/16/2018 8:50,228.37,soybean,5/9/2018,129,99.37,
ARM,2018,58,0.144,8/19/2018 18:25,231.77,8/20/2018 7:35,232.32,soybean,5/9/2018,129,103.32,
ARM,2018,66,0.011,8/26/2018 23:30,238.98,8/27/2018 1:40,239.07,soybean,5/9/2018,129,110.07,
ARM,2018,68,0.01,8/28/2018 11:30,240.48,8/28/2018 15:10,240.63,soybean,5/9/2018,129,111.63,
ARM,2018,70,0.04,8/31/2018 21:40,243.90,9/1/2018 6:55,244.29,soybean,5/9/2018,129,115.29,
ARM,2018,72,0.02,9/1/2018 22:55,244.95,9/2/2018 7:10,245.30,soybean,5/9/2018,129,116.30,
ARM,2018,74,0.009,9/3/2018 0:45,246.03,9/3/2018 2:30,246.10,soybean,5/9/2018,129,117.10,
ARM,2018,78,0.018,9/4/2018 22:10,247.92,9/5/2018 8:55,248.37,soybean,5/9/2018,129,119.37,
ARM,2018,80,0.01,9/7/2018 4:50,250.20,9/7/2018 6:55,250.29,soybean,5/9/2018,129,121.29,
ARM,2018,84,0.014,9/20/2018 20:40,263.86,9/21/2018 0:30,264.02,soybean,5/9/2018,129,135.02,
ARM,2018,86,0.012,9/25/2018 9:50,268.41,9/25/2018 12:10,268.51,soybean,5/9/2018,129,139.51,
ARM,2018,94,0.009,10/7/2018 12:45,280.53,10/7/2018 16:10,280.67,soybean,5/9/2018,129,151.67,
ARM,2018,98,0.021,10/8/2018 16:55,281.70,10/8/2018 18:30,281.77,soybean,5/9/2018,129,152.77,
EIA,2018,10,0.013,5/12/2018 1:40,132.07,5/12/2018 5:35,132.23,soybean,5/6/2018,126,6.23,
EIA,2018,12,0.024,5/14/2018 5:00,134.21,5/14/2018 6:40,134.28,soybean,5/6/2018,126,8.28,
EIA,2018,14,0.026,5/20/2018 5:25,140.23,5/20/2018 5:55,140.25,soybean,5/6/2018,126,14.25,
EIA,2018,16,0.008,5/21/2018 2:30,141.10,5/21/2018 6:30,141.27,soybean,5/6/2018,126,15.27,
EIA,2018,18,0.015,5/26/2018 1:20,146.06,5/26/2018 1:50,146.08,soybean,5/6/2018,126,20.08,
EIA,2018,20,0.01,5/29/2018 23:45,149.99,5/30/2018 1:20,150.06,soybean,5/6/2018,126,24.06,
EIA,2018,22,0.026,6/9/2018 8:00,160.33,6/9/2018 9:00,160.38,soybean,5/6/2018,126,34.38,
EIA,2018,24,0.056,6/9/2018 21:50,160.91,6/10/2018 0:05,161.00,soybean,5/6/2018,126,35.00,
EIA,2018,26,0.018,6/14/2018 10:25,165.43,6/14/2018 12:35,165.52,soybean,5/6/2018,126,39.52,
EIA,2018,28,0.047,6/18/2018 22:40,169.94,6/19/2018 11:05,170.46,soybean,5/6/2018,126,44.46,
EIA,2018,32,0.012,6/20/2018 16:00,171.67,6/20/2018 23:45,171.99,soybean,5/6/2018,126,45.99,
EIA,2018,34,0.064,6/21/2018 11:15,172.47,6/21/2018 14:40,172.61,soybean,5/6/2018,126,46.61,
EIA,2018,42,0.016,6/30/2018 22:25,181.93,7/1/2018 3:55,182.16,soybean,5/6/2018,126,56.16,
EIA,2018,44,0.014,7/13/2018 19:35,194.82,7/14/2018 5:05,195.21,soybean,5/6/2018,126,69.21,
EIA,2018,46,0.033,7/19/2018 5:20,200.22,7/19/2018 11:15,200.47,soybean,5/6/2018,126,74.47,
EIA,2018,54,0.007,8/7/2018 18:45,219.78,8/7/2018 19:00,219.79,soybean,5/6/2018,126,93.79,
EIA,2018,58,0.032,8/15/2018 14:20,227.60,8/15/2018 19:35,227.82,soybean,5/6/2018,126,101.82,
EIA,2018,64,0.026,8/20/2018 5:20,232.22,8/20/2018 21:25,232.89,soybean,5/6/2018,126,106.89,
EIA,2018,66,0.014,8/24/2018 5:30,236.23,8/24/2018 5:55,236.25,soybean,5/6/2018,126,110.25,
EIA,2018,72,0.012,8/28/2018 18:15,240.76,8/28/2018 18:20,240.76,soybean,5/6/2018,126,114.76,
EIA,2018,74,0.021,9/1/2018 3:10,244.13,9/1/2018 7:45,244.32,soybean,5/6/2018,126,118.32,
EIA,2018,78,0.052,9/3/2018 2:25,246.10,9/3/2018 10:20,246.43,soybean,5/6/2018,126,120.43,
EIA,2018,80,0.032,9/5/2018 7:20,248.31,9/5/2018 13:50,248.58,soybean,5/6/2018,126,122.58,
EIA,2018,82,0.017,9/18/2018 10:20,261.43,9/18/2018 15:00,261.63,soybean,5/6/2018,126,135.63,
EIA,2018,84,0.031,9/19/2018 11:25,262.48,9/19/2018 14:35,262.61,soybean,5/6/2018,126,136.61,
EIA,2018,88,0.012,9/25/2018 13:15,268.55,9/25/2018 13:40,268.57,soybean,5/6/2018,126,142.57,
EIA,2018,94,0.011,10/1/2018 18:10,274.76,10/1/2018 19:40,274.82,soybean,5/6/2018,126,148.82,
EIA,2018,98,0.025,10/5/2018 18:20,278.76,10/6/2018 2:45,279.11,soybean,5/6/2018,126,153.11,
EIA,2018,100,0.014,10/7/2018 18:40,280.78,10/7/2018 20:40,280.86,soybean,5/6/2018,126,154.86,
EIA,2018,102,0.021,10/8/2018 4:00,281.17,10/8/2018 5:55,281.25,soybean,5/6/2018,126,155.25,
EIA,2018,108,0.012,10/10/2018 4:15,283.18,10/10/2018 5:20,283.22,soybean,5/6/2018,126,157.22,
HOE,2018,8,0.037,6/17/2018 22:50,168.95,6/18/2018 4:45,169.20,,,0,,
HOE,2018,12,0.08,6/20/2018 15:45,171.66,6/21/2018 7:40,172.32,,,0,,
HOE,2018,14,0.049,6/24/2018 16:40,175.69,6/25/2018 0:20,176.01,,,0,,
HOE,2018,16,0.015,6/25/2018 22:15,176.93,6/25/2018 22:55,176.95,,,0,,
HOE,2018,18,0.046,7/1/2018 0:45,182.03,7/1/2018 7:40,182.32,,,0,,
HOE,2018,20,0.019,7/4/2018 11:05,185.46,7/4/2018 11:45,185.49,,,0,,
HOE,2018,24,0.025,7/12/2018 20:50,193.87,7/13/2018 11:45,194.49,,,0,,
HOE,2018,34,0.0726,9/3/2018 6:00,246.25,9/5/2018 3:00,248.13,,,0,,
HOE,2018,36,0.06932,9/17/2018 14:00,260.58,9/19/2018 23:00,262.96,,,0,,
MAR,2018,4,0.018,6/19/2018 1:30,170.06,6/19/2018 5:15,170.22,,,0,,
MAR,2018,6,0.028,6/20/2018 4:10,171.17,6/20/2018 5:45,171.24,,,0,,
MAR,2018,8,0.021,6/20/2018 20:10,171.84,6/20/2018 21:00,171.88,,,0,,
MAR,2018,12,0.017,6/25/2018 23:25,176.98,6/26/2018 3:40,177.15,,,0,,
MAR,2018,16,0.046,6/30/2018 20:20,181.85,7/1/2018 0:10,182.01,,,0,,
MAR,2018,18,0.018,7/5/2018 1:50,186.08,7/5/2018 2:35,186.11,,,0,,
MAR,2018,20,0.007,7/13/2018 16:00,194.67,7/13/2018 16:05,194.67,,,0,,
MAR,2018,24,0.012,7/19/2018 2:25,200.10,7/19/2018 5:40,200.24,,,0,,
MAR,2018,32,0.034,8/6/2018 3:25,218.14,8/6/2018 5:50,218.24,,,0,,
MAR,2018,34,0.041,8/7/2018 5:45,219.24,8/7/2018 8:05,219.34,,,0,,
MAR,2018,36,0.019,8/20/2018 4:20,232.18,8/20/2018 11:05,232.46,,,0,,
MAR,2018,42,0.023,8/28/2018 16:25,240.68,8/28/2018 19:50,240.83,,,0,,
MAR,2018,50,0.012,10/5/2018 21:20,278.89,10/6/2018 2:40,279.11,,,0,,
MAR,2018,54,0.019,10/8/2018 21:00,281.88,10/9/2018 5:20,282.22,,,0,,
MCN,2018,2,0.026,5/2/2018 20:00,122.83,5/2/2018 22:05,122.92,soybean,,,,
MCN,2018,8,0.025,5/12/2018 7:50,132.33,5/12/2018 10:15,132.43,soybean,5/8/2018,128,4.43,
MCN,2018,10,0.01,5/15/2018 4:55,135.20,5/15/2018 5:15,135.22,soybean,5/8/2018,128,7.22,
MCN,2018,12,0.025,5/21/2018 1:40,141.07,5/21/2018 3:25,141.14,soybean,5/8/2018,128,13.14,
MCN,2018,16,0.03,6/2/2018 5:05,153.21,6/2/2018 7:35,153.32,soybean,5/8/2018,128,25.32,
MCN,2018,18,0.012,6/6/2018 20:05,157.84,6/6/2018 22:25,157.93,soybean,5/8/2018,128,29.93,
MCN,2018,22,0.012,6/11/2018 22:45,162.95,6/11/2018 23:20,162.97,soybean,5/8/2018,128,34.97,
MCN,2018,32,0.021,6/24/2018 15:55,175.66,6/24/2018 19:40,175.82,soybean,5/8/2018,128,47.82,
MCN,2018,36,0.011,6/26/2018 2:25,177.10,6/26/2018 3:05,177.13,soybean,5/8/2018,128,49.13,
MCN,2018,40,0.007,6/28/2018 12:40,179.53,6/28/2018 12:55,179.54,soybean,5/8/2018,128,51.54,
MCN,2018,42,0.048,6/30/2018 21:50,181.91,7/1/2018 1:55,182.08,soybean,5/8/2018,128,54.08,
MCN,2018,46,0.018,7/29/2018 0:50,210.03,7/29/2018 2:55,210.12,soybean,5/8/2018,128,82.12,
MCN,2018,52,0.15667,8/31/2018 4:00,243.17,9/7/2018 13:00,250.54,soybean,5/8/2018,128,122.54,
MCN,2018,58,0.044,10/5/2018 15:10,278.63,10/6/2018 9:10,279.38,soybean,5/8/2018,128,151.38,
MCN,2018,60,0.014,10/7/2018 0:25,280.02,10/7/2018 11:50,280.49,soybean,5/8/2018,128,152.49,
MCN,2018,64,0.013,10/8/2018 1:55,281.08,10/8/2018 3:35,281.15,soybean,5/8/2018,128,153.15,
MCN,2018,68,0.061,10/8/2018 20:00,281.83,10/9/2018 10:15,282.43,soybean,5/8/2018,128,154.43,
RHO,2018,10,0.016,5/12/2018 2:20,132.10,5/12/2018 3:45,132.16,corn,5/8/2018,128,4.16,
RHO,2018,12,0.008,5/19/2018 14:05,139.59,5/19/2018 15:45,139.66,corn,5/8/2018,128,11.66,
RHO,2018,16,0.014,6/2/2018 6:30,153.27,6/2/2018 7:45,153.32,corn,5/8/2018,128,25.32,
RHO,2018,20,0.139,6/14/2018 4:20,165.18,6/14/2018 10:40,165.44,corn,5/8/2018,128,37.44,
RHO,2018,22,0.02,6/19/2018 1:15,170.05,6/19/2018 4:45,170.20,corn,5/8/2018,128,42.20,
RHO,2018,24,0.021,6/20/2018 3:35,171.15,6/20/2018 4:40,171.19,corn,5/8/2018,128,43.19,
RHO,2018,26,0.011,6/20/2018 13:55,171.58,6/20/2018 19:15,171.80,corn,5/8/2018,128,43.80,
RHO,2018,30,0.008,6/24/2018 10:35,175.44,6/24/2018 11:25,175.48,corn,5/8/2018,128,47.48,
RHO,2018,32,0.076,6/25/2018 17:10,176.72,6/26/2018 3:00,177.13,corn,5/8/2018,128,49.13,
RHO,2018,36,0.061,6/30/2018 19:35,181.82,7/1/2018 2:50,182.12,corn,5/8/2018,128,54.12,
RHO,2018,38,0.007,7/4/2018 18:00,185.75,7/4/2018 18:05,185.75,corn,5/8/2018,128,57.75,
RHO,2018,40,0.007,7/5/2018 1:20,186.06,7/5/2018 1:30,186.06,corn,5/8/2018,128,58.06,
RHO,2018,46,0.015,7/25/2018 22:00,206.92,7/25/2018 22:15,206.93,corn,5/8/2018,128,78.93,
RHO,2018,50,0.03,8/6/2018 3:30,218.15,8/6/2018 5:30,218.23,corn,5/8/2018,128,90.23,
RHO,2018,52,0.033,8/7/2018 5:25,219.23,8/7/2018 7:55,219.33,corn,5/8/2018,128,91.33,
RHO,2018,58,0.019,8/20/2018 2:40,232.11,8/20/2018 8:45,232.36,corn,5/8/2018,128,104.36,
RHO,2018,60,0.007,8/20/2018 16:10,232.67,8/20/2018 18:05,232.75,corn,5/8/2018,128,104.75,
RHO,2018,62,0.007,8/27/2018 5:05,239.21,8/27/2018 5:30,239.23,corn,5/8/2018,128,111.23,
RHO,2018,64,0.012,8/28/2018 13:45,240.57,8/28/2018 18:15,240.76,corn,5/8/2018,128,112.76,
RHO,2018,68,0.056,9/1/2018 19:55,244.83,9/2/2018 1:10,245.05,corn,5/8/2018,128,117.05,
RHO,2018,72,0.026,9/3/2018 6:05,246.25,9/3/2018 12:50,246.53,corn,5/8/2018,128,118.53,
RHO,2018,74,0.013,9/4/2018 18:35,247.77,9/4/2018 21:20,247.89,corn,5/8/2018,128,119.89,
RHO,2018,76,0.009,9/5/2018 5:15,248.22,9/5/2018 8:55,248.37,corn,5/8/2018,128,120.37,
RHO,2018,82,0.025,9/19/2018 9:40,262.40,9/19/2018 13:15,262.55,corn,5/8/2018,128,134.55,
RHO,2018,86,0.013,9/20/2018 22:25,263.93,9/21/2018 0:00,264.00,corn,5/8/2018,128,136.00,
RHO,2018,88,0.022,9/25/2018 11:10,268.47,9/25/2018 12:30,268.52,corn,5/8/2018,128,140.52,
RHO,2018,98,0.008,10/5/2018 17:10,278.72,10/5/2018 21:10,278.88,corn,5/8/2018,128,150.88,
RHO,2018,102,0.016,10/8/2018 20:45,281.86,10/8/2018 22:00,281.92,corn,5/8/2018,128,153.92,
WHI,2018,2,0.009,5/1/2018 4:45,121.20,5/1/2018 5:00,121.21,corn,,,,
WHI,2018,4,0.022,5/1/2018 19:55,121.83,5/1/2018 21:05,121.88,corn,,,,
WHI,2018,8,0.008,5/2/2018 20:25,122.85,5/2/2018 21:15,122.89,corn,,,,
WHI,2018,10,0.015,5/3/2018 11:20,123.47,5/3/2018 11:45,123.49,corn,,,,
WHI,2018,12,0.011,5/3/2018 18:10,123.76,5/3/2018 19:45,123.82,corn,,,,
WHI,2018,14,0.009,5/13/2018 10:55,133.45,5/13/2018 11:25,133.48,corn,,,,
WHI,2018,20,0.043,5/29/2018 17:15,149.72,5/29/2018 20:10,149.84,corn,5/16/2018,136,13.84,
WHI,2018,22,0.02,6/2/2018 4:15,153.18,6/2/2018 6:10,153.26,corn,5/16/2018,136,17.26,
WHI,2018,24,0.014,6/10/2018 7:05,161.30,6/10/2018 9:35,161.40,corn,5/16/2018,136,25.40,
WHI,2018,28,0.016,6/19/2018 11:30,170.48,6/19/2018 11:30,170.48,corn,5/16/2018,136,34.48,
WHI,2018,30,0.01,6/19/2018 18:35,170.77,6/19/2018 19:05,170.80,corn,5/16/2018,136,34.80,
WHI,2018,34,0.007,6/21/2018 16:10,172.67,6/21/2018 17:30,172.73,corn,5/16/2018,136,36.73,
WHI,2018,36,0.015,6/24/2018 15:20,175.64,6/24/2018 16:50,175.70,corn,5/16/2018,136,39.70,
WHI,2018,38,0.012,6/26/2018 12:10,177.51,6/26/2018 12:10,177.51,corn,5/16/2018,136,41.51,
WHI,2018,40,0.029,6/30/2018 20:20,181.85,7/1/2018 3:40,182.15,corn,5/16/2018,136,46.15,
WHI,2018,42,0.027,7/4/2018 23:05,185.96,7/4/2018 23:45,185.99,corn,5/16/2018,136,49.99,
WHI,2018,50,0.012,8/15/2018 16:15,227.68,8/15/2018 17:30,227.73,corn,5/16/2018,136,91.73,
WHI,2018,54,0.087,8/20/2018 0:00,232.00,8/20/2018 14:10,232.59,corn,5/16/2018,136,96.59,
WHI,2018,64,0.014,9/1/2018 22:15,244.93,9/2/2018 10:45,245.45,corn,5/16/2018,136,109.45,
WHI,2018,68,0.019,9/4/2018 16:30,247.69,9/5/2018 10:00,248.42,corn,5/16/2018,136,112.42,
WHI,2018,70,0.007,9/18/2018 14:30,261.60,9/18/2018 14:45,261.61,corn,5/16/2018,136,125.61,
WHI,2018,72,0.031,9/20/2018 20:35,263.86,9/21/2018 0:25,264.02,corn,5/16/2018,136,128.02,
WHI,2018,74,0.035,9/25/2018 9:15,268.39,9/25/2018 11:55,268.50,corn,5/16/2018,136,132.50,
WHI,2018,78,0.039,9/30/2018 21:05,273.88,10/1/2018 11:30,274.48,corn,5/16/2018,136,138.48,
WHI,2018,88,0.018,10/8/2018 18:00,281.75,10/8/2018 19:00,281.79,corn,5/16/2018,136,145.79,
WHI,2018,90,0.02,10/9/2018 14:00,282.58,10/9/2018 18:10,282.76,corn,5/16/2018,136,146.76,
WOR,2018,4,0.037,5/1/2018 17:05,121.71,5/1/2018 22:55,121.95,corn,,,,
WOR,2018,8,0.023,5/3/2018 12:20,123.51,5/3/2018 19:10,123.80,corn,,,,
WOR,2018,12,0.09906,6/6/2018 17:00,157.71,8/16/2018 20:00,228.83,corn,5/11/2018,131,97.83,
WOR,2018,16,0.02,8/28/2018 13:00,240.54,8/28/2018 19:45,240.82,corn,5/11/2018,131,109.82,
WOR,2018,18,0.016,8/31/2018 6:25,243.27,8/31/2018 7:35,243.32,corn,5/11/2018,131,112.32,
WOR,2018,20,0.007,9/1/2018 4:50,244.20,9/1/2018 5:15,244.22,corn,5/11/2018,131,113.22,
WOR,2018,22,0.04,9/1/2018 19:35,244.82,9/2/2018 0:55,245.04,corn,5/11/2018,131,114.04,
WOR,2018,24,0.009,9/2/2018 11:20,245.47,9/2/2018 11:55,245.50,corn,5/11/2018,131,114.50,
WOR,2018,28,0.017,9/4/2018 17:55,247.75,9/4/2018 20:10,247.84,corn,5/11/2018,131,116.84,
WOR,2018,30,0.011,9/5/2018 3:40,248.15,9/5/2018 10:50,248.45,corn,5/11/2018,131,117.45,
WOR,2018,32,0.007,9/18/2018 13:05,261.55,9/18/2018 15:05,261.63,corn,5/11/2018,131,130.63,
WOR,2018,34,0.009,9/19/2018 8:45,262.36,9/19/2018 9:10,262.38,corn,5/11/2018,131,131.38,
WOR,2018,38,0.012,9/20/2018 21:50,263.91,9/20/2018 23:10,263.97,corn,5/11/2018,131,132.97,
WOR,2018,40,0.026,9/25/2018 10:40,268.44,9/25/2018 11:55,268.50,corn,5/11/2018,131,137.50,
WOR,2018,44,0.026,9/30/2018 20:20,273.85,10/1/2018 12:45,274.53,corn,5/11/2018,131,143.53,
ARM,2019,4,0.021,4/27/2019 1:45,117.07,4/27/2019 4:30,117.19,corn,4/22/2019,112,5.19,
ARM,2019,10,0.027,5/8/2019 3:55,128.16,5/8/2019 8:15,128.34,corn,4/22/2019,112,16.34,
ARM,2019,24,0.052,5/23/2019 22:25,143.93,5/24/2019 6:00,144.25,corn,4/22/2019,112,32.25,
ARM,2019,26,0.008,5/26/2019 1:25,146.06,5/26/2019 2:40,146.11,corn,4/22/2019,112,34.11,
ARM,2019,28,0.008,5/27/2019 0:10,147.01,5/27/2019 5:25,147.23,corn,4/22/2019,112,35.23,
ARM,2019,30,0.024,5/28/2019 3:05,148.13,5/28/2019 7:25,148.31,corn,4/22/2019,112,36.31,
ARM,2019,34,0.01,6/3/2019 11:45,154.49,6/3/2019 16:00,154.67,corn,4/22/2019,112,42.67,
ARM,2019,40,0.04,6/18/2019 14:45,169.61,6/18/2019 18:15,169.76,corn,4/22/2019,112,57.76,
ARM,2019,50,0.038,7/3/2019 18:50,184.78,7/3/2019 21:05,184.88,corn,4/22/2019,112,72.88,
ARM,2019,52,0.06,7/16/2019 5:30,197.23,7/16/2019 7:10,197.30,corn,4/22/2019,112,85.30,
ARM,2019,56,0.016,7/31/2019 6:05,212.25,7/31/2019 10:55,212.45,corn,4/22/2019,112,100.45,
ARM,2019,58,0.051,8/11/2019 7:10,223.30,8/11/2019 10:20,223.43,corn,4/22/2019,112,111.43,
ARM,2019,60,0.009,8/12/2019 4:15,224.18,8/12/2019 5:05,224.21,corn,4/22/2019,112,112.21,
ARM,2019,62,0.01,8/18/2019 5:20,230.22,8/18/2019 7:05,230.30,corn,4/22/2019,112,118.30,
ARM,2019,64,0.03,8/21/2019 6:40,233.28,8/21/2019 7:55,233.33,corn,4/22/2019,112,121.33,
ARM,2019,66,0.008,8/26/2019 9:30,238.40,8/26/2019 15:45,238.66,corn,4/22/2019,112,126.66,
ARM,2019,74,0.02,9/10/2019 3:25,253.14,9/10/2019 8:25,253.35,corn,4/22/2019,112,141.35,
ARM,2019,76,0.011,9/12/2019 14:55,255.62,9/12/2019 15:05,255.63,corn,4/22/2019,112,143.63,
ARM,2019,84,0.033,9/19/2019 7:10,262.30,9/19/2019 8:40,262.36,corn,4/22/2019,112,150.36,
ARM,2019,86,0.064,9/21/2019 22:00,264.92,9/22/2019 9:35,265.40,corn,4/22/2019,112,153.40,
ARM,2019,88,0.029,9/24/2019 20:30,267.85,9/24/2019 23:00,267.96,corn,4/22/2019,112,155.96,
ARM,2019,90,0.007,9/28/2019 17:05,271.71,9/28/2019 17:40,271.74,corn,4/22/2019,112,159.74,
ARM,2019,94,0.048,10/1/2019 15:05,274.63,10/1/2019 22:40,274.94,corn,4/22/2019,112,162.94,
ARM,2019,98,0.014,10/5/2019 7:50,278.33,10/5/2019 8:25,278.35,corn,4/22/2019,112,166.35,
ARM,2019,102,0.015,10/10/2019 4:15,283.18,10/10/2019 7:00,283.29,corn,4/22/2019,112,171.29,
HOE,2019,1,0.02,4/26/2019 14:45,116.61,4/26/2019 14:50,116.62,,,0,,
HOE,2019,3,0.19962,4/27/2019 6:00,117.25,5/30/2019 8:00,150.33,,,0,,
HOE,2019,5,0.02718,6/5/2019 3:00,156.13,6/5/2019 4:00,156.17,,,0,,
HOE,2019,7,0.00888,6/11/2019 12:00,162.50,6/12/2019 7:00,163.29,,,0,,
HOE,2019,9,0.06271,6/15/2019 19:00,166.79,6/27/2019 18:00,178.75,,,0,,
HOE,2019,11,0.01144,7/2/2019 2:00,183.08,7/5/2019 15:00,186.63,,,0,,
HOE,2019,13,0.00914,7/9/2019 15:00,190.63,7/9/2019 17:00,190.71,,,0,,
HOE,2019,15,0.07848,7/13/2019 13:00,194.54,7/17/2019 16:00,198.67,,,0,,
HOE,2019,21,0.01,7/20/2019 7:10,201.30,7/20/2019 10:40,201.44,,,0,,
HOE,2019,25,0.009,7/28/2019 15:15,209.64,7/28/2019 16:15,209.68,,,0,,
HOE,2019,29,0.01,8/17/2019 23:40,229.99,8/18/2019 0:05,230.00,,,0,,
HOE,2019,31,0.008,9/8/2019 7:50,251.33,9/8/2019 10:00,251.42,,,0,,
HOE,2019,33,0.012,9/9/2019 8:05,252.34,9/9/2019 11:00,252.46,,,0,,
HOE,2019,35,0.023,9/10/2019 23:25,253.98,9/11/2019 5:10,254.22,,,0,,
HOE,2019,37,0.025,9/12/2019 0:35,255.02,9/12/2019 6:40,255.28,,,0,,
HOE,2019,39,0.025,9/18/2019 2:50,261.12,9/18/2019 6:15,261.26,,,0,,
HOE,2019,41,0.02,9/19/2019 0:45,262.03,9/19/2019 1:35,262.07,,,0,,
HOE,2019,47,0.038,9/30/2019 23:25,273.98,10/1/2019 16:40,274.69,,,0,,
HOE,2019,51,0.038,10/5/2019 2:10,278.09,10/5/2019 7:15,278.30,,,0,,
MAR,2019,6,0.013,4/10/2019 2:30,100.10,4/10/2019 5:00,100.21,,,0,,
MAR,2019,20,0.012,5/14/2019 8:45,134.36,5/14/2019 9:40,134.40,,,0,,
MAR,2019,22,0.008,5/16/2019 19:45,136.82,5/17/2019 5:10,137.22,,,0,,
MAR,2019,26,0.024,5/18/2019 16:45,138.70,5/19/2019 0:35,139.02,,,0,,
MAR,2019,28,0.015,5/21/2019 13:20,141.56,5/21/2019 18:55,141.79,,,0,,
MAR,2019,30,0.037,5/24/2019 0:15,144.01,5/24/2019 7:45,144.32,,,0,,
MAR,2019,36,0.01,5/28/2019 15:35,148.65,5/28/2019 16:20,148.68,,,0,,
MAR,2019,42,0.014,6/5/2019 6:40,156.28,6/5/2019 7:25,156.31,,,0,,
MAR,2019,44,0.014,6/21/2019 8:40,172.36,6/21/2019 11:15,172.47,,,0,,
MAR,2019,46,0.009,6/22/2019 11:10,173.47,6/22/2019 11:55,173.50,,,0,,
MAR,2019,48,0.014,6/28/2019 9:10,179.38,6/28/2019 9:55,179.41,,,0,,
MAR,2019,50,0.032,7/3/2019 2:40,184.11,7/3/2019 6:30,184.27,,,0,,
MAR,2019,54,0.019,7/17/2019 11:35,198.48,7/17/2019 11:55,198.50,,,0,,
MAR,2019,56,0.016,8/5/2019 22:15,217.93,8/5/2019 22:55,217.95,,,0,,
MAR,2019,58,0.00786,8/12/2019 6:00,224.25,8/14/2019 15:00,226.63,,,0,,
MAR,2019,60,0.04801,8/18/2019 3:00,230.13,8/20/2019 7:00,232.29,,,0,,
MAR,2019,66,0.06906,9/7/2019 16:00,250.67,9/14/2019 23:00,257.96,,,0,,
MAR,2019,68,0.04645,9/18/2019 13:00,261.54,9/22/2019 19:00,265.79,,,0,,
MAR,2019,70,0.009,10/1/2019 5:40,274.24,10/1/2019 8:30,274.35,,,0,,
MAR,2019,72,0.037,10/1/2019 18:20,274.76,10/2/2019 0:45,275.03,,,0,,
MAR,2019,74,0.028,10/5/2019 8:20,278.35,10/5/2019 11:30,278.48,,,0,,
MAR,2019,76,0.007,10/9/2019 23:25,282.98,10/10/2019 8:05,283.34,,,0,,
MAR,2019,80,0.022,10/21/2019 1:50,294.08,10/21/2019 8:40,294.36,,,0,,
MCN,2019,8,0.04,4/29/2019 1:10,119.05,4/29/2019 4:30,119.19,corn,4/25/2019,115,4.19,
MCN,2019,16,0.007,5/17/2019 0:40,137.03,5/17/2019 6:20,137.26,corn,4/25/2019,115,22.26,
MCN,2019,18,0.008,5/18/2019 6:10,138.26,5/18/2019 6:30,138.27,corn,4/25/2019,115,23.27,
MCN,2019,20,0.007,5/18/2019 16:40,138.69,5/18/2019 17:55,138.75,corn,4/25/2019,115,23.75,
MCN,2019,26,0.016,5/21/2019 12:00,141.50,5/21/2019 17:45,141.74,corn,4/25/2019,115,26.74,
MCN,2019,28,0.012,5/24/2019 3:15,144.14,5/24/2019 7:05,144.30,corn,4/25/2019,115,29.30,
MCN,2019,30,0.017,5/25/2019 19:20,145.81,5/25/2019 19:45,145.82,corn,4/25/2019,115,30.82,
MCN,2019,32,0.016,5/26/2019 1:50,146.08,5/26/2019 3:10,146.13,corn,4/25/2019,115,31.13,
MCN,2019,34,0.015,5/27/2019 6:55,147.29,5/27/2019 11:30,147.48,corn,4/25/2019,115,32.48,
MCN,2019,36,0.037,5/28/2019 8:05,148.34,5/28/2019 15:50,148.66,corn,4/25/2019,115,33.66,
MCN,2019,38,0.013,5/28/2019 22:10,148.92,5/29/2019 0:20,149.01,corn,4/25/2019,115,34.01,
MCN,2019,42,0.015,6/21/2019 7:40,172.32,6/21/2019 9:40,172.40,corn,4/25/2019,115,57.40,
MCN,2019,46,0.016,6/22/2019 22:00,173.92,6/23/2019 1:05,174.05,corn,4/25/2019,115,59.05,
MCN,2019,48,0.024,6/25/2019 17:20,176.72,6/25/2019 22:00,176.92,corn,4/25/2019,115,61.92,
MCN,2019,52,0.05,7/17/2019 12:50,198.53,7/17/2019 14:15,198.59,corn,4/25/2019,115,83.59,
MCN,2019,54,0.013,8/12/2019 5:40,224.24,8/12/2019 6:50,224.28,corn,4/25/2019,115,109.28,
MCN,2019,58,0.048,8/18/2019 2:55,230.12,8/18/2019 7:50,230.33,corn,4/25/2019,115,115.33,
MCN,2019,60,0.048,8/20/2019 5:55,232.25,8/20/2019 7:15,232.30,corn,4/25/2019,115,117.30,
MCN,2019,62,0.017,8/29/2019 7:45,241.32,8/29/2019 9:05,241.38,corn,4/25/2019,115,126.38,
MCN,2019,68,0.029,9/22/2019 1:15,265.05,9/22/2019 4:50,265.20,corn,4/25/2019,115,150.20,
MCN,2019,70,0.009,9/22/2019 11:00,265.46,9/22/2019 17:15,265.72,corn,4/25/2019,115,150.72,
MCN,2019,74,0.015,10/1/2019 20:40,274.86,10/2/2019 1:25,275.06,corn,4/25/2019,115,160.06,
MCN,2019,76,0.013,10/2/2019 11:05,275.46,10/2/2019 16:50,275.70,corn,4/25/2019,115,160.70,
MCN,2019,80,0.023,10/9/2019 21:45,282.91,10/10/2019 9:05,283.38,corn,4/25/2019,115,168.38,
MCN,2019,82,0.01,10/21/2019 1:05,294.05,10/21/2019 6:00,294.25,corn,4/25/2019,115,179.25,
RHO,2019,10,0.015,4/17/2019 16:25,107.68,4/17/2019 16:45,107.70,corn,,,,
RHO,2019,12,0.009,4/28/2019 22:30,118.94,4/28/2019 23:15,118.97,corn,4/25/2019,115,3.97,
RHO,2019,16,0.011,5/8/2019 3:45,128.16,5/8/2019 13:35,128.57,corn,4/25/2019,115,13.57,
RHO,2019,18,0.012,5/14/2019 8:25,134.35,5/14/2019 9:40,134.40,corn,4/25/2019,115,19.40,
RHO,2019,20,0.015,5/17/2019 4:25,137.18,5/17/2019 16:15,137.68,corn,4/25/2019,115,22.68,
RHO,2019,22,0.024,5/18/2019 16:55,138.70,5/19/2019 0:25,139.02,corn,4/25/2019,115,24.02,
RHO,2019,24,0.028,5/21/2019 13:10,141.55,5/21/2019 18:50,141.78,corn,4/25/2019,115,26.78,
RHO,2019,26,0.057,5/23/2019 23:50,143.99,5/24/2019 8:10,144.34,corn,4/25/2019,115,29.34,
RHO,2019,34,0.011,5/28/2019 15:35,148.65,5/28/2019 16:25,148.68,corn,4/25/2019,115,33.68,
RHO,2019,40,0.008,6/5/2019 6:55,156.29,6/5/2019 7:05,156.30,corn,4/25/2019,115,41.30,
RHO,2019,42,0.007,6/15/2019 17:35,166.73,6/15/2019 18:25,166.77,corn,4/25/2019,115,51.77,
RHO,2019,44,0.04,6/21/2019 7:50,172.33,6/21/2019 9:50,172.41,corn,4/25/2019,115,57.41,
RHO,2019,46,0.013,6/22/2019 10:05,173.42,6/22/2019 10:25,173.43,corn,4/25/2019,115,58.43,
RHO,2019,54,0.019,7/2/2019 18:55,183.79,7/3/2019 3:10,184.13,corn,4/25/2019,115,69.13,
RHO,2019,58,0.011,7/17/2019 11:25,198.48,7/17/2019 11:50,198.49,corn,4/25/2019,115,83.49,
RHO,2019,62,0.008,8/5/2019 22:50,217.95,8/5/2019 23:10,217.97,corn,4/25/2019,115,102.97,
RHO,2019,66,0.021,8/18/2019 3:15,230.14,8/18/2019 7:05,230.30,corn,4/25/2019,115,115.30,
RHO,2019,68,0.03,8/20/2019 5:30,232.23,8/20/2019 6:20,232.26,corn,4/25/2019,115,117.26,
RHO,2019,76,0.014,9/9/2019 22:55,252.95,9/10/2019 6:15,253.26,corn,4/25/2019,115,138.26,
RHO,2019,84,0.027,9/22/2019 1:20,265.06,9/22/2019 5:10,265.22,corn,4/25/2019,115,150.22,
RHO,2019,90,0.007,10/1/2019 5:30,274.23,10/1/2019 8:25,274.35,corn,4/25/2019,115,159.35,
RHO,2019,92,0.045,10/1/2019 17:10,274.72,10/2/2019 0:30,275.02,corn,4/25/2019,115,160.02,
RHO,2019,96,0.027,10/5/2019 6:10,278.26,10/5/2019 11:05,278.46,corn,4/25/2019,115,163.46,
RHO,2019,100,0.011,10/10/2019 7:38,283.32,10/10/2019 9:36,283.40,corn,4/25/2019,115,168.40,
RHO,2019,102,0.016,10/21/2019 1:25,294.06,10/21/2019 8:25,294.35,corn,4/25/2019,115,179.35,
WHI,2019,6,0.011,4/27/2019 1:25,117.06,4/27/2019 6:20,117.26,soybean,,,,
WHI,2019,10,0.01,5/5/2019 0:15,125.01,5/5/2019 1:15,125.05,soybean,,,,
WHI,2019,14,0.026,5/8/2019 2:35,128.11,5/8/2019 9:20,128.39,soybean,,,,
WHI,2019,24,0.07696,5/18/2019 17:00,138.71,5/29/2019 10:00,149.42,soybean,,,,
WHI,2019,26,0.021,6/17/2019 15:40,168.65,6/17/2019 17:20,168.72,soybean,6/7/2019,158,10.72,
WHI,2019,28,0.01091,6/18/2019 9:00,169.38,6/21/2019 10:00,172.42,soybean,6/7/2019,158,14.42,
WHI,2019,32,0.008,7/16/2019 6:50,197.28,7/16/2019 7:40,197.32,soybean,6/7/2019,158,39.32,
WHI,2019,34,0.012,7/17/2019 10:30,198.44,7/17/2019 10:40,198.44,soybean,6/7/2019,158,40.44,
WHI,2019,38,0.021,7/20/2019 17:55,201.75,7/20/2019 18:30,201.77,soybean,6/7/2019,158,43.77,
WHI,2019,42,0.018,7/31/2019 10:55,212.45,7/31/2019 16:15,212.68,soybean,6/7/2019,158,54.68,
WHI,2019,46,0.023,8/18/2019 3:20,230.14,8/18/2019 4:50,230.20,soybean,6/7/2019,158,72.20,
WHI,2019,48,0.102,8/20/2019 3:20,232.14,8/20/2019 5:05,232.21,soybean,6/7/2019,158,74.21,
WHI,2019,58,0.011,9/10/2019 2:10,253.09,9/10/2019 6:40,253.28,soybean,6/7/2019,158,95.28,
WHI,2019,60,0.024,9/11/2019 6:25,254.27,9/11/2019 9:20,254.39,soybean,6/7/2019,158,96.39,
WHI,2019,64,0.014,9/12/2019 15:35,255.65,9/12/2019 15:45,255.66,soybean,6/7/2019,158,97.66,
WHI,2019,66,0.007,9/14/2019 13:00,257.54,9/14/2019 13:30,257.56,soybean,6/7/2019,158,99.56,
WHI,2019,76,0.015,9/24/2019 21:50,267.91,9/24/2019 22:15,267.93,soybean,6/7/2019,158,109.93,
WHI,2019,78,0.009,9/29/2019 9:35,272.40,9/29/2019 15:00,272.63,soybean,6/7/2019,158,114.63,
WHI,2019,80,0.037,10/1/2019 15:30,274.65,10/1/2019 23:15,274.97,soybean,6/7/2019,158,116.97,
WHI,2019,82,0.007,10/2/2019 10:35,275.44,10/2/2019 13:30,275.56,soybean,6/7/2019,158,117.56,
WHI,2019,84,0.017,10/5/2019 0:25,278.02,10/5/2019 9:30,278.40,soybean,6/7/2019,158,120.40,
WHI,2019,86,0.031,10/9/2019 19:30,282.81,10/9/2019 21:05,282.88,soybean,6/7/2019,158,124.88,
WHI,2019,88,0.042,10/10/2019 5:35,283.23,10/10/2019 16:00,283.67,soybean,6/7/2019,158,125.67,
WOR,2019,2,0.012,4/7/2019 16:10,97.67,4/7/2019 16:30,97.69,corn,,,,
WOR,2019,16,0.007,4/30/2019 11:00,120.46,4/30/2019 19:20,120.81,corn,,,,
WOR,2019,20,0.007,5/8/2019 4:45,128.20,5/8/2019 12:25,128.52,corn,5/4/2019,124,4.52,
WOR,2019,22,0.01,5/14/2019 7:55,134.33,5/14/2019 9:25,134.39,corn,5/4/2019,124,10.39,
WOR,2019,24,0.016,5/17/2019 3:30,137.15,5/17/2019 10:05,137.42,corn,5/4/2019,124,13.42,
WOR,2019,26,0.014,5/18/2019 17:40,138.74,5/19/2019 0:45,139.03,corn,5/4/2019,124,15.03,
WOR,2019,28,0.016,5/21/2019 13:20,141.56,5/21/2019 18:35,141.77,corn,5/4/2019,124,17.77,
WOR,2019,30,0.057,5/23/2019 23:40,143.99,5/24/2019 7:25,144.31,corn,5/4/2019,124,20.31,
WOR,2019,34,0.014,5/28/2019 7:35,148.32,5/28/2019 8:55,148.37,corn,5/4/2019,124,24.37,
WOR,2019,42,0.021,6/15/2019 17:00,166.71,6/15/2019 18:05,166.75,corn,5/4/2019,124,42.75,
WOR,2019,44,0.029,6/21/2019 6:20,172.26,6/21/2019 8:45,172.36,corn,5/4/2019,124,48.36,
WOR,2019,48,0.01,6/22/2019 21:40,173.90,6/22/2019 23:50,173.99,corn,5/4/2019,124,49.99,
WOR,2019,52,0.015,7/2/2019 11:25,183.48,7/2/2019 21:55,183.91,corn,5/4/2019,124,59.91,
WOR,2019,54,0.014,7/3/2019 4:50,184.20,7/3/2019 5:45,184.24,corn,5/4/2019,124,60.24,
WOR,2019,56,0.021,7/3/2019 16:15,184.68,7/3/2019 16:50,184.70,corn,5/4/2019,124,60.70,
WOR,2019,62,0.017,7/16/2019 5:10,197.22,7/16/2019 5:35,197.23,corn,5/4/2019,124,73.23,
WOR,2019,66,0.012,7/17/2019 10:55,198.45,7/17/2019 11:30,198.48,corn,5/4/2019,124,74.48,
WOR,2019,72,0.01,8/5/2019 22:30,217.94,8/5/2019 22:35,217.94,corn,5/4/2019,124,93.94,
WOR,2019,78,0.011,8/18/2019 2:45,230.11,8/18/2019 5:15,230.22,corn,5/4/2019,124,106.22,
WOR,2019,80,0.013,8/20/2019 5:00,232.21,8/20/2019 5:15,232.22,corn,5/4/2019,124,108.22,
WOR,2019,84,0.007,8/29/2019 6:40,241.28,8/29/2019 7:15,241.30,corn,5/4/2019,124,117.30,
WOR,2019,90,0.037,9/9/2019 5:15,252.22,9/9/2019 6:10,252.26,corn,5/4/2019,124,128.26,
WOR,2019,92,0.021,9/9/2019 17:05,252.71,9/9/2019 18:45,252.78,corn,5/4/2019,124,128.78,
WOR,2019,96,0.016,9/11/2019 7:55,254.33,9/11/2019 10:25,254.43,corn,5/4/2019,124,130.43,
WOR,2019,98,0.007,9/12/2019 17:05,255.71,9/12/2019 17:45,255.74,corn,5/4/2019,124,131.74,
WOR,2019,100,0.007,9/14/2019 17:40,257.74,9/14/2019 17:50,257.74,corn,5/4/2019,124,133.74,
WOR,2019,106,0.01,9/21/2019 16:55,264.70,9/21/2019 18:45,264.78,corn,5/4/2019,124,140.78,
WOR,2019,110,0.007,9/22/2019 10:20,265.43,9/22/2019 11:00,265.46,corn,5/4/2019,124,141.46,
WOR,2019,114,0.01,9/29/2019 11:05,272.46,9/29/2019 16:05,272.67,corn,5/4/2019,124,148.67,
WOR,2019,116,0.022,10/1/2019 16:40,274.69,10/2/2019 0:00,275.00,corn,5/4/2019,124,151.00,
WOR,2019,120,0.012,10/5/2019 4:25,278.18,10/5/2019 11:00,278.46,corn,5/4/2019,124,154.46,
WOR,2019,122,0.008,10/9/2019 20:00,282.83,10/9/2019 21:55,282.91,corn,5/4/2019,124,158.91,
WOR,2019,124,0.02,10/10/2019 6:55,283.29,10/10/2019 18:40,283.78,corn,5/4/2019,124,159.78,
WOR,2019,128,0.036,10/21/2019 0:15,294.01,10/21/2019 6:45,294.28,corn,5/4/2019,124,170.28,
ARM,2020,10,0.008,5/14/2020 12:35,135.52,5/14/2020 14:00,135.58,soybean,4/29/2020,120,15.58,
ARM,2020,12,0.017,5/16/2020 21:30,137.90,5/16/2020 21:50,137.91,soybean,4/29/2020,120,17.91,
ARM,2020,16,0.011,5/23/2020 0:50,144.03,5/23/2020 1:45,144.07,soybean,4/29/2020,120,24.07,
ARM,2020,18,0.027,5/24/2020 7:05,145.30,5/24/2020 8:15,145.34,soybean,4/29/2020,120,25.34,
ARM,2020,20,0.007,5/25/2020 21:05,146.88,5/25/2020 21:20,146.89,soybean,4/29/2020,120,26.89,
ARM,2020,26,0.014,6/9/2020 21:45,161.91,6/9/2020 22:40,161.94,soybean,4/29/2020,120,41.94,
ARM,2020,34,0.022,7/1/2020 2:15,183.09,7/1/2020 4:50,183.20,soybean,4/29/2020,120,63.20,
ARM,2020,42,0.041,7/23/2020 8:45,205.36,7/23/2020 10:35,205.44,soybean,4/29/2020,120,85.44,
ARM,2020,44,0.013,7/26/2020 10:35,208.44,7/26/2020 12:20,208.51,soybean,4/29/2020,120,88.51,
HOE,2020,2,0.049,5/16/2020 21:55,137.91,5/17/2020 13:40,138.57,,,0,,
HOE,2020,6,0.01,5/24/2020 6:30,145.27,5/24/2020 7:35,145.32,,,0,,
HOE,2020,12,0.008,6/2/2020 18:40,154.78,6/2/2020 19:10,154.80,,,0,,
HOE,2020,14,0.008,6/5/2020 0:05,157.00,6/5/2020 0:25,157.02,,,0,,
HOE,2020,16,0.007,6/9/2020 21:30,161.90,6/10/2020 1:25,162.06,,,0,,
HOE,2020,18,0.016,6/18/2020 17:50,170.74,6/18/2020 19:30,170.81,,,0,,
HOE,2020,20,0.012,6/21/2020 16:50,173.70,6/21/2020 21:15,173.89,,,0,,
HOE,2020,26,0.029,7/6/2020 4:55,188.20,7/6/2020 7:25,188.31,,,0,,
HOE,2020,30,0.044,7/26/2020 4:00,208.17,7/26/2020 7:20,208.31,,,0,,
MAR,2020,6,0.027,5/17/2020 0:40,138.03,5/17/2020 4:20,138.18,,,0,,
MAR,2020,12,0.009,5/26/2020 14:15,147.59,5/26/2020 14:25,147.60,,,0,,
MAR,2020,14,0.035,5/28/2020 5:55,149.25,5/28/2020 8:40,149.36,,,0,,
MAR,2020,22,0.029,6/9/2020 11:25,161.48,6/9/2020 13:40,161.57,,,0,,
MAR,2020,24,0.021,6/10/2020 7:25,162.31,6/10/2020 10:55,162.45,,,0,,
MAR,2020,26,0.013,6/19/2020 1:05,171.05,6/19/2020 2:00,171.08,,,0,,
MAR,2020,28,0.007,6/19/2020 13:20,171.56,6/19/2020 19:05,171.80,,,0,,
MAR,2020,30,0.01,6/20/2020 2:15,172.09,6/20/2020 3:00,172.13,,,0,,
MAR,2020,32,0.016,6/22/2020 2:20,174.10,6/22/2020 13:25,174.56,,,0,,
MCN,2020,2,0.008,3/28/2020 0:40,88.03,3/28/2020 9:10,88.38,soybean,,0,,
MCN,2020,8,0.057,5/14/2020 17:40,135.74,5/14/2020 19:30,135.81,soybean,,0,,
MCN,2020,10,0.013,5/17/2020 2:20,138.10,5/17/2020 3:35,138.15,soybean,,0,,
MCN,2020,12,0.011,5/23/2020 1:55,144.08,5/23/2020 5:20,144.22,soybean,,0,,
MCN,2020,16,0.011,5/25/2020 17:50,146.74,5/25/2020 18:30,146.77,soybean,,0,,
MCN,2020,18,0.009,5/26/2020 14:35,147.61,5/26/2020 14:45,147.61,soybean,,0,,
MCN,2020,20,0.015,5/28/2020 5:35,149.23,5/28/2020 6:05,149.25,soybean,,0,,
MCN,2020,22,0.007,6/5/2020 5:25,157.23,6/5/2020 5:45,157.24,soybean,,0,,
MCN,2020,26,0.039,6/9/2020 23:05,161.96,6/10/2020 9:35,162.40,soybean,,0,,
MCN,2020,28,0.007,6/19/2020 15:55,171.66,6/20/2020 3:25,172.14,soybean,,0,,
MCN,2020,30,0.01,6/22/2020 3:45,174.16,6/22/2020 6:30,174.27,soybean,,0,,
MCN,2020,36,0.027,7/14/2020 22:45,196.95,7/15/2020 6:55,197.29,soybean,,0,,
RHO,2020,10,0.007,5/13/2020 16:30,134.69,5/13/2020 17:15,134.72,corn,5/3/2020,124,10.72,
RHO,2020,16,0.032,5/16/2020 23:45,137.99,5/17/2020 3:55,138.16,corn,5/3/2020,124,14.16,
RHO,2020,18,0.012,5/23/2020 4:15,144.18,5/23/2020 9:15,144.39,corn,5/3/2020,124,20.39,
RHO,2020,22,0.01,5/25/2020 17:45,146.74,5/25/2020 20:00,146.83,corn,5/3/2020,124,22.83,
RHO,2020,28,0.007,5/28/2020 6:00,149.25,5/28/2020 7:20,149.31,corn,5/3/2020,124,25.31,
RHO,2020,30,0.013,6/3/2020 4:40,155.19,6/3/2020 5:00,155.21,corn,5/3/2020,124,31.21,
RHO,2020,34,0.035,6/9/2020 9:40,161.40,6/9/2020 14:35,161.61,corn,5/3/2020,124,37.61,
RHO,2020,36,0.017,6/10/2020 6:40,162.28,6/10/2020 11:20,162.47,corn,5/3/2020,124,38.47,
RHO,2020,40,0.022,6/19/2020 17:20,171.72,6/19/2020 18:45,171.78,corn,5/3/2020,124,47.78,
RHO,2020,42,0.008,6/20/2020 3:10,172.13,6/20/2020 3:50,172.16,corn,5/3/2020,124,48.16,
RHO,2020,44,0.02,6/22/2020 7:05,174.30,6/22/2020 13:10,174.55,corn,5/3/2020,124,50.55,
RHO,2020,48,0.008,6/26/2020 5:05,178.21,6/26/2020 8:10,178.34,corn,5/3/2020,124,54.34,
RHO,2020,54,0.012,7/14/2020 16:40,196.69,7/14/2020 20:10,196.84,corn,5/3/2020,124,72.84,
RHO,2020,56,0.01,7/21/2020 21:45,203.91,7/21/2020 22:20,203.93,corn,5/3/2020,124,79.93,
WHI,2020,6,0.018,5/16/2020 22:00,137.92,5/16/2020 22:55,137.95,corn,5/2/2020,123,14.95,
WHI,2020,20,0.014,6/9/2020 22:55,161.95,6/9/2020 23:30,161.98,corn,5/2/2020,123,38.98,
WHI,2020,28,0.01,6/22/2020 8:20,174.35,6/22/2020 10:25,174.43,corn,5/2/2020,123,51.43,
WHI,2020,34,0.007,7/1/2020 3:05,183.13,7/1/2020 5:20,183.22,corn,5/2/2020,123,60.22,
WHI,2020,36,0.01,7/26/2020 10:00,208.42,7/26/2020 10:25,208.43,corn,5/2/2020,123,85.43,
WOR,2020,14,0.02,5/17/2020 0:35,138.02,5/17/2020 2:30,138.10,soybean,5/13/2020,134,4.10,
WOR,2020,16,0.016,5/23/2020 3:50,144.16,5/23/2020 7:00,144.29,soybean,5/13/2020,134,10.29,
WOR,2020,18,0.007,5/24/2020 19:50,145.83,5/25/2020 4:25,146.18,soybean,5/13/2020,134,12.18,
WOR,2020,20,0.024,5/25/2020 18:25,146.77,5/25/2020 19:10,146.80,soybean,5/13/2020,134,12.80,
WOR,2020,22,0.008,5/26/2020 6:25,147.27,5/26/2020 7:15,147.30,soybean,5/13/2020,134,13.30,
WOR,2020,24,0.011,5/26/2020 15:20,147.64,5/26/2020 16:15,147.68,soybean,5/13/2020,134,13.68,
WOR,2020,38,0.011,6/22/2020 9:45,174.41,6/22/2020 13:05,174.55,soybean,5/13/2020,134,40.55,
WOR,2020,40,0.007,7/11/2020 18:30,193.77,7/11/2020 18:35,193.77,soybean,5/13/2020,134,59.77,
WOR,2020,42,0.042,7/14/2020 18:45,196.78,7/14/2020 19:30,196.81,soybean,5/13/2020,134,62.81,
SiteID,Year,eventid,precipitation,eventStart,,eventEnd,,time,,0,,
