SiteID,Year,sample_event,tss_load,crop,random,slope75,LSfactor,Lfactor,Sfactor,C_factor,K_factor,post_Lupslp,post_Tupslp,pre_Lupslp,ppt_sum,ln_ppt,Treatment,ln_slp,ln_LS,ln_L,ln_S,ln_postL,ln_postT
ARM,2016,1,0.202753734,soybean,NR,9.69,0.9334,1.218611,0.7436,0.08,0.051363,282.55,11480.76,282.55,0.077,-2.563949857,strips,2.271094426,-0.068921445,0.197711686,-0.296252023,5.643855526,9.34842787
ARM,2016,1,17.70880466,soybean,NR,9.69,0.9334,1.218611,0.7436,0.08,0.051363,282.55,11480.76,282.55,0.077,-2.563949857,control,2.271094426,-0.068921445,0.197711686,-0.296252023,5.643855526,9.34842787
ARM,2016,2,0,soybean,NR,9.69,0.9334,1.218611,0.7436,0.08,0.051363,282.55,11480.76,282.55,0.051,-2.975929646,strips,2.271094426,-0.068921445,0.197711686,-0.296252023,5.643855526,9.34842787
ARM,2016,2,11.30092702,soybean,NR,9.69,0.9334,1.218611,0.7436,0.08,0.051363,282.55,11480.76,282.55,0.051,-2.975929646,control,2.271094426,-0.068921445,0.197711686,-0.296252023,5.643855526,9.34842787
ARM,2016,3,0.086412892,soybean,NR,9.69,0.9334,1.218611,0.7436,0.08,0.051363,282.55,11480.76,282.55,0.07,-2.659260037,strips,2.271094426,-0.068921445,0.197711686,-0.296252023,5.643855526,9.34842787
ARM,2016,3,61.53595112,soybean,NR,9.69,0.9334,1.218611,0.7436,0.08,0.051363,282.55,11480.76,282.55,0.07,-2.659260037,control,2.271094426,-0.068921445,0.197711686,-0.296252023,5.643855526,9.34842787
ARM,2016,4,0,soybean,NR,9.69,0.9334,1.218611,0.7436,0.08,0.051363,282.55,11480.76,282.55,0.056,-2.882403588,strips,2.271094426,-0.068921445,0.197711686,-0.296252023,5.643855526,9.34842787
ARM,2016,4,1.513254485,soybean,NR,9.69,0.9334,1.218611,0.7436,0.08,0.051363,282.55,11480.76,282.55,0.056,-2.882403588,control,2.271094426,-0.068921445,0.197711686,-0.296252023,5.643855526,9.34842787
ARM,2016,5,0,soybean,NR,9.69,0.9334,1.218611,0.7436,0.08,0.051363,282.55,11480.76,282.55,0.047,-3.057607677,strips,2.271094426,-0.068921445,0.197711686,-0.296252023,5.643855526,9.34842787
ARM,2016,5,0.003297607,soybean,NR,9.69,0.9334,1.218611,0.7436,0.08,0.051363,282.55,11480.76,282.55,0.047,-3.057607677,control,2.271094426,-0.068921445,0.197711686,-0.296252023,5.643855526,9.34842787
ARM,2017,1,0,corn,NR,9.69,0.9334,1.218611,0.7436,0.08,0.051363,282.55,11480.76,282.55,0.028,-3.575550769,strips,2.271094426,-0.068921445,0.197711686,-0.296252023,5.643855526,9.34842787
ARM,2017,1,4.967727228,corn,NR,9.69,0.9334,1.218611,0.7436,0.08,0.051363,282.55,11480.76,282.55,0.028,-3.575550769,control,2.271094426,-0.068921445,0.197711686,-0.296252023,5.643855526,9.34842787
ARM,2017,2,0,corn,NR,9.69,0.9334,1.218611,0.7436,0.08,0.051363,282.55,11480.76,282.55,0.143,-1.944910649,strips,2.271094426,-0.068921445,0.197711686,-0.296252023,5.643855526,9.34842787
ARM,2017,2,24.95321165,corn,NR,9.69,0.9334,1.218611,0.7436,0.08,0.051363,282.55,11480.76,282.55,0.143,-1.944910649,control,2.271094426,-0.068921445,0.197711686,-0.296252023,5.643855526,9.34842787
ARM,2017,3,0,corn,NR,9.69,0.9334,1.218611,0.7436,0.08,0.051363,282.55,11480.76,282.55,0.035,-3.352407217,strips,2.271094426,-0.068921445,0.197711686,-0.296252023,5.643855526,9.34842787
ARM,2017,3,0.275019461,corn,NR,9.69,0.9334,1.218611,0.7436,0.08,0.051363,282.55,11480.76,282.55,0.035,-3.352407217,control,2.271094426,-0.068921445,0.197711686,-0.296252023,5.643855526,9.34842787
ARM,2017,4,0.256284475,corn,NR,9.69,0.9334,1.218611,0.7436,0.08,0.051363,282.55,11480.76,282.55,0.055,-2.900422094,strips,2.271094426,-0.068921445,0.197711686,-0.296252023,5.643855526,9.34842787
ARM,2017,4,28.63822551,corn,NR,9.69,0.9334,1.218611,0.7436,0.08,0.051363,282.55,11480.76,282.55,0.055,-2.900422094,control,2.271094426,-0.068921445,0.197711686,-0.296252023,5.643855526,9.34842787
ARM,2018,1,0,soybean,NR,9.69,0.9334,1.218611,0.7436,0.08,0.051363,282.55,11480.76,282.55,0.02,-3.912023005,strips,2.271094426,-0.068921445,0.197711686,-0.296252023,5.643855526,9.34842787
ARM,2018,1,0.085212247,soybean,NR,9.69,0.9334,1.218611,0.7436,0.08,0.051363,282.55,11480.76,282.55,0.02,-3.912023005,control,2.271094426,-0.068921445,0.197711686,-0.296252023,5.643855526,9.34842787
ARM,2018,2,0,soybean,NR,9.69,0.9334,1.218611,0.7436,0.08,0.051363,282.55,11480.76,282.55,0.018,-4.017383521,strips,2.271094426,-0.068921445,0.197711686,-0.296252023,5.643855526,9.34842787
ARM,2018,2,0.195652991,soybean,NR,9.69,0.9334,1.218611,0.7436,0.08,0.051363,282.55,11480.76,282.55,0.018,-4.017383521,control,2.271094426,-0.068921445,0.197711686,-0.296252023,5.643855526,9.34842787
ARM,2018,3,0,soybean,NR,9.69,0.9334,1.218611,0.7436,0.08,0.051363,282.55,11480.76,282.55,0.021,-3.863232841,strips,2.271094426,-0.068921445,0.197711686,-0.296252023,5.643855526,9.34842787
ARM,2018,3,0.180291934,soybean,NR,9.69,0.9334,1.218611,0.7436,0.08,0.051363,282.55,11480.76,282.55,0.021,-3.863232841,control,2.271094426,-0.068921445,0.197711686,-0.296252023,5.643855526,9.34842787
ARM,2019,1,0,corn,NR,9.69,0.9334,1.218611,0.7436,0.08,0.051363,282.55,11480.76,282.55,0.052,-2.95651156,strips,2.271094426,-0.068921445,0.197711686,-0.296252023,5.643855526,9.34842787
ARM,2019,1,2.167175397,corn,NR,9.69,0.9334,1.218611,0.7436,0.08,0.051363,282.55,11480.76,282.55,0.052,-2.95651156,control,2.271094426,-0.068921445,0.197711686,-0.296252023,5.643855526,9.34842787
ARM,2019,2,0.653272317,corn,NR,9.69,0.9334,1.218611,0.7436,0.08,0.051363,282.55,11480.76,282.55,0.024,-3.729701449,strips,2.271094426,-0.068921445,0.197711686,-0.296252023,5.643855526,9.34842787
ARM,2019,2,8.399633621,corn,NR,9.69,0.9334,1.218611,0.7436,0.08,0.051363,282.55,11480.76,282.55,0.024,-3.729701449,control,2.271094426,-0.068921445,0.197711686,-0.296252023,5.643855526,9.34842787
ARM,2019,3,0,corn,NR,9.69,0.9334,1.218611,0.7436,0.08,0.051363,282.55,11480.76,282.55,0.06,-2.813410717,strips,2.271094426,-0.068921445,0.197711686,-0.296252023,5.643855526,9.34842787
ARM,2019,3,22.62740997,corn,NR,9.69,0.9334,1.218611,0.7436,0.08,0.051363,282.55,11480.76,282.55,0.06,-2.813410717,control,2.271094426,-0.068921445,0.197711686,-0.296252023,5.643855526,9.34842787
ARM,2019,4,0,corn,NR,9.69,0.9334,1.218611,0.7436,0.08,0.051363,282.55,11480.76,282.55,0.064,-2.748872196,strips,2.271094426,-0.068921445,0.197711686,-0.296252023,5.643855526,9.34842787
ARM,2019,4,1.724727541,corn,NR,9.69,0.9334,1.218611,0.7436,0.08,0.051363,282.55,11480.76,282.55,0.064,-2.748872196,control,2.271094426,-0.068921445,0.197711686,-0.296252023,5.643855526,9.34842787
ARM,2019,5,0,corn,NR,9.69,0.9334,1.218611,0.7436,0.08,0.051363,282.55,11480.76,282.55,0.029,-3.540459449,strips,2.271094426,-0.068921445,0.197711686,-0.296252023,5.643855526,9.34842787
ARM,2019,5,3.499987412,corn,NR,9.69,0.9334,1.218611,0.7436,0.08,0.051363,282.55,11480.76,282.55,0.029,-3.540459449,control,2.271094426,-0.068921445,0.197711686,-0.296252023,5.643855526,9.34842787
ARM,2019,6,0,corn,NR,9.69,0.9334,1.218611,0.7436,0.08,0.051363,282.55,11480.76,282.55,0.048,-3.036554268,strips,2.271094426,-0.068921445,0.197711686,-0.296252023,5.643855526,9.34842787
ARM,2019,6,3.006721611,corn,NR,9.69,0.9334,1.218611,0.7436,0.08,0.051363,282.55,11480.76,282.55,0.048,-3.036554268,control,2.271094426,-0.068921445,0.197711686,-0.296252023,5.643855526,9.34842787
ARM,2019,7,0,corn,NR,9.69,0.9334,1.218611,0.7436,0.08,0.051363,282.55,11480.76,282.55,0.014,-4.268697949,strips,2.271094426,-0.068921445,0.197711686,-0.296252023,5.643855526,9.34842787
ARM,2019,7,0.569116633,corn,NR,9.69,0.9334,1.218611,0.7436,0.08,0.051363,282.55,11480.76,282.55,0.014,-4.268697949,control,2.271094426,-0.068921445,0.197711686,-0.296252023,5.643855526,9.34842787
ARM,2019,8,0,corn,NR,9.69,0.9334,1.218611,0.7436,0.08,0.051363,282.55,11480.76,282.55,0.015,-4.199705078,strips,2.271094426,-0.068921445,0.197711686,-0.296252023,5.643855526,9.34842787
ARM,2019,8,0.685351401,corn,NR,9.69,0.9334,1.218611,0.7436,0.08,0.051363,282.55,11480.76,282.55,0.015,-4.199705078,control,2.271094426,-0.068921445,0.197711686,-0.296252023,5.643855526,9.34842787
EIA,2016,1,0.020899248,soybean,R,6.6,0.7337,1.177394,0.6186,0.08,0.042144,226.82,10301.02,226.82,0.013,-4.342805922,strips,1.887069649,-0.309655053,0.163303522,-0.480296419,5.424156751,9.239998198
EIA,2016,1,0,soybean,R,6.6,0.7337,1.177394,0.6186,0.08,0.042144,226.82,10301.02,226.82,0.013,-4.342805922,control,1.887069649,-0.309655053,0.163303522,-0.480296419,5.424156751,9.239998198
EIA,2016,2,0.201366784,soybean,R,6.6,0.7337,1.177394,0.6186,0.08,0.042144,226.82,10301.02,226.82,0.015,-4.199705078,strips,1.887069649,-0.309655053,0.163303522,-0.480296419,5.424156751,9.239998198
EIA,2016,2,0,soybean,R,6.6,0.7337,1.177394,0.6186,0.08,0.042144,226.82,10301.02,226.82,0.015,-4.199705078,control,1.887069649,-0.309655053,0.163303522,-0.480296419,5.424156751,9.239998198
EIA,2016,4,0.998728213,soybean,R,6.6,0.7337,1.177394,0.6186,0.08,0.042144,226.82,10301.02,226.82,0.149,-1.903808973,strips,1.887069649,-0.309655053,0.163303522,-0.480296419,5.424156751,9.239998198
EIA,2016,4,11.53258131,soybean,R,6.6,0.7337,1.177394,0.6186,0.08,0.042144,226.82,10301.02,226.82,0.149,-1.903808973,control,1.887069649,-0.309655053,0.163303522,-0.480296419,5.424156751,9.239998198
EIA,2016,5,0.220903957,soybean,R,6.6,0.7337,1.177394,0.6186,0.08,0.042144,226.82,10301.02,226.82,0.015,-4.199705078,strips,1.887069649,-0.309655053,0.163303522,-0.480296419,5.424156751,9.239998198
EIA,2016,5,0,soybean,R,6.6,0.7337,1.177394,0.6186,0.08,0.042144,226.82,10301.02,226.82,0.015,-4.199705078,control,1.887069649,-0.309655053,0.163303522,-0.480296419,5.424156751,9.239998198
EIA,2016,6,3.927855667,soybean,R,6.6,0.7337,1.177394,0.6186,0.08,0.042144,226.82,10301.02,226.82,0.11,-2.207274913,strips,1.887069649,-0.309655053,0.163303522,-0.480296419,5.424156751,9.239998198
EIA,2016,6,8.54253176,soybean,R,6.6,0.7337,1.177394,0.6186,0.08,0.042144,226.82,10301.02,226.82,0.11,-2.207274913,control,1.887069649,-0.309655053,0.163303522,-0.480296419,5.424156751,9.239998198
EIA,2016,7,0.205687822,soybean,R,6.6,0.7337,1.177394,0.6186,0.08,0.042144,226.82,10301.02,226.82,0.062,-2.780620894,strips,1.887069649,-0.309655053,0.163303522,-0.480296419,5.424156751,9.239998198
EIA,2016,7,2.359052018,soybean,R,6.6,0.7337,1.177394,0.6186,0.08,0.042144,226.82,10301.02,226.82,0.062,-2.780620894,control,1.887069649,-0.309655053,0.163303522,-0.480296419,5.424156751,9.239998198
EIA,2016,8,0.263366957,soybean,R,6.6,0.7337,1.177394,0.6186,0.08,0.042144,226.82,10301.02,226.82,0.031,-3.473768074,strips,1.887069649,-0.309655053,0.163303522,-0.480296419,5.424156751,9.239998198
EIA,2016,8,0.521034555,soybean,R,6.6,0.7337,1.177394,0.6186,0.08,0.042144,226.82,10301.02,226.82,0.031,-3.473768074,control,1.887069649,-0.309655053,0.163303522,-0.480296419,5.424156751,9.239998198
EIA,2016,9,1.02063893,soybean,R,6.6,0.7337,1.177394,0.6186,0.08,0.042144,226.82,10301.02,226.82,0.062,-2.780620894,strips,1.887069649,-0.309655053,0.163303522,-0.480296419,5.424156751,9.239998198
EIA,2016,9,2.302286001,soybean,R,6.6,0.7337,1.177394,0.6186,0.08,0.042144,226.82,10301.02,226.82,0.062,-2.780620894,control,1.887069649,-0.309655053,0.163303522,-0.480296419,5.424156751,9.239998198
EIA,2016,10,1.208012515,soybean,R,6.6,0.7337,1.177394,0.6186,0.08,0.042144,226.82,10301.02,226.82,0.029,-3.540459449,strips,1.887069649,-0.309655053,0.163303522,-0.480296419,5.424156751,9.239998198
EIA,2016,10,0,soybean,R,6.6,0.7337,1.177394,0.6186,0.08,0.042144,226.82,10301.02,226.82,0.029,-3.540459449,control,1.887069649,-0.309655053,0.163303522,-0.480296419,5.424156751,9.239998198
EIA,2018,1,76.34594749,soybean,R,6.6,0.7337,1.177394,0.6186,0.08,0.042144,226.82,10301.02,226.82,0.082,-2.501036032,strips,1.887069649,-0.309655053,0.163303522,-0.480296419,5.424156751,9.239998198
EIA,2018,1,9.730638821,soybean,R,6.6,0.7337,1.177394,0.6186,0.08,0.042144,226.82,10301.02,226.82,0.082,-2.501036032,control,1.887069649,-0.309655053,0.163303522,-0.480296419,5.424156751,9.239998198
EIA,2018,2,1.624316784,soybean,R,6.6,0.7337,1.177394,0.6186,0.08,0.042144,226.82,10301.02,226.82,0.123,-2.095570924,strips,1.887069649,-0.309655053,0.163303522,-0.480296419,5.424156751,9.239998198
EIA,2018,2,11.3963857,soybean,R,6.6,0.7337,1.177394,0.6186,0.08,0.042144,226.82,10301.02,226.82,0.123,-2.095570924,control,1.887069649,-0.309655053,0.163303522,-0.480296419,5.424156751,9.239998198
EIA,2018,3,0.305524738,soybean,R,6.6,0.7337,1.177394,0.6186,0.08,0.042144,226.82,10301.02,226.82,0.052,-2.95651156,strips,1.887069649,-0.309655053,0.163303522,-0.480296419,5.424156751,9.239998198
EIA,2018,3,1.852548504,soybean,R,6.6,0.7337,1.177394,0.6186,0.08,0.042144,226.82,10301.02,226.82,0.052,-2.95651156,control,1.887069649,-0.309655053,0.163303522,-0.480296419,5.424156751,9.239998198
EIA,2018,4,0.415766883,soybean,R,6.6,0.7337,1.177394,0.6186,0.08,0.042144,226.82,10301.02,226.82,0.048,-3.036554268,strips,1.887069649,-0.309655053,0.163303522,-0.480296419,5.424156751,9.239998198
EIA,2018,4,1.253074511,soybean,R,6.6,0.7337,1.177394,0.6186,0.08,0.042144,226.82,10301.02,226.82,0.048,-3.036554268,control,1.887069649,-0.309655053,0.163303522,-0.480296419,5.424156751,9.239998198
EIA,2018,5,1.698902358,soybean,R,6.6,0.7337,1.177394,0.6186,0.08,0.042144,226.82,10301.02,226.82,0.047,-3.057607677,strips,1.887069649,-0.309655053,0.163303522,-0.480296419,5.424156751,9.239998198
EIA,2018,5,3.964236592,soybean,R,6.6,0.7337,1.177394,0.6186,0.08,0.042144,226.82,10301.02,226.82,0.047,-3.057607677,control,1.887069649,-0.309655053,0.163303522,-0.480296419,5.424156751,9.239998198
HOE,2016,1,0,corn,NR,6.64,0.6618,1.312906,0.63142,0.18,0.051363,621.75,103312.27,621.75,0.0259,-3.65351231,strips,1.893111963,-0.412791883,0.272243001,-0.459784028,6.432538083,11.54551143
HOE,2016,1,1.034269928,corn,NR,6.64,0.6618,1.312906,0.63142,0.18,0.051363,621.75,103312.27,621.75,0.0259,-3.65351231,control,1.893111963,-0.412791883,0.272243001,-0.459784028,6.432538083,11.54551143
HOE,2016,2,0,corn,NR,6.64,0.6618,1.312906,0.63142,0.18,0.051363,621.75,103312.27,621.75,0.17999,-1.714853985,strips,1.893111963,-0.412791883,0.272243001,-0.459784028,6.432538083,11.54551143
HOE,2016,2,11.67860552,corn,NR,6.64,0.6618,1.312906,0.63142,0.18,0.051363,621.75,103312.27,621.75,0.17999,-1.714853985,control,1.893111963,-0.412791883,0.272243001,-0.459784028,6.432538083,11.54551143
HOE,2016,3,0,corn,NR,6.64,0.6618,1.312906,0.63142,0.18,0.051363,621.75,103312.27,621.75,0.029,-3.540459449,strips,1.893111963,-0.412791883,0.272243001,-0.459784028,6.432538083,11.54551143
HOE,2016,3,0.896468298,corn,NR,6.64,0.6618,1.312906,0.63142,0.18,0.051363,621.75,103312.27,621.75,0.029,-3.540459449,control,1.893111963,-0.412791883,0.272243001,-0.459784028,6.432538083,11.54551143
HOE,2017,1,0,soybean,NR,6.64,0.6618,1.312906,0.63142,0.18,0.051363,621.75,103312.27,621.75,0.021,-3.863232841,strips,1.893111963,-0.412791883,0.272243001,-0.459784028,6.432538083,11.54551143
HOE,2017,1,7.578900335,soybean,NR,6.64,0.6618,1.312906,0.63142,0.18,0.051363,621.75,103312.27,621.75,0.021,-3.863232841,control,1.893111963,-0.412791883,0.272243001,-0.459784028,6.432538083,11.54551143
HOE,2017,2,0,soybean,NR,6.64,0.6618,1.312906,0.63142,0.18,0.051363,621.75,103312.27,621.75,0.011,-4.509860006,strips,1.893111963,-0.412791883,0.272243001,-0.459784028,6.432538083,11.54551143
HOE,2017,2,5.408619988,soybean,NR,6.64,0.6618,1.312906,0.63142,0.18,0.051363,621.75,103312.27,621.75,0.011,-4.509860006,control,1.893111963,-0.412791883,0.272243001,-0.459784028,6.432538083,11.54551143
HOE,2017,3,0,soybean,NR,6.64,0.6618,1.312906,0.63142,0.18,0.051363,621.75,103312.27,621.75,0.023,-3.772261063,strips,1.893111963,-0.412791883,0.272243001,-0.459784028,6.432538083,11.54551143
HOE,2017,3,4.595399717,soybean,NR,6.64,0.6618,1.312906,0.63142,0.18,0.051363,621.75,103312.27,621.75,0.023,-3.772261063,control,1.893111963,-0.412791883,0.272243001,-0.459784028,6.432538083,11.54551143
HOE,2017,4,0,soybean,NR,6.64,0.6618,1.312906,0.63142,0.18,0.051363,621.75,103312.27,621.75,0.10992,-2.208002451,strips,1.893111963,-0.412791883,0.272243001,-0.459784028,6.432538083,11.54551143
HOE,2017,4,41.19619317,soybean,NR,6.64,0.6618,1.312906,0.63142,0.18,0.051363,621.75,103312.27,621.75,0.10992,-2.208002451,control,1.893111963,-0.412791883,0.272243001,-0.459784028,6.432538083,11.54551143
HOE,2018,1,0,corn,NR,6.64,0.6618,1.312906,0.63142,0.18,0.051363,621.75,103312.27,621.75,0.037,-3.296837366,strips,1.893111963,-0.412791883,0.272243001,-0.459784028,6.432538083,11.54551143
HOE,2018,1,0.205311862,corn,NR,6.64,0.6618,1.312906,0.63142,0.18,0.051363,621.75,103312.27,621.75,0.037,-3.296837366,control,1.893111963,-0.412791883,0.272243001,-0.459784028,6.432538083,11.54551143
HOE,2018,2,0,corn,NR,6.64,0.6618,1.312906,0.63142,0.18,0.051363,621.75,103312.27,621.75,0.08,-2.525728644,strips,1.893111963,-0.412791883,0.272243001,-0.459784028,6.432538083,11.54551143
HOE,2018,2,21.3151918,corn,NR,6.64,0.6618,1.312906,0.63142,0.18,0.051363,621.75,103312.27,621.75,0.08,-2.525728644,control,1.893111963,-0.412791883,0.272243001,-0.459784028,6.432538083,11.54551143
HOE,2018,3,21.80025201,corn,NR,6.64,0.6618,1.312906,0.63142,0.18,0.051363,621.75,103312.27,621.75,0.064,-2.748872196,strips,1.893111963,-0.412791883,0.272243001,-0.459784028,6.432538083,11.54551143
HOE,2018,3,48.00008152,corn,NR,6.64,0.6618,1.312906,0.63142,0.18,0.051363,621.75,103312.27,621.75,0.064,-2.748872196,control,1.893111963,-0.412791883,0.272243001,-0.459784028,6.432538083,11.54551143
HOE,2018,4,3.954462414,corn,NR,6.64,0.6618,1.312906,0.63142,0.18,0.051363,621.75,103312.27,621.75,0.046,-3.079113882,strips,1.893111963,-0.412791883,0.272243001,-0.459784028,6.432538083,11.54551143
HOE,2018,4,19.58333031,corn,NR,6.64,0.6618,1.312906,0.63142,0.18,0.051363,621.75,103312.27,621.75,0.046,-3.079113882,control,1.893111963,-0.412791883,0.272243001,-0.459784028,6.432538083,11.54551143
HOE,2018,5,0,corn,NR,6.64,0.6618,1.312906,0.63142,0.18,0.051363,621.75,103312.27,621.75,0.0726,-2.622790357,strips,1.893111963,-0.412791883,0.272243001,-0.459784028,6.432538083,11.54551143
HOE,2018,5,0.875319381,corn,NR,6.64,0.6618,1.312906,0.63142,0.18,0.051363,621.75,103312.27,621.75,0.0726,-2.622790357,control,1.893111963,-0.412791883,0.272243001,-0.459784028,6.432538083,11.54551143
HOE,2018,6,0,corn,NR,6.64,0.6618,1.312906,0.63142,0.18,0.051363,621.75,103312.27,621.75,0.06932,-2.669021814,strips,1.893111963,-0.412791883,0.272243001,-0.459784028,6.432538083,11.54551143
HOE,2018,6,20.16030052,corn,NR,6.64,0.6618,1.312906,0.63142,0.18,0.051363,621.75,103312.27,621.75,0.06932,-2.669021814,control,1.893111963,-0.412791883,0.272243001,-0.459784028,6.432538083,11.54551143
HOE,2019,1,3.749025274,soybean,NR,6.64,0.6618,1.312906,0.63142,0.18,0.051363,621.75,103312.27,621.75,0.19962,-1.61133972,strips,1.893111963,-0.412791883,0.272243001,-0.459784028,6.432538083,11.54551143
HOE,2019,1,8.191859302,soybean,NR,6.64,0.6618,1.312906,0.63142,0.18,0.051363,621.75,103312.27,621.75,0.19962,-1.61133972,control,1.893111963,-0.412791883,0.272243001,-0.459784028,6.432538083,11.54551143
HOE,2020,1,0,corn,NR,6.64,0.6618,1.312906,0.63142,0.18,0.051363,621.75,103312.27,621.75,0.049,-3.015934981,strips,1.893111963,-0.412791883,0.272243001,-0.459784028,6.432538083,11.54551143
HOE,2020,1,34.41373482,corn,NR,6.64,0.6618,1.312906,0.63142,0.18,0.051363,621.75,103312.27,621.75,0.049,-3.015934981,control,1.893111963,-0.412791883,0.272243001,-0.459784028,6.432538083,11.54551143
HOE,2021,1,0,soybean,NR,6.64,0.6618,1.312906,0.63142,0.18,0.051363,621.75,103312.27,621.75,0.078,-2.551046452,strips,1.893111963,-0.412791883,0.272243001,-0.459784028,6.432538083,11.54551143
HOE,2021,1,0.101538,soybean,NR,6.64,0.6618,1.312906,0.63142,0.18,0.051363,621.75,103312.27,621.75,0.078,-2.551046452,control,1.893111963,-0.412791883,0.272243001,-0.459784028,6.432538083,11.54551143
MCN,2021,1,0.197857,corn,R,5.5,0.4379,0.944472,0.450009,0.18,0.048729,181.24,7851.1,181.24,0.043,-3.146555163,strips,1.704748092,-0.825764705,-0.057129238,-0.798487696,5.19982212,8.968408928
MCN,2021,1,8.051957,corn,R,5.5,0.4379,0.944472,0.450009,0.18,0.048729,181.24,7851.1,181.24,0.043,-3.146555163,control,1.704748092,-0.825764705,-0.057129238,-0.798487696,5.19982212,8.968408928
MCN,2021,2,0.910299,corn,R,5.5,0.4379,0.944472,0.450009,0.18,0.048729,181.24,7851.1,181.24,0.044,-3.123565645,strips,1.704748092,-0.825764705,-0.057129238,-0.798487696,5.19982212,8.968408928
MCN,2021,2,0.201617,corn,R,5.5,0.4379,0.944472,0.450009,0.18,0.048729,181.24,7851.1,181.24,0.044,-3.123565645,control,1.704748092,-0.825764705,-0.057129238,-0.798487696,5.19982212,8.968408928
MCN,2021,3,3.708711,corn,R,5.5,0.4379,0.944472,0.450009,0.18,0.048729,181.24,7851.1,181.24,0.079,-2.538307427,strips,1.704748092,-0.825764705,-0.057129238,-0.798487696,5.19982212,8.968408928
MCN,2021,3,1.328592,corn,R,5.5,0.4379,0.944472,0.450009,0.18,0.048729,181.24,7851.1,181.24,0.079,-2.538307427,control,1.704748092,-0.825764705,-0.057129238,-0.798487696,5.19982212,8.968408928
MCN,2021,4,22.23153,corn,R,5.5,0.4379,0.944472,0.450009,0.18,0.048729,181.24,7851.1,181.24,0.071,-2.645075402,strips,1.704748092,-0.825764705,-0.057129238,-0.798487696,5.19982212,8.968408928
MCN,2021,4,12.50968,corn,R,5.5,0.4379,0.944472,0.450009,0.18,0.048729,181.24,7851.1,181.24,0.071,-2.645075402,control,1.704748092,-0.825764705,-0.057129238,-0.798487696,5.19982212,8.968408928
RHO,2018,1,0,corn,R,7.4,0.5796,1.075335,0.552776,0.29,0.051363,193.51,6424.85,193.51,0.016,-4.135166557,strips,2.00148,-0.545417069,0.072632241,-0.592802423,5.265329191,8.767928563
RHO,2018,1,0.350441849,corn,R,7.4,0.5796,1.075335,0.552776,0.29,0.051363,193.51,6424.85,193.51,0.016,-4.135166557,control,2.00148,-0.545417069,0.072632241,-0.592802423,5.265329191,8.767928563
RHO,2018,2,22.9213654,corn,R,7.4,0.5796,1.075335,0.552776,0.29,0.051363,193.51,6424.85,193.51,0.139,-1.973281346,strips,2.00148,-0.545417069,0.072632241,-0.592802423,5.265329191,8.767928563
RHO,2018,2,0,corn,R,7.4,0.5796,1.075335,0.552776,0.29,0.051363,193.51,6424.85,193.51,0.139,-1.973281346,control,2.00148,-0.545417069,0.072632241,-0.592802423,5.265329191,8.767928563
RHO,2018,3,1.147663074,corn,R,7.4,0.5796,1.075335,0.552776,0.29,0.051363,193.51,6424.85,193.51,0.011,-4.509860006,strips,2.00148,-0.545417069,0.072632241,-0.592802423,5.265329191,8.767928563
RHO,2018,3,0.709909393,corn,R,7.4,0.5796,1.075335,0.552776,0.29,0.051363,193.51,6424.85,193.51,0.011,-4.509860006,control,2.00148,-0.545417069,0.072632241,-0.592802423,5.265329191,8.767928563
RHO,2018,4,2.919806024,corn,R,7.4,0.5796,1.075335,0.552776,0.29,0.051363,193.51,6424.85,193.51,0.198,-1.619488248,strips,2.00148,-0.545417069,0.072632241,-0.592802423,5.265329191,8.767928563
RHO,2018,4,80.23279846,corn,R,7.4,0.5796,1.075335,0.552776,0.29,0.051363,193.51,6424.85,193.51,0.198,-1.619488248,control,2.00148,-0.545417069,0.072632241,-0.592802423,5.265329191,8.767928563
RHO,2018,5,0,corn,R,7.4,0.5796,1.075335,0.552776,0.29,0.051363,193.51,6424.85,193.51,0.063,-2.764620553,strips,2.00148,-0.545417069,0.072632241,-0.592802423,5.265329191,8.767928563
RHO,2018,5,4.057102504,corn,R,7.4,0.5796,1.075335,0.552776,0.29,0.051363,193.51,6424.85,193.51,0.063,-2.764620553,control,2.00148,-0.545417069,0.072632241,-0.592802423,5.265329191,8.767928563
RHO,2018,6,0,corn,R,7.4,0.5796,1.075335,0.552776,0.29,0.051363,193.51,6424.85,193.51,0.076,-2.577021939,strips,2.00148,-0.545417069,0.072632241,-0.592802423,5.265329191,8.767928563
RHO,2018,6,0.29067992,corn,R,7.4,0.5796,1.075335,0.552776,0.29,0.051363,193.51,6424.85,193.51,0.076,-2.577021939,control,2.00148,-0.545417069,0.072632241,-0.592802423,5.265329191,8.767928563
RHO,2018,7,2.35565111,corn,R,7.4,0.5796,1.075335,0.552776,0.29,0.051363,193.51,6424.85,193.51,0.104,-2.26336438,strips,2.00148,-0.545417069,0.072632241,-0.592802423,5.265329191,8.767928563
RHO,2018,7,24.79390288,corn,R,7.4,0.5796,1.075335,0.552776,0.29,0.051363,193.51,6424.85,193.51,0.104,-2.26336438,control,2.00148,-0.545417069,0.072632241,-0.592802423,5.265329191,8.767928563
RHO,2018,8,15.37716427,corn,R,7.4,0.5796,1.075335,0.552776,0.29,0.051363,193.51,6424.85,193.51,0.095,-2.353878387,strips,2.00148,-0.545417069,0.072632241,-0.592802423,5.265329191,8.767928563
RHO,2018,8,13.84195514,corn,R,7.4,0.5796,1.075335,0.552776,0.29,0.051363,193.51,6424.85,193.51,0.095,-2.353878387,control,2.00148,-0.545417069,0.072632241,-0.592802423,5.265329191,8.767928563
RHO,2018,9,0,corn,R,7.4,0.5796,1.075335,0.552776,0.29,0.051363,193.51,6424.85,193.51,0.024,-3.729701449,strips,2.00148,-0.545417069,0.072632241,-0.592802423,5.265329191,8.767928563
RHO,2018,9,6.128949929,corn,R,7.4,0.5796,1.075335,0.552776,0.29,0.051363,193.51,6424.85,193.51,0.024,-3.729701449,control,2.00148,-0.545417069,0.072632241,-0.592802423,5.265329191,8.767928563
RHO,2019,1,16.52033176,corn,R,7.4,0.5796,1.075335,0.552776,0.29,0.051363,193.51,6424.85,193.51,0.078,-2.551046452,strips,2.00148,-0.545417069,0.072632241,-0.592802423,5.265329191,8.767928563
RHO,2019,1,15.44878739,corn,R,7.4,0.5796,1.075335,0.552776,0.29,0.051363,193.51,6424.85,193.51,0.078,-2.551046452,control,2.00148,-0.545417069,0.072632241,-0.592802423,5.265329191,8.767928563
RHO,2019,2,10.16579495,corn,R,7.4,0.5796,1.075335,0.552776,0.29,0.051363,193.51,6424.85,193.51,0.028,-3.575550769,strips,2.00148,-0.545417069,0.072632241,-0.592802423,5.265329191,8.767928563
RHO,2019,2,4.955737554,corn,R,7.4,0.5796,1.075335,0.552776,0.29,0.051363,193.51,6424.85,193.51,0.028,-3.575550769,control,2.00148,-0.545417069,0.072632241,-0.592802423,5.265329191,8.767928563
RHO,2019,3,390.1013634,corn,R,7.4,0.5796,1.075335,0.552776,0.29,0.051363,193.51,6424.85,193.51,0.136,-1.995100393,strips,2.00148,-0.545417069,0.072632241,-0.592802423,5.265329191,8.767928563
RHO,2019,3,311.7119996,corn,R,7.4,0.5796,1.075335,0.552776,0.29,0.051363,193.51,6424.85,193.51,0.136,-1.995100393,control,2.00148,-0.545417069,0.072632241,-0.592802423,5.265329191,8.767928563
RHO,2019,4,6.898277023,corn,R,7.4,0.5796,1.075335,0.552776,0.29,0.051363,193.51,6424.85,193.51,0.008,-4.828313737,strips,2.00148,-0.545417069,0.072632241,-0.592802423,5.265329191,8.767928563
RHO,2019,4,46.54209198,corn,R,7.4,0.5796,1.075335,0.552776,0.29,0.051363,193.51,6424.85,193.51,0.008,-4.828313737,control,2.00148,-0.545417069,0.072632241,-0.592802423,5.265329191,8.767928563
RHO,2019,5,156.1424876,corn,R,7.4,0.5796,1.075335,0.552776,0.29,0.051363,193.51,6424.85,193.51,0.053,-2.937463365,strips,2.00148,-0.545417069,0.072632241,-0.592802423,5.265329191,8.767928563
RHO,2019,5,741.9566704,corn,R,7.4,0.5796,1.075335,0.552776,0.29,0.051363,193.51,6424.85,193.51,0.053,-2.937463365,control,2.00148,-0.545417069,0.072632241,-0.592802423,5.265329191,8.767928563
RHO,2019,6,4.125419489,corn,R,7.4,0.5796,1.075335,0.552776,0.29,0.051363,193.51,6424.85,193.51,0.049,-3.015934981,strips,2.00148,-0.545417069,0.072632241,-0.592802423,5.265329191,8.767928563
RHO,2019,6,9.084404657,corn,R,7.4,0.5796,1.075335,0.552776,0.29,0.051363,193.51,6424.85,193.51,0.049,-3.015934981,control,2.00148,-0.545417069,0.072632241,-0.592802423,5.265329191,8.767928563
RHO,2019,7,7.011250437,corn,R,7.4,0.5796,1.075335,0.552776,0.29,0.051363,193.51,6424.85,193.51,0.052,-2.95651156,strips,2.00148,-0.545417069,0.072632241,-0.592802423,5.265329191,8.767928563
RHO,2019,7,9.672195292,corn,R,7.4,0.5796,1.075335,0.552776,0.29,0.051363,193.51,6424.85,193.51,0.052,-2.95651156,control,2.00148,-0.545417069,0.072632241,-0.592802423,5.265329191,8.767928563
RHO,2019,8,1.535652498,corn,R,7.4,0.5796,1.075335,0.552776,0.29,0.051363,193.51,6424.85,193.51,0.027,-3.611918413,strips,2.00148,-0.545417069,0.072632241,-0.592802423,5.265329191,8.767928563
RHO,2019,8,3.635658077,corn,R,7.4,0.5796,1.075335,0.552776,0.29,0.051363,193.51,6424.85,193.51,0.027,-3.611918413,control,2.00148,-0.545417069,0.072632241,-0.592802423,5.265329191,8.767928563
RHO,2019,9,5.968015404,corn,R,7.4,0.5796,1.075335,0.552776,0.29,0.051363,193.51,6424.85,193.51,0.011,-4.509860006,strips,2.00148,-0.545417069,0.072632241,-0.592802423,5.265329191,8.767928563
RHO,2019,9,7.982430616,corn,R,7.4,0.5796,1.075335,0.552776,0.29,0.051363,193.51,6424.85,193.51,0.011,-4.509860006,control,2.00148,-0.545417069,0.072632241,-0.592802423,5.265329191,8.767928563
RHO,2020,1,3.011980453,corn,R,7.4,0.5796,1.075335,0.552776,0.29,0.051363,193.51,6424.85,193.51,0.032,-3.442019376,strips,2.00148,-0.545417069,0.072632241,-0.592802423,5.265329191,8.767928563
RHO,2020,1,0.165567784,corn,R,7.4,0.5796,1.075335,0.552776,0.29,0.051363,193.51,6424.85,193.51,0.032,-3.442019376,control,2.00148,-0.545417069,0.072632241,-0.592802423,5.265329191,8.767928563
RHO,2020,2,1.967592589,corn,R,7.4,0.5796,1.075335,0.552776,0.29,0.051363,193.51,6424.85,193.51,0.104,-2.26336438,strips,2.00148,-0.545417069,0.072632241,-0.592802423,5.265329191,8.767928563
RHO,2020,2,10.1847307,corn,R,7.4,0.5796,1.075335,0.552776,0.29,0.051363,193.51,6424.85,193.51,0.104,-2.26336438,control,2.00148,-0.545417069,0.072632241,-0.592802423,5.265329191,8.767928563
RHO,2020,3,0,corn,R,7.4,0.5796,1.075335,0.552776,0.29,0.051363,193.51,6424.85,193.51,0.1,-2.302585093,strips,2.00148,-0.545417069,0.072632241,-0.592802423,5.265329191,8.767928563
RHO,2020,3,1.183968955,corn,R,7.4,0.5796,1.075335,0.552776,0.29,0.051363,193.51,6424.85,193.51,0.1,-2.302585093,control,2.00148,-0.545417069,0.072632241,-0.592802423,5.265329191,8.767928563
RHO,2021,1,5.894507,corn,R,7.4,0.5796,1.075335,0.552776,0.29,0.051363,193.51,6424.85,193.51,0.028,-3.575550769,strips,2.00148,-0.545417069,0.072632241,-0.592802423,5.265329191,8.767928563
RHO,2021,1,26.12397,corn,R,7.4,0.5796,1.075335,0.552776,0.29,0.051363,193.51,6424.85,193.51,0.028,-3.575550769,control,2.00148,-0.545417069,0.072632241,-0.592802423,5.265329191,8.767928563
RHO,2021,2,0,corn,R,7.4,0.5796,1.075335,0.552776,0.29,0.051363,193.51,6424.85,193.51,0.097,-2.3330443,strips,2.00148,-0.545417069,0.072632241,-0.592802423,5.265329191,8.767928563
RHO,2021,2,6.072866,corn,R,7.4,0.5796,1.075335,0.552776,0.29,0.051363,193.51,6424.85,193.51,0.097,-2.3330443,control,2.00148,-0.545417069,0.072632241,-0.592802423,5.265329191,8.767928563
WHI,2016,1,0,corn,NR,10.78,1.3615,1.551593,1.02196,0.08,0.051363,622.47,115684.8,622.47,0.052,-2.95651156,strips,2.377692565,0.308587033,0.439282145,0.021722352,6.433695434,11.65862453
WHI,2016,1,5.305710561,corn,NR,10.78,1.3615,1.551593,1.02196,0.08,0.051363,622.47,115684.8,622.47,0.052,-2.95651156,control,2.377692565,0.308587033,0.439282145,0.021722352,6.433695434,11.65862453
WHI,2018,1,7.791482167,corn,NR,10.78,1.3615,1.551593,1.02196,0.08,0.051363,622.47,115684.8,622.47,0.011,-4.509860006,strips,2.377692565,0.308587033,0.439282145,0.021722352,6.433695434,11.65862453
WHI,2018,1,0,corn,NR,10.78,1.3615,1.551593,1.02196,0.08,0.051363,622.47,115684.8,622.47,0.011,-4.509860006,control,2.377692565,0.308587033,0.439282145,0.021722352,6.433695434,11.65862453
WHI,2018,2,2.124183723,corn,NR,10.78,1.3615,1.551593,1.02196,0.08,0.051363,622.47,115684.8,622.47,0.016,-4.135166557,strips,2.377692565,0.308587033,0.439282145,0.021722352,6.433695434,11.65862453
WHI,2018,2,0,corn,NR,10.78,1.3615,1.551593,1.02196,0.08,0.051363,622.47,115684.8,622.47,0.016,-4.135166557,control,2.377692565,0.308587033,0.439282145,0.021722352,6.433695434,11.65862453
WHI,2018,3,4.003503058,corn,NR,10.78,1.3615,1.551593,1.02196,0.08,0.051363,622.47,115684.8,622.47,0.015,-4.199705078,strips,2.377692565,0.308587033,0.439282145,0.021722352,6.433695434,11.65862453
WHI,2018,3,36.99383591,corn,NR,10.78,1.3615,1.551593,1.02196,0.08,0.051363,622.47,115684.8,622.47,0.015,-4.199705078,control,2.377692565,0.308587033,0.439282145,0.021722352,6.433695434,11.65862453
WHI,2018,4,0.253254207,corn,NR,10.78,1.3615,1.551593,1.02196,0.08,0.051363,622.47,115684.8,622.47,0.029,-3.540459449,strips,2.377692565,0.308587033,0.439282145,0.021722352,6.433695434,11.65862453
WHI,2018,4,16.57610459,corn,NR,10.78,1.3615,1.551593,1.02196,0.08,0.051363,622.47,115684.8,622.47,0.029,-3.540459449,control,2.377692565,0.308587033,0.439282145,0.021722352,6.433695434,11.65862453
WHI,2018,5,0.141992588,corn,NR,10.78,1.3615,1.551593,1.02196,0.08,0.051363,622.47,115684.8,622.47,0.027,-3.611918413,strips,2.377692565,0.308587033,0.439282145,0.021722352,6.433695434,11.65862453
WHI,2018,5,30.37875513,corn,NR,10.78,1.3615,1.551593,1.02196,0.08,0.051363,622.47,115684.8,622.47,0.027,-3.611918413,control,2.377692565,0.308587033,0.439282145,0.021722352,6.433695434,11.65862453
WHI,2018,6,0.815306233,corn,NR,10.78,1.3615,1.551593,1.02196,0.08,0.051363,622.47,115684.8,622.47,0.035,-3.352407217,strips,2.377692565,0.308587033,0.439282145,0.021722352,6.433695434,11.65862453
WHI,2018,6,0,corn,NR,10.78,1.3615,1.551593,1.02196,0.08,0.051363,622.47,115684.8,622.47,0.035,-3.352407217,control,2.377692565,0.308587033,0.439282145,0.021722352,6.433695434,11.65862453
WHI,2018,7,29.25706145,corn,NR,10.78,1.3615,1.551593,1.02196,0.08,0.051363,622.47,115684.8,622.47,0.039,-3.244193633,strips,2.377692565,0.308587033,0.439282145,0.021722352,6.433695434,11.65862453
WHI,2018,7,45.12562028,corn,NR,10.78,1.3615,1.551593,1.02196,0.08,0.051363,622.47,115684.8,622.47,0.039,-3.244193633,control,2.377692565,0.308587033,0.439282145,0.021722352,6.433695434,11.65862453
WHI,2018,8,18.11504022,corn,NR,10.78,1.3615,1.551593,1.02196,0.08,0.051363,622.47,115684.8,622.47,0.076,-2.577021939,strips,2.377692565,0.308587033,0.439282145,0.021722352,6.433695434,11.65862453
WHI,2018,8,45.52476389,corn,NR,10.78,1.3615,1.551593,1.02196,0.08,0.051363,622.47,115684.8,622.47,0.076,-2.577021939,control,2.377692565,0.308587033,0.439282145,0.021722352,6.433695434,11.65862453
WHI,2019,1,10.00905478,soybean,NR,10.78,1.3615,1.551593,1.02196,0.08,0.051363,622.47,115684.8,622.47,0.15392,-1.871322292,strips,2.377692565,0.308587033,0.439282145,0.021722352,6.433695434,11.65862453
WHI,2019,1,2.174927269,soybean,NR,10.78,1.3615,1.551593,1.02196,0.08,0.051363,622.47,115684.8,622.47,0.15392,-1.871322292,control,2.377692565,0.308587033,0.439282145,0.021722352,6.433695434,11.65862453
WHI,2019,2,5.81765841,soybean,NR,10.78,1.3615,1.551593,1.02196,0.08,0.051363,622.47,115684.8,622.47,0.102,-2.282782466,strips,2.377692565,0.308587033,0.439282145,0.021722352,6.433695434,11.65862453
WHI,2019,2,4.531913279,soybean,NR,10.78,1.3615,1.551593,1.02196,0.08,0.051363,622.47,115684.8,622.47,0.102,-2.282782466,control,2.377692565,0.308587033,0.439282145,0.021722352,6.433695434,11.65862453
WHI,2019,3,0.052997137,soybean,NR,10.78,1.3615,1.551593,1.02196,0.08,0.051363,622.47,115684.8,622.47,0.017,-4.074541935,strips,2.377692565,0.308587033,0.439282145,0.021722352,6.433695434,11.65862453
WHI,2019,3,0,soybean,NR,10.78,1.3615,1.551593,1.02196,0.08,0.051363,622.47,115684.8,622.47,0.017,-4.074541935,control,2.377692565,0.308587033,0.439282145,0.021722352,6.433695434,11.65862453
WHI,2019,4,14.25025347,soybean,NR,10.78,1.3615,1.551593,1.02196,0.08,0.051363,622.47,115684.8,622.47,0.042,-3.170085661,strips,2.377692565,0.308587033,0.439282145,0.021722352,6.433695434,11.65862453
WHI,2019,4,0,soybean,NR,10.78,1.3615,1.551593,1.02196,0.08,0.051363,622.47,115684.8,622.47,0.042,-3.170085661,control,2.377692565,0.308587033,0.439282145,0.021722352,6.433695434,11.65862453
WOR,2016,1,0,corn,R,4.88,0.4167,1.09495,0.388888,0.265,0.042144,242.37,20066.54,242.37,0.061,-2.796881415,strips,1.58514522,-0.875388741,0.0907087,-0.944463895,5.490465484,9.90680903
WOR,2016,1,0.050369002,corn,R,4.88,0.4167,1.09495,0.388888,0.265,0.042144,242.37,20066.54,242.37,0.061,-2.796881415,control,1.58514522,-0.875388741,0.0907087,-0.944463895,5.490465484,9.90680903
WOR,2016,2,0,corn,R,4.88,0.4167,1.09495,0.388888,0.265,0.042144,242.37,20066.54,242.37,0.084,-2.47693848,strips,1.58514522,-0.875388741,0.0907087,-0.944463895,5.490465484,9.90680903
WOR,2016,2,5.790175709,corn,R,4.88,0.4167,1.09495,0.388888,0.265,0.042144,242.37,20066.54,242.37,0.084,-2.47693848,control,1.58514522,-0.875388741,0.0907087,-0.944463895,5.490465484,9.90680903
WOR,2018,1,0,corn,R,4.88,0.4167,1.09495,0.388888,0.265,0.042144,242.37,20066.54,242.37,0.023,-3.772261063,strips,1.58514522,-0.875388741,0.0907087,-0.944463895,5.490465484,9.90680903
WOR,2018,1,1.476607614,corn,R,4.88,0.4167,1.09495,0.388888,0.265,0.042144,242.37,20066.54,242.37,0.023,-3.772261063,control,1.58514522,-0.875388741,0.0907087,-0.944463895,5.490465484,9.90680903
WOR,2018,11,24.18993446,corn,R,4.88,0.4167,1.09495,0.388888,0.265,0.042144,242.37,20066.54,242.37,0.154,-1.870802677,strips,1.58514522,-0.875388741,0.0907087,-0.944463895,5.490465484,9.90680903
WOR,2018,11,22.38792887,corn,R,4.88,0.4167,1.09495,0.388888,0.265,0.042144,242.37,20066.54,242.37,0.154,-1.870802677,control,1.58514522,-0.875388741,0.0907087,-0.944463895,5.490465484,9.90680903
WOR,2018,12,2.956399921,corn,R,4.88,0.4167,1.09495,0.388888,0.265,0.042144,242.37,20066.54,242.37,0.026,-3.649658741,strips,1.58514522,-0.875388741,0.0907087,-0.944463895,5.490465484,9.90680903
WOR,2018,12,2.067985483,corn,R,4.88,0.4167,1.09495,0.388888,0.265,0.042144,242.37,20066.54,242.37,0.026,-3.649658741,control,1.58514522,-0.875388741,0.0907087,-0.944463895,5.490465484,9.90680903
WOR,2018,13,10.66672184,corn,R,4.88,0.4167,1.09495,0.388888,0.265,0.042144,242.37,20066.54,242.37,0.026,-3.649658741,strips,1.58514522,-0.875388741,0.0907087,-0.944463895,5.490465484,9.90680903
WOR,2018,13,10.01886109,corn,R,4.88,0.4167,1.09495,0.388888,0.265,0.042144,242.37,20066.54,242.37,0.026,-3.649658741,control,1.58514522,-0.875388741,0.0907087,-0.944463895,5.490465484,9.90680903
WOR,2019,1,0.101733664,corn,R,4.88,0.4167,1.09495,0.388888,0.265,0.042144,242.37,20066.54,242.37,0.016,-4.135166557,strips,1.58514522,-0.875388741,0.0907087,-0.944463895,5.490465484,9.90680903
WOR,2019,1,0,corn,R,4.88,0.4167,1.09495,0.388888,0.265,0.042144,242.37,20066.54,242.37,0.016,-4.135166557,control,1.58514522,-0.875388741,0.0907087,-0.944463895,5.490465484,9.90680903
WOR,2019,2,65.75345526,corn,R,4.88,0.4167,1.09495,0.388888,0.265,0.042144,242.37,20066.54,242.37,0.057,-2.864704011,strips,1.58514522,-0.875388741,0.0907087,-0.944463895,5.490465484,9.90680903
WOR,2019,2,71.80656162,corn,R,4.88,0.4167,1.09495,0.388888,0.265,0.042144,242.37,20066.54,242.37,0.057,-2.864704011,control,1.58514522,-0.875388741,0.0907087,-0.944463895,5.490465484,9.90680903
WOR,2019,3,13.62233634,corn,R,4.88,0.4167,1.09495,0.388888,0.265,0.042144,242.37,20066.54,242.37,0.029,-3.540459449,strips,1.58514522,-0.875388741,0.0907087,-0.944463895,5.490465484,9.90680903
WOR,2019,3,1.378286226,corn,R,4.88,0.4167,1.09495,0.388888,0.265,0.042144,242.37,20066.54,242.37,0.029,-3.540459449,control,1.58514522,-0.875388741,0.0907087,-0.944463895,5.490465484,9.90680903
WOR,2019,4,6.158659827,corn,R,4.88,0.4167,1.09495,0.388888,0.265,0.042144,242.37,20066.54,242.37,0.021,-3.863232841,strips,1.58514522,-0.875388741,0.0907087,-0.944463895,5.490465484,9.90680903
WOR,2019,4,1.210108093,corn,R,4.88,0.4167,1.09495,0.388888,0.265,0.042144,242.37,20066.54,242.37,0.021,-3.863232841,control,1.58514522,-0.875388741,0.0907087,-0.944463895,5.490465484,9.90680903
WOR,2019,5,0.201661731,corn,R,4.88,0.4167,1.09495,0.388888,0.265,0.042144,242.37,20066.54,242.37,0.036,-3.324236341,strips,1.58514522,-0.875388741,0.0907087,-0.944463895,5.490465484,9.90680903
WOR,2019,5,0,corn,R,4.88,0.4167,1.09495,0.388888,0.265,0.042144,242.37,20066.54,242.37,0.036,-3.324236341,control,1.58514522,-0.875388741,0.0907087,-0.944463895,5.490465484,9.90680903
WOR,2020,1,0.219996094,soybean,R,4.88,0.4167,1.09495,0.388888,0.265,0.042144,242.37,20066.54,242.37,0.024,-3.729701449,strips,1.58514522,-0.875388741,0.0907087,-0.944463895,5.490465484,9.90680903
WOR,2020,1,0,soybean,R,4.88,0.4167,1.09495,0.388888,0.265,0.042144,242.37,20066.54,242.37,0.024,-3.729701449,control,1.58514522,-0.875388741,0.0907087,-0.944463895,5.490465484,9.90680903
