"Year","SiteID","rf_event","rain_mm","rain_hr","rf_rate","eventStart","eventEnd"
2016,"ARM",1,8,0.6,13.3333333333333,2016-03-15 01:55:00,2016-03-15 02:30:00
2016,"ARM",2,11,1.01666666666667,10.8196721311475,2016-03-23 17:25:00,2016-03-23 18:25:00
2016,"ARM",3,34,6.01666666666667,5.65096952908587,2016-04-20 05:20:00,2016-04-20 11:20:00
2016,"ARM",4,6,4.01666666666667,1.49377593360996,2016-04-24 18:00:00,2016-04-24 22:00:00
2016,"ARM",5,11,3.85,2.85714285714286,2016-04-27 00:55:00,2016-04-27 04:45:00
2016,"ARM",6,33,2.51666666666667,13.112582781457,2016-04-27 16:20:00,2016-04-27 18:50:00
2016,"ARM",7,33,6.01666666666667,5.48476454293629,2016-04-30 03:45:00,2016-04-30 09:45:00
2016,"ARM",8,25,5.68333333333333,4.39882697947214,2016-05-09 02:05:00,2016-05-09 07:45:00
2016,"ARM",9,10,1.6,6.25,2016-05-09 21:45:00,2016-05-09 23:20:00
2016,"ARM",10,16,0.766666666666667,20.8695652173913,2016-05-11 08:05:00,2016-05-11 08:50:00
2016,"ARM",11,3,0.1,30,2016-05-24 01:30:00,2016-05-24 01:35:00
2016,"ARM",12,6,4.18333333333333,1.43426294820717,2016-05-25 02:45:00,2016-05-25 06:55:00
2016,"ARM",13,12,2.01666666666667,5.9504132231405,2016-05-26 00:30:00,2016-05-26 02:30:00
2016,"ARM",14,51,3.43333333333333,14.8543689320388,2016-05-26 16:00:00,2016-05-26 19:25:00
2016,"ARM",15,7,3.85,1.81818181818182,2016-05-27 22:55:00,2016-05-28 02:45:00
2016,"ARM",16,4,0.35,11.4285714285714,2016-06-03 20:00:00,2016-06-03 20:20:00
2016,"ARM",17,21,2.01666666666667,10.4132231404959,2016-06-20 15:30:00,2016-06-20 17:30:00
2016,"ARM",18,16,1.1,14.5454545454545,2016-06-26 01:50:00,2016-06-26 02:55:00
2016,"ARM",19,7,4.26666666666667,1.640625,2016-07-02 06:20:00,2016-07-02 10:35:00
2016,"ARM",20,21,3.6,5.83333333333333,2016-07-07 02:05:00,2016-07-07 05:40:00
2016,"ARM",21,29,2.26666666666667,12.7941176470588,2016-07-11 22:20:00,2016-07-12 00:35:00
2016,"ARM",22,56,5.01666666666667,11.1627906976744,2016-07-18 00:50:00,2016-07-18 05:50:00
2016,"ARM",23,9,0.433333333333333,20.7692307692308,2016-07-19 13:10:00,2016-07-19 13:35:00
2016,"ARM",24,4,0.183333333333333,21.8181818181818,2016-07-31 05:20:00,2016-07-31 05:30:00
2016,"ARM",25,3,3.68333333333333,0.81447963800905,2016-08-01 05:00:00,2016-08-01 08:40:00
2016,"ARM",26,18,3.18333333333333,5.65445026178011,2016-08-11 20:30:00,2016-08-11 23:40:00
2016,"ARM",27,26,0.683333333333333,38.0487804878049,2016-08-23 23:00:00,2016-08-23 23:40:00
2016,"ARM",28,4,0.183333333333333,21.8181818181818,2016-08-28 17:25:00,2016-08-28 17:35:00
2016,"ARM",29,3,0.516666666666667,5.80645161290323,2016-08-29 07:45:00,2016-08-29 08:15:00
2016,"ARM",30,19,6.51666666666667,2.9156010230179,2016-08-29 16:40:00,2016-08-29 23:10:00
2016,"ARM",31,3,0.433333333333333,6.92307692307692,2016-09-04 14:10:00,2016-09-04 14:35:00
2016,"ARM",32,16,2.51666666666667,6.35761589403974,2016-09-07 08:55:00,2016-09-07 11:25:00
2016,"ARM",33,12,3.1,3.87096774193548,2016-09-09 15:15:00,2016-09-09 18:20:00
2016,"ARM",34,10,0.683333333333333,14.6341463414634,2016-09-13 01:50:00,2016-09-13 02:30:00
2016,"ARM",35,47,2.1,22.3809523809524,2016-09-16 00:15:00,2016-09-16 02:20:00
2016,"ARM",36,51,8.68333333333333,5.87332053742802,2016-10-04 13:50:00,2016-10-04 22:30:00
2016,"ARM",37,8,8.01666666666667,0.997920997920998,2016-10-06 11:30:00,2016-10-06 19:30:00
2016,"ARM",38,14,0.766666666666667,18.2608695652174,2016-11-02 03:55:00,2016-11-02 04:40:00
2016,"ARM",39,6,0.266666666666667,22.5,2016-07-31 05:15:00,2016-07-31 05:30:00
2016,"ARM",40,5,3.76666666666667,1.32743362831858,2016-08-01 04:55:00,2016-08-01 08:40:00
2016,"ARM",41,37,3.26666666666667,11.3265306122449,2016-08-11 20:30:00,2016-08-11 23:45:00
2017,"ARM",1,20,1.35,14.8148148148148,2017-04-14 12:55:00,2017-04-14 14:15:00
2017,"ARM",2,8,0.766666666666667,10.4347826086957,2017-04-18 08:55:00,2017-04-18 09:40:00
2017,"ARM",3,6,4.76666666666667,1.25874125874126,2017-04-19 04:05:00,2017-04-19 08:50:00
2017,"ARM",4,18,8.1,2.22222222222222,2017-04-30 08:55:00,2017-04-30 17:00:00
2017,"ARM",5,4,2.1,1.9047619047619,2017-05-01 01:10:00,2017-05-01 03:15:00
2017,"ARM",6,28,4.35,6.4367816091954,2017-05-10 06:50:00,2017-05-10 11:10:00
2017,"ARM",7,50,19.6,2.55102040816327,2017-05-16 20:00:00,2017-05-17 15:35:00
2017,"ARM",8,19,2.43333333333333,7.80821917808219,2017-05-18 22:25:00,2017-05-19 00:50:00
2017,"ARM",9,24,10.6833333333333,2.24648985959438,2017-05-19 21:40:00,2017-05-20 08:20:00
2017,"ARM",10,9,1.18333333333333,7.6056338028169,2017-05-27 09:10:00,2017-05-27 10:20:00
2017,"ARM",11,9,0.183333333333333,49.0909090909091,2017-06-02 03:40:00,2017-06-02 03:50:00
2017,"ARM",12,35,8.68333333333333,4.03071017274472,2017-06-14 00:10:00,2017-06-14 08:50:00
2017,"ARM",13,3,1.26666666666667,2.36842105263158,2017-06-15 22:00:00,2017-06-15 23:15:00
2017,"ARM",14,55,0.516666666666667,106.451612903226,2017-06-16 20:50:00,2017-06-16 21:20:00
2017,"ARM",15,14,0.516666666666667,27.0967741935484,2017-06-23 00:40:00,2017-06-23 01:10:00
2017,"ARM",16,6,1.68333333333333,3.56435643564356,2017-06-28 02:55:00,2017-06-28 04:35:00
2017,"ARM",17,3,0.1,30,2017-08-03 06:20:00,2017-08-03 06:25:00
2017,"ARM",18,24,1.01666666666667,23.6065573770492,2017-08-15 10:10:00,2017-08-15 11:10:00
2017,"ARM",19,22,0.266666666666667,82.5,2017-08-16 10:20:00,2017-08-16 10:35:00
2017,"ARM",20,13,1.51666666666667,8.57142857142857,2017-08-20 02:40:00,2017-08-20 04:10:00
2017,"ARM",21,75,6.26666666666667,11.968085106383,2017-08-21 02:20:00,2017-08-21 08:35:00
2017,"ARM",22,13,4.43333333333333,2.93233082706767,2017-08-21 18:05:00,2017-08-21 22:30:00
2017,"ARM",23,5,0.6,8.33333333333333,2017-08-25 08:15:00,2017-08-25 08:50:00
2017,"ARM",24,21,1.6,13.125,2017-09-16 22:35:00,2017-09-17 00:10:00
2017,"ARM",25,5,0.85,5.88235294117647,2017-09-18 08:10:00,2017-09-18 09:00:00
2017,"ARM",26,29,4.43333333333333,6.54135338345865,2017-09-25 12:50:00,2017-09-25 17:15:00
2017,"ARM",27,11,8.51666666666667,1.29158512720157,2017-10-02 03:10:00,2017-10-02 11:40:00
2017,"ARM",28,6,7.01666666666667,0.855106888361045,2017-10-05 10:25:00,2017-10-05 17:25:00
2017,"ARM",29,35,13.35,2.62172284644195,2017-10-06 21:45:00,2017-10-07 11:05:00
2017,"ARM",30,16,2.6,6.15384615384615,2017-10-10 02:55:00,2017-10-10 05:30:00
2017,"ARM",31,11,3.51666666666667,3.12796208530806,2017-10-14 06:55:00,2017-10-14 10:25:00
2017,"ARM",32,4,0.1,40,2017-10-21 03:35:00,2017-10-21 03:40:00
2017,"ARM",33,6,0.266666666666667,22.5,2017-10-21 16:15:00,2017-10-21 16:30:00
2018,"ARM",1,10,0.85,11.7647058823529,2018-05-01 19:45:00,2018-05-01 20:35:00
2018,"ARM",2,21,1.1,19.0909090909091,2018-05-02 19:40:00,2018-05-02 20:45:00
2018,"ARM",3,13,1.43333333333333,9.06976744186047,2018-05-03 16:20:00,2018-05-03 17:45:00
2018,"ARM",4,3,0.266666666666667,11.25,2018-05-11 06:40:00,2018-05-11 06:55:00
2018,"ARM",5,3,0.766666666666667,3.91304347826087,2018-05-14 03:45:00,2018-05-14 04:30:00
2018,"ARM",6,10,2.01666666666667,4.95867768595041,2018-05-29 17:00:00,2018-05-29 19:00:00
2018,"ARM",7,56,3.68333333333333,15.2036199095023,2018-06-02 01:45:00,2018-06-02 05:25:00
2018,"ARM",8,12,1.85,6.48648648648649,2018-06-10 07:05:00,2018-06-10 08:55:00
2018,"ARM",9,6,0.433333333333333,13.8461538461538,2018-06-11 03:05:00,2018-06-11 03:30:00
2018,"ARM",10,11,1.1,10,2018-06-11 10:10:00,2018-06-11 11:15:00
2018,"ARM",11,24,1.35,17.7777777777778,2018-06-11 18:15:00,2018-06-11 19:35:00
2018,"ARM",12,6,1.26666666666667,4.73684210526316,2018-06-18 18:20:00,2018-06-18 19:35:00
2018,"ARM",13,32,7.51666666666667,4.25720620842572,2018-06-19 02:00:00,2018-06-19 09:30:00
2018,"ARM",14,3,0.1,30,2018-06-21 18:20:00,2018-06-21 18:25:00
2018,"ARM",15,12,0.433333333333333,27.6923076923077,2018-06-24 18:20:00,2018-06-24 18:45:00
2018,"ARM",16,14,7.93333333333333,1.76470588235294,2018-06-25 13:35:00,2018-06-25 21:30:00
2018,"ARM",17,3,0.183333333333333,16.3636363636364,2018-06-28 10:50:00,2018-06-28 11:00:00
2018,"ARM",18,25,8.18333333333333,3.05498981670061,2018-06-30 18:00:00,2018-07-01 02:10:00
2018,"ARM",19,4,3.93333333333333,1.01694915254237,2018-07-13 15:45:00,2018-07-13 19:40:00
2018,"ARM",20,4,0.433333333333333,9.23076923076923,2018-07-28 07:10:00,2018-07-28 07:35:00
2018,"ARM",21,3,0.266666666666667,11.25,2018-08-07 03:55:00,2018-08-07 04:10:00
2018,"ARM",22,38,3.1,12.258064516129,2018-08-14 20:15:00,2018-08-14 23:20:00
2018,"ARM",23,10,1.18333333333333,8.45070422535211,2018-08-16 07:40:00,2018-08-16 08:50:00
2018,"ARM",24,144,13.1833333333333,10.9228824273072,2018-08-19 18:25:00,2018-08-20 07:35:00
2018,"ARM",25,6,0.266666666666667,22.5,2018-08-20 15:10:00,2018-08-20 15:25:00
2018,"ARM",26,3,0.1,30,2018-08-26 08:00:00,2018-08-26 08:05:00
2018,"ARM",27,11,2.18333333333333,5.0381679389313,2018-08-26 23:30:00,2018-08-27 01:40:00
2018,"ARM",28,10,3.68333333333333,2.71493212669683,2018-08-28 11:30:00,2018-08-28 15:10:00
2018,"ARM",29,40,9.26666666666667,4.31654676258993,2018-08-31 21:40:00,2018-09-01 06:55:00
2018,"ARM",30,20,8.26666666666667,2.41935483870968,2018-09-01 22:55:00,2018-09-02 07:10:00
2018,"ARM",31,9,1.76666666666667,5.09433962264151,2018-09-03 00:45:00,2018-09-03 02:30:00
2018,"ARM",32,4,0.1,40,2018-09-04 14:20:00,2018-09-04 14:25:00
2018,"ARM",33,18,10.7666666666667,1.671826625387,2018-09-04 22:10:00,2018-09-05 08:55:00
2018,"ARM",34,10,2.1,4.76190476190476,2018-09-07 04:50:00,2018-09-07 06:55:00
2018,"ARM",35,14,3.85,3.63636363636364,2018-09-20 20:40:00,2018-09-21 00:30:00
2018,"ARM",36,12,2.35,5.1063829787234,2018-09-25 09:50:00,2018-09-25 12:10:00
2018,"ARM",37,9,3.43333333333333,2.62135922330097,2018-10-07 12:45:00,2018-10-07 16:10:00
2018,"ARM",38,21,1.6,13.125,2018-10-08 16:55:00,2018-10-08 18:30:00
2018,"ARM",39,4,0.266666666666667,15,2018-10-09 14:10:00,2018-10-09 14:25:00
2019,"ARM",1,3,0.1,30,2019-04-10 23:30:00,2019-04-10 23:35:00
2019,"ARM",2,21,2.76666666666667,7.59036144578313,2019-04-27 01:45:00,2019-04-27 04:30:00
2019,"ARM",3,6,0.433333333333333,13.8461538461538,2019-05-04 23:35:00,2019-05-05 00:00:00
2019,"ARM",4,4,0.433333333333333,9.23076923076923,2019-05-06 17:05:00,2019-05-06 17:30:00
2019,"ARM",5,27,4.35,6.20689655172414,2019-05-08 03:55:00,2019-05-08 08:15:00
2019,"ARM",6,5,0.516666666666667,9.67741935483871,2019-05-17 09:40:00,2019-05-17 10:10:00
2019,"ARM",7,3,0.683333333333333,4.39024390243902,2019-05-18 15:25:00,2019-05-18 16:05:00
2019,"ARM",8,3,0.85,3.52941176470588,2019-05-21 11:45:00,2019-05-21 12:35:00
2019,"ARM",9,52,7.6,6.84210526315789,2019-05-23 22:25:00,2019-05-24 06:00:00
2019,"ARM",10,8,1.26666666666667,6.31578947368421,2019-05-26 01:25:00,2019-05-26 02:40:00
2019,"ARM",11,8,5.26666666666667,1.51898734177215,2019-05-27 00:10:00,2019-05-27 05:25:00
2019,"ARM",12,24,4.35,5.51724137931035,2019-05-28 03:05:00,2019-05-28 07:25:00
2019,"ARM",13,10,4.26666666666667,2.34375,2019-06-03 11:45:00,2019-06-03 16:00:00
2019,"ARM",14,3,0.266666666666667,11.25,2019-06-11 20:55:00,2019-06-11 21:10:00
2019,"ARM",15,40,3.51666666666667,11.3744075829384,2019-06-18 14:45:00,2019-06-18 18:15:00
2019,"ARM",16,4,2.6,1.53846153846154,2019-06-21 06:35:00,2019-06-21 09:10:00
2019,"ARM",17,5,1.35,3.7037037037037,2019-06-22 08:10:00,2019-06-22 09:30:00
2019,"ARM",18,3,0.1,30,2019-06-25 20:40:00,2019-06-25 20:45:00
2019,"ARM",19,38,2.26666666666667,16.7647058823529,2019-07-03 18:50:00,2019-07-03 21:05:00
2019,"ARM",20,60,1.68333333333333,35.6435643564356,2019-07-16 05:30:00,2019-07-16 07:10:00
2019,"ARM",21,16,4.85,3.29896907216495,2019-07-31 06:05:00,2019-07-31 10:55:00
2019,"ARM",22,51,3.18333333333333,16.020942408377,2019-08-11 07:10:00,2019-08-11 10:20:00
2019,"ARM",23,9,0.85,10.5882352941177,2019-08-12 04:15:00,2019-08-12 05:05:00
2019,"ARM",24,10,1.76666666666667,5.66037735849057,2019-08-18 05:20:00,2019-08-18 07:05:00
2019,"ARM",25,30,1.26666666666667,23.6842105263158,2019-08-21 06:40:00,2019-08-21 07:55:00
2019,"ARM",26,8,6.26666666666667,1.27659574468085,2019-08-26 09:30:00,2019-08-26 15:45:00
2019,"ARM",27,4,0.1,40,2019-08-29 05:40:00,2019-08-29 05:45:00
2019,"ARM",28,20,5.01666666666667,3.98671096345515,2019-09-10 03:25:00,2019-09-10 08:25:00
2019,"ARM",29,11,0.183333333333333,60,2019-09-12 14:55:00,2019-09-12 15:05:00
2019,"ARM",30,3,0.1,30,2019-09-18 10:10:00,2019-09-18 10:15:00
2019,"ARM",31,33,1.51666666666667,21.7582417582418,2019-09-19 07:10:00,2019-09-19 08:40:00
2019,"ARM",32,64,11.6,5.51724137931035,2019-09-21 22:00:00,2019-09-22 09:35:00
2019,"ARM",33,29,2.51666666666667,11.523178807947,2019-09-24 20:30:00,2019-09-24 23:00:00
2019,"ARM",34,7,0.6,11.6666666666667,2019-09-28 17:05:00,2019-09-28 17:40:00
2019,"ARM",35,4,1.6,2.5,2019-09-29 09:10:00,2019-09-29 10:45:00
2019,"ARM",36,48,7.6,6.31578947368421,2019-10-01 15:05:00,2019-10-01 22:40:00
2019,"ARM",37,3,0.183333333333333,16.3636363636364,2019-10-02 10:40:00,2019-10-02 10:50:00
2019,"ARM",38,14,0.6,23.3333333333333,2019-10-05 07:50:00,2019-10-05 08:25:00
2019,"ARM",39,5,0.183333333333333,27.2727272727273,2019-10-09 17:35:00,2019-10-09 17:45:00
2019,"ARM",40,15,2.76666666666667,5.42168674698795,2019-10-10 04:15:00,2019-10-10 07:00:00
2019,"ARM",41,5,1.76666666666667,2.83018867924528,2019-10-20 21:15:00,2019-10-20 23:00:00
2020,"ARM",1,8,1.43333333333333,5.58139534883721,2020-05-14 12:35:00,2020-05-14 14:00:00
2020,"ARM",2,17,0.35,48.5714285714286,2020-05-16 21:30:00,2020-05-16 21:50:00
2020,"ARM",3,11,0.933333333333333,11.7857142857143,2020-05-23 00:50:00,2020-05-23 01:45:00
2020,"ARM",4,27,1.18333333333333,22.8169014084507,2020-05-24 07:05:00,2020-05-24 08:15:00
2020,"ARM",5,7,0.266666666666667,26.25,2020-05-25 21:05:00,2020-05-25 21:20:00
2020,"ARM",6,4,4.51666666666667,0.885608856088561,2020-05-26 13:10:00,2020-05-26 17:40:00
2020,"ARM",7,14,0.933333333333333,15,2020-06-09 21:45:00,2020-06-09 22:40:00
2020,"ARM",8,5,0.516666666666667,9.67741935483871,2020-06-19 03:20:00,2020-06-19 03:50:00
2020,"ARM",9,3,1.1,2.72727272727273,2020-06-28 05:25:00,2020-06-28 06:30:00
2020,"ARM",10,22,2.6,8.46153846153846,2020-07-01 02:15:00,2020-07-01 04:50:00
2020,"ARM",11,41,1.85,22.1621621621622,2020-07-23 08:45:00,2020-07-23 10:35:00
2020,"ARM",12,13,1.76666666666667,7.35849056603774,2020-07-26 10:35:00,2020-07-26 12:20:00
2020,"ARM",13,9,0.683333333333333,13.1707317073171,2020-07-29 23:15:00,2020-07-29 23:55:00
2020,"ARM",14,13,4.43333333333333,2.93233082706767,2020-09-07 21:15:00,2020-09-08 01:40:00
2020,"ARM",15,34,21.1833333333333,1.60503540519276,2020-09-08 14:50:00,2020-09-09 12:00:00
2021,"ARM",1,3,0.766666666666667,3.91304347826087,2021-04-07 18:10:00,2021-04-07 18:55:00
2021,"ARM",2,33,4.01666666666667,8.21576763485477,2021-05-08 21:20:00,2021-05-09 01:20:00
2021,"ARM",3,4,0.1,40,2021-05-19 08:35:00,2021-05-19 08:40:00
2021,"ARM",4,4,0.433333333333333,9.23076923076923,2021-05-20 18:00:00,2021-05-20 18:25:00
2021,"ARM",5,22,1.1,20,2021-05-27 03:45:00,2021-05-27 04:50:00
2021,"ARM",6,3,0.35,8.57142857142857,2021-06-17 00:55:00,2021-06-17 01:15:00
2021,"ARM",7,19,0.933333333333333,20.3571428571429,2021-06-18 23:35:00,2021-06-19 00:30:00
2021,"ARM",8,11,5.76666666666667,1.90751445086705,2021-06-20 02:10:00,2021-06-20 07:55:00
2021,"ARM",9,8,0.433333333333333,18.4615384615385,2021-06-24 03:55:00,2021-06-24 04:20:00
2021,"ARM",10,4,0.766666666666667,5.21739130434783,2021-06-24 20:20:00,2021-06-24 21:05:00
2021,"ARM",11,3,2.85,1.05263157894737,2021-06-26 01:35:00,2021-06-26 04:25:00
2021,"ARM",12,12,2.76666666666667,4.33734939759036,2021-07-07 04:00:00,2021-07-07 06:45:00
2021,"ARM",13,60,3.01666666666667,19.8895027624309,2021-07-10 00:00:00,2021-07-10 03:00:00
2021,"ARM",14,8,0.433333333333333,18.4615384615385,2021-07-10 15:20:00,2021-07-10 15:45:00
2021,"ARM",15,5,0.35,14.2857142857143,2021-07-15 06:50:00,2021-07-15 07:10:00
2021,"ARM",16,6,0.266666666666667,22.5,2021-07-30 08:05:00,2021-07-30 08:20:00
2021,"ARM",17,78,9.18333333333333,8.49364791288566,2021-07-30 20:30:00,2021-07-31 05:40:00
2021,"ARM",18,4,0.1,40,2021-08-06 02:55:00,2021-08-06 03:00:00
2021,"ARM",19,10,1.26666666666667,7.89473684210526,2021-08-08 00:35:00,2021-08-08 01:50:00
2021,"ARM",20,49,6.76666666666667,7.24137931034483,2021-08-31 01:10:00,2021-08-31 07:55:00
2021,"ARM",21,6,1.6,3.75,2021-09-03 01:25:00,2021-09-03 03:00:00
2021,"ARM",22,47,3.18333333333333,14.7643979057592,2021-09-30 01:40:00,2021-09-30 04:50:00
2021,"ARM",23,27,2.43333333333333,11.0958904109589,2021-10-13 02:30:00,2021-10-13 04:55:00
2021,"ARM",24,38,14.6833333333333,2.58796821793417,2021-10-24 01:50:00,2021-10-24 16:30:00
2016,"EIA",1,4,0.266666666666667,15,2016-03-13 05:20:00,2016-03-13 05:35:00
2016,"EIA",2,14,1.35,10.3703703703704,2016-03-23 22:40:00,2016-03-24 00:00:00
2016,"EIA",3,27,2.85,9.47368421052632,2016-04-05 23:05:00,2016-04-06 01:55:00
2016,"EIA",4,4,2.76666666666667,1.44578313253012,2016-04-27 09:20:00,2016-04-27 12:05:00
2016,"EIA",5,8,1.01666666666667,7.86885245901639,2016-04-27 22:25:00,2016-04-27 23:25:00
2016,"EIA",6,13,4.43333333333333,2.93233082706767,2016-04-30 09:45:00,2016-04-30 14:10:00
2016,"EIA",7,10,0.933333333333333,10.7142857142857,2016-05-09 17:50:00,2016-05-09 18:45:00
2016,"EIA",8,6,1.26666666666667,4.73684210526316,2016-05-26 03:55:00,2016-05-26 05:10:00
2016,"EIA",9,8,4.68333333333333,1.70818505338078,2016-05-27 22:55:00,2016-05-28 03:35:00
2016,"EIA",10,9,0.183333333333333,49.0909090909091,2016-05-28 13:55:00,2016-05-28 14:05:00
2016,"EIA",11,10,0.683333333333333,14.6341463414634,2016-05-31 20:05:00,2016-05-31 20:45:00
2016,"EIA",12,15,0.266666666666667,56.25,2016-06-04 01:45:00,2016-06-04 02:00:00
2016,"EIA",13,13,1.1,11.8181818181818,2016-06-04 18:15:00,2016-06-04 19:20:00
2016,"EIA",14,5,0.183333333333333,27.2727272727273,2016-06-09 04:50:00,2016-06-09 05:00:00
2016,"EIA",15,6,0.35,17.1428571428571,2016-06-11 02:10:00,2016-06-11 02:30:00
2016,"EIA",16,6,0.85,7.05882352941176,2016-06-14 12:05:00,2016-06-14 12:55:00
2016,"EIA",17,8,2.1,3.80952380952381,2016-06-14 20:20:00,2016-06-14 22:25:00
2016,"EIA",18,4,0.183333333333333,21.8181818181818,2016-06-20 06:30:00,2016-06-20 06:40:00
2016,"EIA",19,129,8.26666666666667,15.6048387096774,2016-06-22 00:30:00,2016-06-22 08:45:00
2016,"EIA",20,4,0.0166666666666667,240,2016-06-23 12:30:00,2016-06-23 12:30:00
2016,"EIA",21,20,2.26666666666667,8.82352941176471,2016-06-26 03:00:00,2016-06-26 05:15:00
2016,"EIA",22,14,5.51666666666667,2.53776435045317,2016-06-30 02:15:00,2016-06-30 07:45:00
2016,"EIA",23,7,0.183333333333333,38.1818181818182,2016-07-06 02:35:00,2016-07-06 02:45:00
2016,"EIA",24,8,1.68333333333333,4.75247524752475,2016-07-10 11:35:00,2016-07-10 13:15:00
2016,"EIA",25,12,2.76666666666667,4.33734939759036,2016-07-12 01:45:00,2016-07-12 04:30:00
2016,"EIA",26,15,1.51666666666667,9.89010989010989,2016-07-17 05:20:00,2016-07-17 06:50:00
2016,"EIA",27,4,0.35,11.4285714285714,2016-07-19 14:05:00,2016-07-19 14:25:00
2016,"EIA",28,21,1.18333333333333,17.7464788732394,2016-07-22 00:30:00,2016-07-22 01:40:00
2016,"EIA",29,5,0.266666666666667,18.75,2016-07-29 12:30:00,2016-07-29 12:45:00
2016,"EIA",30,30,0.766666666666667,39.1304347826087,2016-08-04 20:05:00,2016-08-04 20:50:00
2016,"EIA",31,110,4.01666666666667,27.3858921161826,2016-08-11 19:50:00,2016-08-11 23:50:00
2016,"EIA",32,12,4.85,2.47422680412371,2016-08-24 02:10:00,2016-08-24 07:00:00
2016,"EIA",33,8,3.43333333333333,2.33009708737864,2016-08-26 23:55:00,2016-08-27 03:20:00
2016,"EIA",34,62,17.85,3.4733893557423,2016-09-07 08:15:00,2016-09-08 02:05:00
2016,"EIA",35,5,0.35,14.2857142857143,2016-09-09 18:30:00,2016-09-09 18:50:00
2016,"EIA",36,31,2.18333333333333,14.1984732824427,2016-09-15 23:25:00,2016-09-16 01:35:00
2016,"EIA",37,62,2.35,26.3829787234043,2016-09-23 03:00:00,2016-09-23 05:20:00
2016,"EIA",38,29,3.1,9.35483870967742,2016-10-26 04:10:00,2016-10-26 07:15:00
2016,"EIA",39,19,6.18333333333333,3.07277628032345,2016-11-02 00:20:00,2016-11-02 06:30:00
2017,"EIA",1,5,0.266666666666667,18.75,2017-03-29 23:00:00,2017-03-29 23:15:00
2017,"EIA",2,5,0.1,50,2017-04-10 01:50:00,2017-04-10 01:55:00
2017,"EIA",3,5,1.35,3.7037037037037,2017-04-13 02:30:00,2017-04-13 03:50:00
2017,"EIA",4,6,6.1,0.983606557377049,2017-04-14 13:05:00,2017-04-14 19:10:00
2017,"EIA",5,14,5.01666666666667,2.7906976744186,2017-04-15 17:55:00,2017-04-15 22:55:00
2017,"EIA",6,3,1.01666666666667,2.95081967213115,2017-04-28 14:20:00,2017-04-28 15:20:00
2017,"EIA",7,10,5.6,1.78571428571429,2017-04-30 15:30:00,2017-04-30 21:05:00
2017,"EIA",8,16,6.76666666666667,2.36453201970443,2017-05-10 08:55:00,2017-05-10 15:40:00
2017,"EIA",9,15,1.6,9.375,2017-05-17 17:05:00,2017-05-17 18:40:00
2017,"EIA",10,9,4.6,1.95652173913044,2017-05-19 03:15:00,2017-05-19 07:50:00
2017,"EIA",11,16,1.68333333333333,9.5049504950495,2017-05-26 10:20:00,2017-05-26 12:00:00
2017,"EIA",12,19,6.1,3.11475409836066,2017-06-14 05:50:00,2017-06-14 11:55:00
2017,"EIA",13,3,0.1,30,2017-06-14 22:15:00,2017-06-14 22:20:00
2017,"EIA",14,5,1.35,3.7037037037037,2017-06-15 23:25:00,2017-06-16 00:45:00
2017,"EIA",15,9,0.183333333333333,49.0909090909091,2017-06-17 00:05:00,2017-06-17 00:15:00
2017,"EIA",16,5,5.35,0.934579439252337,2017-06-21 13:05:00,2017-06-21 18:25:00
2017,"EIA",17,10,0.35,28.5714285714286,2017-06-23 01:35:00,2017-06-23 01:55:00
2017,"EIA",18,13,1.68333333333333,7.72277227722772,2017-06-28 04:55:00,2017-06-28 06:35:00
2017,"EIA",19,3,0.1,30,2017-06-28 19:10:00,2017-06-28 19:15:00
2017,"EIA",20,15,1.01666666666667,14.7540983606557,2017-07-10 03:40:00,2017-07-10 04:40:00
2017,"EIA",21,23,2.01666666666667,11.404958677686,2017-07-20 22:50:00,2017-07-21 00:50:00
2017,"EIA",22,10,0.35,28.5714285714286,2017-07-22 04:05:00,2017-07-22 04:25:00
2017,"EIA",23,4,5.43333333333333,0.736196319018405,2017-07-26 16:25:00,2017-07-26 21:50:00
2017,"EIA",24,8,6.43333333333333,1.24352331606218,2017-08-03 09:20:00,2017-08-03 15:45:00
2017,"EIA",25,4,0.35,11.4285714285714,2017-08-14 08:25:00,2017-08-14 08:45:00
2017,"EIA",26,3,0.35,8.57142857142857,2017-08-19 02:20:00,2017-08-19 02:40:00
2017,"EIA",27,15,0.85,17.6470588235294,2017-08-21 19:50:00,2017-08-21 20:40:00
2017,"EIA",28,3,1.01666666666667,2.95081967213115,2017-09-17 04:20:00,2017-09-17 05:20:00
2017,"EIA",29,8,0.766666666666667,10.4347826086957,2017-10-22 00:10:00,2017-10-22 00:55:00
2018,"EIA",1,10,6.35,1.5748031496063,2018-05-02 20:40:00,2018-05-03 03:00:00
2018,"EIA",2,7,0.433333333333333,16.1538461538462,2018-05-03 22:20:00,2018-05-03 22:45:00
2018,"EIA",3,13,3.93333333333333,3.30508474576271,2018-05-12 01:40:00,2018-05-12 05:35:00
2018,"EIA",4,24,1.68333333333333,14.2574257425743,2018-05-14 05:00:00,2018-05-14 06:40:00
2018,"EIA",5,26,0.516666666666667,50.3225806451613,2018-05-20 05:25:00,2018-05-20 05:55:00
2018,"EIA",6,8,4.01666666666667,1.99170124481328,2018-05-21 02:30:00,2018-05-21 06:30:00
2018,"EIA",7,15,0.516666666666667,29.0322580645161,2018-05-26 01:20:00,2018-05-26 01:50:00
2018,"EIA",8,10,1.6,6.25,2018-05-29 23:45:00,2018-05-30 01:20:00
2018,"EIA",9,26,1.01666666666667,25.5737704918033,2018-06-09 08:00:00,2018-06-09 09:00:00
2018,"EIA",10,56,2.26666666666667,24.7058823529412,2018-06-09 21:50:00,2018-06-10 00:05:00
2018,"EIA",11,18,2.18333333333333,8.24427480916031,2018-06-14 10:25:00,2018-06-14 12:35:00
2018,"EIA",12,47,12.4333333333333,3.78016085790885,2018-06-18 22:40:00,2018-06-19 11:05:00
2018,"EIA",13,12,7.76666666666667,1.5450643776824,2018-06-20 16:00:00,2018-06-20 23:45:00
2018,"EIA",14,64,3.43333333333333,18.6407766990291,2018-06-21 11:15:00,2018-06-21 14:40:00
2018,"EIA",15,3,3.18333333333333,0.942408376963351,2018-06-25 20:40:00,2018-06-25 23:50:00
2018,"EIA",16,5,0.1,50,2018-06-26 05:55:00,2018-06-26 06:00:00
2018,"EIA",17,3,0.85,3.52941176470588,2018-06-26 12:10:00,2018-06-26 13:00:00
2018,"EIA",18,16,5.51666666666667,2.90030211480363,2018-06-30 22:25:00,2018-07-01 03:55:00
2018,"EIA",19,14,9.51666666666667,1.47110332749562,2018-07-13 19:35:00,2018-07-14 05:05:00
2018,"EIA",20,33,5.93333333333333,5.56179775280899,2018-07-19 05:20:00,2018-07-19 11:15:00
2018,"EIA",21,5,0.35,14.2857142857143,2018-07-25 22:25:00,2018-07-25 22:45:00
2018,"EIA",22,6,0.433333333333333,13.8461538461538,2018-07-30 16:00:00,2018-07-30 16:25:00
2018,"EIA",23,7,0.266666666666667,26.25,2018-08-07 18:45:00,2018-08-07 19:00:00
2018,"EIA",24,32,5.26666666666667,6.07594936708861,2018-08-15 14:20:00,2018-08-15 19:35:00
2018,"EIA",25,3,0.183333333333333,16.3636363636364,2018-08-16 16:30:00,2018-08-16 16:40:00
2018,"EIA",26,26,16.1,1.61490683229814,2018-08-20 05:20:00,2018-08-20 21:25:00
2018,"EIA",27,14,0.433333333333333,32.3076923076923,2018-08-24 05:30:00,2018-08-24 05:55:00
2018,"EIA",28,12,0.1,120,2018-08-28 18:15:00,2018-08-28 18:20:00
2018,"EIA",29,21,4.6,4.56521739130435,2018-09-01 03:10:00,2018-09-01 07:45:00
2018,"EIA",30,52,7.93333333333333,6.5546218487395,2018-09-03 02:25:00,2018-09-03 10:20:00
2018,"EIA",31,32,6.51666666666667,4.91048593350384,2018-09-05 07:20:00,2018-09-05 13:50:00
2018,"EIA",32,17,4.68333333333333,3.62989323843416,2018-09-18 10:20:00,2018-09-18 15:00:00
2018,"EIA",33,31,3.18333333333333,9.73821989528796,2018-09-19 11:25:00,2018-09-19 14:35:00
2018,"EIA",34,6,0.683333333333333,8.78048780487805,2018-09-21 00:20:00,2018-09-21 01:00:00
2018,"EIA",35,12,0.433333333333333,27.6923076923077,2018-09-25 13:15:00,2018-09-25 13:40:00
2018,"EIA",36,4,0.266666666666667,15,2018-09-29 16:30:00,2018-09-29 16:45:00
2018,"EIA",37,11,1.51666666666667,7.25274725274725,2018-10-01 18:10:00,2018-10-01 19:40:00
2018,"EIA",38,25,8.43333333333333,2.96442687747036,2018-10-05 18:20:00,2018-10-06 02:45:00
2018,"EIA",39,14,2.01666666666667,6.94214876033058,2018-10-07 18:40:00,2018-10-07 20:40:00
2018,"EIA",40,21,1.93333333333333,10.8620689655172,2018-10-08 04:00:00,2018-10-08 05:55:00
2018,"EIA",41,3,0.1,30,2018-10-09 06:55:00,2018-10-09 07:00:00
2018,"EIA",42,12,1.1,10.9090909090909,2018-10-10 04:15:00,2018-10-10 05:20:00
2016,"HOE",1,8.64,2.01666666666667,4.28429752066116,2016-09-09 04:00:00,2016-09-09 06:00:00
2016,"HOE",2,17.26,2.01666666666667,8.55867768595041,2016-09-09 08:00:00,2016-09-09 10:00:00
2016,"HOE",3,3.55,1.01666666666667,3.49180327868853,2016-09-09 14:00:00,2016-09-09 15:00:00
2016,"HOE",4,63.99,16.0166666666667,3.9952133194589,2016-09-15 07:00:00,2016-09-15 23:00:00
2016,"HOE",5,3,0.0166666666666667,180,2016-09-24 16:50:00,2016-09-24 16:50:00
2016,"HOE",6,11,1.68333333333333,6.53465346534653,2016-09-25 03:05:00,2016-09-25 04:45:00
2016,"HOE",7,45,6.76666666666667,6.65024630541872,2016-10-04 18:25:00,2016-10-05 01:10:00
2016,"HOE",8,13,3.01666666666667,4.30939226519337,2016-10-06 18:45:00,2016-10-06 21:45:00
2016,"HOE",9,29,6.68333333333333,4.33915211970075,2016-10-25 18:15:00,2016-10-26 00:55:00
2016,"HOE",10,29.45,11.0166666666667,2.6732223903177,2016-09-09 04:00:00,2016-09-09 15:00:00
2017,"HOE",1,6,0.0166666666666667,360,2017-04-17 13:55:00,2017-04-17 13:55:00
2017,"HOE",2,9,1.26666666666667,7.10526315789474,2017-04-18 06:35:00,2017-04-18 07:50:00
2017,"HOE",3,8,1.35,5.92592592592593,2017-04-19 12:15:00,2017-04-19 13:35:00
2017,"HOE",4,4,8.6,0.465116279069767,2017-04-25 11:35:00,2017-04-25 20:10:00
2017,"HOE",5,21,1.85,11.3513513513514,2017-04-30 19:55:00,2017-04-30 21:45:00
2017,"HOE",6,7,0.35,20,2017-05-16 08:35:00,2017-05-16 08:55:00
2017,"HOE",7,12,7.1,1.69014084507042,2017-05-16 22:50:00,2017-05-17 05:55:00
2017,"HOE",8,11,3.35,3.28358208955224,2017-05-17 14:30:00,2017-05-17 17:50:00
2017,"HOE",9,23,11.6,1.98275862068966,2017-05-20 01:10:00,2017-05-20 12:45:00
2017,"HOE",10,10,2.6,3.84615384615385,2017-06-12 11:40:00,2017-06-12 14:15:00
2017,"HOE",11,4,2.76666666666667,1.44578313253012,2017-06-14 00:15:00,2017-06-14 03:00:00
2017,"HOE",12,8,0.683333333333333,11.7073170731707,2017-06-18 18:40:00,2017-06-18 19:20:00
2017,"HOE",13,51,5.6,9.10714285714286,2017-06-28 01:10:00,2017-06-28 06:45:00
2017,"HOE",14,4,0.433333333333333,9.23076923076923,2017-07-26 06:00:00,2017-07-26 06:25:00
2017,"HOE",15,7,0.35,20,2017-08-01 17:40:00,2017-08-01 18:00:00
2017,"HOE",16,3,2.01666666666667,1.48760330578512,2017-08-09 09:10:00,2017-08-09 11:10:00
2017,"HOE",17,58.92,5.01666666666667,11.7448504983389,2017-08-21 12:00:00,2017-08-21 17:00:00
2018,"HOE",1,37,5.93333333333333,6.23595505617978,2018-06-17 22:50:00,2018-06-18 04:45:00
2018,"HOE",2,6,0.0166666666666667,360,2018-06-18 14:15:00,2018-06-18 14:15:00
2018,"HOE",3,80,15.9333333333333,5.02092050209205,2018-06-20 15:45:00,2018-06-21 07:40:00
2018,"HOE",4,49,7.68333333333333,6.37744034707158,2018-06-24 16:40:00,2018-06-25 00:20:00
2018,"HOE",5,15,0.683333333333333,21.9512195121951,2018-06-25 22:15:00,2018-06-25 22:55:00
2018,"HOE",6,46,6.93333333333333,6.63461538461538,2018-07-01 00:45:00,2018-07-01 07:40:00
2018,"HOE",7,19,0.683333333333333,27.8048780487805,2018-07-04 11:05:00,2018-07-04 11:45:00
2018,"HOE",8,5,0.35,14.2857142857143,2018-07-10 10:40:00,2018-07-10 11:00:00
2018,"HOE",9,25,14.9333333333333,1.67410714285714,2018-07-12 20:50:00,2018-07-13 11:45:00
2018,"HOE",10,4,0.266666666666667,15,2018-08-04 10:05:00,2018-08-04 10:20:00
2018,"HOE",11,72.6,45.0166666666667,1.61273602369493,2018-09-03 06:00:00,2018-09-05 03:00:00
2018,"HOE",12,69.32,57.0166666666667,1.21578485822859,2018-09-17 14:00:00,2018-09-19 23:00:00
2018,"HOE",13,3,1.01666666666667,2.95081967213115,2018-10-12 11:35:00,2018-10-12 12:35:00
2019,"HOE",1,10,0.0166666666666667,600,2019-04-26 14:50:00,2019-04-26 14:50:00
2019,"HOE",2,199.62,794.016666666667,0.251405302155706,2019-04-27 06:00:00,2019-05-30 08:00:00
2019,"HOE",3,27.18,1.01666666666667,26.7344262295082,2019-06-05 03:00:00,2019-06-05 04:00:00
2019,"HOE",4,8.88,19.0166666666667,0.466958808063103,2019-06-11 12:00:00,2019-06-12 07:00:00
2019,"HOE",5,62.71,287.016666666667,0.218489054061901,2019-06-15 19:00:00,2019-06-27 18:00:00
2019,"HOE",6,11.44,85.0166666666667,0.134561850617526,2019-07-02 02:00:00,2019-07-05 15:00:00
2019,"HOE",7,9.14,2.01666666666667,4.53223140495868,2019-07-09 15:00:00,2019-07-09 17:00:00
2019,"HOE",8,78.48,99.0166666666667,0.792593839420973,2019-07-13 13:00:00,2019-07-17 16:00:00
2019,"HOE",9,4,0.0166666666666667,240,2019-07-18 10:55:00,2019-07-18 10:55:00
2019,"HOE",10,10,3.51666666666667,2.8436018957346,2019-07-20 07:10:00,2019-07-20 10:40:00
2019,"HOE",11,9,1.01666666666667,8.85245901639344,2019-07-28 15:15:00,2019-07-28 16:15:00
2019,"HOE",12,4,2.01666666666667,1.98347107438017,2019-08-05 17:05:00,2019-08-05 19:05:00
2019,"HOE",13,10,0.433333333333333,23.0769230769231,2019-08-17 23:40:00,2019-08-18 00:05:00
2019,"HOE",14,8,2.18333333333333,3.66412213740458,2019-09-08 07:50:00,2019-09-08 10:00:00
2019,"HOE",15,12,2.93333333333333,4.09090909090909,2019-09-09 08:05:00,2019-09-09 11:00:00
2019,"HOE",16,23,5.76666666666667,3.98843930635838,2019-09-10 23:25:00,2019-09-11 05:10:00
2019,"HOE",17,25,6.1,4.09836065573771,2019-09-12 00:35:00,2019-09-12 06:40:00
2019,"HOE",18,25,3.43333333333333,7.28155339805825,2019-09-18 02:50:00,2019-09-18 06:15:00
2019,"HOE",19,20,0.85,23.5294117647059,2019-09-19 00:45:00,2019-09-19 01:35:00
2019,"HOE",20,3,0.1,30,2019-09-24 18:45:00,2019-09-24 18:50:00
2019,"HOE",21,38,17.2666666666667,2.2007722007722,2019-09-30 23:25:00,2019-10-01 16:40:00
2019,"HOE",22,38,5.1,7.45098039215686,2019-10-05 02:10:00,2019-10-05 07:15:00
2019,"HOE",23,20,0.1,200,2019-04-26 14:45:00,2019-04-26 14:50:00
2020,"HOE",1,49,15.7666666666667,3.10782241014799,2020-05-16 21:55:00,2020-05-17 13:40:00
2020,"HOE",2,5,1.85,2.7027027027027,2020-05-23 04:30:00,2020-05-23 06:20:00
2020,"HOE",3,10,1.1,9.09090909090909,2020-05-24 06:30:00,2020-05-24 07:35:00
2020,"HOE",4,3,0.183333333333333,16.3636363636364,2020-05-25 18:25:00,2020-05-25 18:35:00
2020,"HOE",5,3,0.183333333333333,16.3636363636364,2020-05-26 04:30:00,2020-05-26 04:40:00
2020,"HOE",6,8,0.516666666666667,15.4838709677419,2020-06-02 18:40:00,2020-06-02 19:10:00
2020,"HOE",7,8,0.35,22.8571428571429,2020-06-05 00:05:00,2020-06-05 00:25:00
2020,"HOE",8,7,3.93333333333333,1.77966101694915,2020-06-09 21:30:00,2020-06-10 01:25:00
2020,"HOE",9,16,1.68333333333333,9.5049504950495,2020-06-18 17:50:00,2020-06-18 19:30:00
2020,"HOE",10,12,4.43333333333333,2.70676691729323,2020-06-21 16:50:00,2020-06-21 21:15:00
2020,"HOE",11,6,0.683333333333333,8.78048780487805,2020-07-01 05:25:00,2020-07-01 06:05:00
2020,"HOE",12,29,2.51666666666667,11.523178807947,2020-07-06 04:55:00,2020-07-06 07:25:00
2020,"HOE",13,44,3.35,13.134328358209,2020-07-26 04:00:00,2020-07-26 07:20:00
2020,"HOE",14,14,2.26666666666667,6.17647058823529,2020-08-06 04:00:00,2020-08-06 06:15:00
2020,"HOE",15,12,0.933333333333333,12.8571428571429,2020-08-21 03:15:00,2020-08-21 04:10:00
2020,"HOE",16,9,0.35,25.7142857142857,2020-08-28 06:00:00,2020-08-28 06:20:00
2020,"HOE",17,7,0.183333333333333,38.1818181818182,2020-08-31 06:15:00,2020-08-31 06:25:00
2020,"HOE",18,3,2.76666666666667,1.08433734939759,2020-09-11 19:05:00,2020-09-11 21:50:00
2020,"HOE",19,28,8.6,3.25581395348837,2020-10-11 20:45:00,2020-10-12 05:20:00
2021,"HOE",1,5,0.933333333333333,5.35714285714286,2021-04-08 01:40:00,2021-04-08 02:35:00
2021,"HOE",2,9,0.683333333333333,13.1707317073171,2021-04-25 12:15:00,2021-04-25 12:55:00
2021,"HOE",3,4,0.183333333333333,21.8181818181818,2021-05-15 02:55:00,2021-05-15 03:05:00
2021,"HOE",4,23,5.35,4.29906542056075,2021-05-19 13:05:00,2021-05-19 18:25:00
2021,"HOE",5,5,1.35,3.7037037037037,2021-05-25 03:20:00,2021-05-25 04:40:00
2021,"HOE",6,23,6.35,3.62204724409449,2021-05-27 02:35:00,2021-05-27 08:55:00
2021,"HOE",7,3,2.93333333333333,1.02272727272727,2021-06-27 12:20:00,2021-06-27 15:15:00
2021,"HOE",8,15,1.26666666666667,11.8421052631579,2021-06-28 15:25:00,2021-06-28 16:40:00
2021,"HOE",9,14,8.18333333333333,1.71079429735234,2021-07-06 16:20:00,2021-07-07 00:30:00
2021,"HOE",10,3,2.93333333333333,1.02272727272727,2021-07-09 02:20:00,2021-07-09 05:15:00
2021,"HOE",11,22,2.43333333333333,9.04109589041096,2021-07-10 12:40:00,2021-07-10 15:05:00
2021,"HOE",12,34,6.6,5.15151515151515,2021-07-14 07:30:00,2021-07-14 14:05:00
2021,"HOE",13,3,0.933333333333333,3.21428571428571,2021-07-24 04:35:00,2021-07-24 05:30:00
2021,"HOE",14,6,1.76666666666667,3.39622641509434,2021-07-30 13:25:00,2021-07-30 15:10:00
2021,"HOE",15,20,0.933333333333333,21.4285714285714,2021-08-20 16:35:00,2021-08-20 17:30:00
2021,"HOE",16,3,0.183333333333333,16.3636363636364,2021-08-24 10:40:00,2021-08-24 10:50:00
2021,"HOE",17,29,6.01666666666667,4.81994459833795,2021-08-27 01:45:00,2021-08-27 07:45:00
2021,"HOE",18,35,2.51666666666667,13.9072847682119,2021-08-28 22:25:00,2021-08-29 00:55:00
2021,"HOE",19,32,14.35,2.22996515679442,2021-09-02 11:30:00,2021-09-03 01:50:00
2021,"HOE",20,11,0.35,31.4285714285714,2021-09-05 16:15:00,2021-09-05 16:35:00
2021,"HOE",21,18,6.43333333333333,2.7979274611399,2021-09-20 05:25:00,2021-09-20 11:50:00
2021,"HOE",22,19,4.26666666666667,4.453125,2021-09-30 08:00:00,2021-09-30 12:15:00
2021,"HOE",23,59,6.6,8.93939393939394,2021-09-30 19:55:00,2021-10-01 02:30:00
2021,"MCN",1,43,5.6,7.67857142857143,2021-05-08 21:40:00,2021-05-09 03:15:00
2021,"MCN",2,7,1.51666666666667,4.61538461538462,2021-05-16 23:30:00,2021-05-17 01:00:00
2021,"MCN",3,6,0.683333333333333,8.78048780487805,2021-05-18 08:30:00,2021-05-18 09:10:00
2021,"MCN",4,23,2.85,8.07017543859649,2021-06-18 22:50:00,2021-06-19 01:40:00
2021,"MCN",5,18,2.6,6.92307692307692,2021-06-20 04:35:00,2021-06-20 07:10:00
2021,"MCN",6,3,1.51666666666667,1.97802197802198,2021-06-24 06:00:00,2021-06-24 07:30:00
2021,"MCN",7,44,3.1,14.1935483870968,2021-06-24 20:05:00,2021-06-24 23:10:00
2021,"MCN",8,3,0.266666666666667,11.25,2021-07-07 16:30:00,2021-07-07 16:45:00
2021,"MCN",9,3,4.1,0.731707317073171,2021-07-09 05:05:00,2021-07-09 09:10:00
2021,"MCN",10,79,3.76666666666667,20.9734513274336,2021-07-10 03:45:00,2021-07-10 07:30:00
2021,"MCN",11,18,1.85,9.72972972972973,2021-07-10 18:10:00,2021-07-10 20:00:00
2021,"MCN",12,71,3.6,19.7222222222222,2021-07-14 23:05:00,2021-07-15 02:40:00
2021,"MCN",13,22,3.85,5.71428571428571,2021-07-31 01:50:00,2021-07-31 05:40:00
2021,"MCN",14,8,7.6,1.05263157894737,2021-10-14 12:00:00,2021-10-14 19:35:00
2021,"MCN",15,35,1.01666666666667,34.4262295081967,2021-10-15 18:35:00,2021-10-15 19:35:00
2021,"MCN",16,31,0.516666666666667,60,2021-10-16 11:10:00,2021-10-16 11:40:00
2021,"MCN",17,524,16.6,31.566265060241,2021-10-21 20:10:00,2021-10-22 12:45:00
2021,"MCN",18,35.03,40.0166666666667,0.875385256143274,2021-10-24 04:00:00,2021-10-25 20:00:00
2021,"MCN",19,16,1.85,8.64864864864865,2021-04-07 17:30:00,2021-04-07 19:20:00
2018,"RHO",1,23,3.6,6.38888888888889,2018-05-01 19:30:00,2018-05-01 23:05:00
2018,"RHO",2,5,2.43333333333333,2.05479452054795,2018-05-02 19:45:00,2018-05-02 22:10:00
2018,"RHO",3,13,7.1,1.83098591549296,2018-05-03 13:10:00,2018-05-03 20:15:00
2018,"RHO",4,16,1.43333333333333,11.1627906976744,2018-05-12 02:20:00,2018-05-12 03:45:00
2018,"RHO",5,8,1.68333333333333,4.75247524752475,2018-05-19 14:05:00,2018-05-19 15:45:00
2018,"RHO",6,14,1.26666666666667,11.0526315789474,2018-06-02 06:30:00,2018-06-02 07:45:00
2018,"RHO",7,6,0.933333333333333,6.42857142857143,2018-06-06 17:50:00,2018-06-06 18:45:00
2018,"RHO",8,139,6.35,21.8897637795276,2018-06-14 04:20:00,2018-06-14 10:40:00
2018,"RHO",9,20,3.51666666666667,5.68720379146919,2018-06-19 01:15:00,2018-06-19 04:45:00
2018,"RHO",10,21,1.1,19.0909090909091,2018-06-20 03:35:00,2018-06-20 04:40:00
2018,"RHO",11,11,5.35,2.05607476635514,2018-06-20 13:55:00,2018-06-20 19:15:00
2018,"RHO",12,4,0.1,40,2018-06-21 15:50:00,2018-06-21 15:55:00
2018,"RHO",13,8,0.85,9.41176470588235,2018-06-24 10:35:00,2018-06-24 11:25:00
2018,"RHO",14,76,9.85,7.71573604060914,2018-06-25 17:10:00,2018-06-26 03:00:00
2018,"RHO",15,6,2.85,2.10526315789474,2018-06-26 13:10:00,2018-06-26 16:00:00
2018,"RHO",16,61,7.26666666666667,8.39449541284404,2018-06-30 19:35:00,2018-07-01 02:50:00
2018,"RHO",17,7,0.1,70,2018-07-04 18:00:00,2018-07-04 18:05:00
2018,"RHO",18,7,0.183333333333333,38.1818181818182,2018-07-05 01:20:00,2018-07-05 01:30:00
2018,"RHO",19,3,0.1,30,2018-07-13 15:35:00,2018-07-13 15:40:00
2018,"RHO",20,15,0.266666666666667,56.25,2018-07-25 22:00:00,2018-07-25 22:15:00
2018,"RHO",21,4,0.183333333333333,21.8181818181818,2018-08-05 06:20:00,2018-08-05 06:30:00
2018,"RHO",22,30,2.01666666666667,14.8760330578512,2018-08-06 03:30:00,2018-08-06 05:30:00
2018,"RHO",23,33,2.51666666666667,13.112582781457,2018-08-07 05:25:00,2018-08-07 07:55:00
2018,"RHO",24,4,0.1,40,2018-08-07 20:00:00,2018-08-07 20:05:00
2018,"RHO",25,4,0.35,11.4285714285714,2018-08-14 20:55:00,2018-08-14 21:15:00
2018,"RHO",26,19,6.1,3.11475409836066,2018-08-20 02:40:00,2018-08-20 08:45:00
2018,"RHO",27,7,1.93333333333333,3.62068965517241,2018-08-20 16:10:00,2018-08-20 18:05:00
2018,"RHO",28,7,0.433333333333333,16.1538461538462,2018-08-27 05:05:00,2018-08-27 05:30:00
2018,"RHO",29,12,4.51666666666667,2.65682656826568,2018-08-28 13:45:00,2018-08-28 18:15:00
2018,"RHO",30,56,5.26666666666667,10.6329113924051,2018-09-01 19:55:00,2018-09-02 01:10:00
2018,"RHO",31,26,6.76666666666667,3.84236453201971,2018-09-03 06:05:00,2018-09-03 12:50:00
2018,"RHO",32,13,2.76666666666667,4.69879518072289,2018-09-04 18:35:00,2018-09-04 21:20:00
2018,"RHO",33,9,3.68333333333333,2.44343891402715,2018-09-05 05:15:00,2018-09-05 08:55:00
2018,"RHO",34,6,0.266666666666667,22.5,2018-09-18 10:35:00,2018-09-18 10:50:00
2018,"RHO",35,25,3.6,6.94444444444444,2018-09-19 09:40:00,2018-09-19 13:15:00
2018,"RHO",36,13,1.6,8.125,2018-09-20 22:25:00,2018-09-21 00:00:00
2018,"RHO",37,22,1.35,16.2962962962963,2018-09-25 11:10:00,2018-09-25 12:30:00
2018,"RHO",38,3,0.35,8.57142857142857,2018-09-30 21:25:00,2018-09-30 21:45:00
2018,"RHO",39,5,0.1,50,2018-10-03 20:30:00,2018-10-03 20:35:00
2018,"RHO",40,8,4.01666666666667,1.99170124481328,2018-10-05 17:10:00,2018-10-05 21:10:00
2018,"RHO",41,4,0.433333333333333,9.23076923076923,2018-10-08 03:55:00,2018-10-08 04:20:00
2018,"RHO",42,16,1.26666666666667,12.6315789473684,2018-10-08 20:45:00,2018-10-08 22:00:00
2019,"RHO",1,5,0.433333333333333,11.5384615384615,2019-04-07 05:35:00,2019-04-07 06:00:00
2019,"RHO",2,4,0.766666666666667,5.21739130434783,2019-04-10 01:35:00,2019-04-10 02:20:00
2019,"RHO",3,15,0.35,42.8571428571429,2019-04-17 16:25:00,2019-04-17 16:45:00
2019,"RHO",4,9,0.766666666666667,11.7391304347826,2019-04-28 22:30:00,2019-04-28 23:15:00
2019,"RHO",5,3,0.433333333333333,6.92307692307692,2019-05-06 00:15:00,2019-05-06 00:40:00
2019,"RHO",6,11,9.85,1.11675126903553,2019-05-08 03:45:00,2019-05-08 13:35:00
2019,"RHO",7,12,1.26666666666667,9.47368421052632,2019-05-14 08:25:00,2019-05-14 09:40:00
2019,"RHO",8,15,11.85,1.26582278481013,2019-05-17 04:25:00,2019-05-17 16:15:00
2019,"RHO",9,24,7.51666666666667,3.19290465631929,2019-05-18 16:55:00,2019-05-19 00:25:00
2019,"RHO",10,28,5.68333333333333,4.9266862170088,2019-05-21 13:10:00,2019-05-21 18:50:00
2019,"RHO",11,57,8.35,6.82634730538922,2019-05-23 23:50:00,2019-05-24 08:10:00
2019,"RHO",12,3,0.1,30,2019-05-27 07:35:00,2019-05-27 07:40:00
2019,"RHO",13,5,0.766666666666667,6.52173913043478,2019-05-28 08:10:00,2019-05-28 08:55:00
2019,"RHO",14,11,0.85,12.9411764705882,2019-05-28 15:35:00,2019-05-28 16:25:00
2019,"RHO",15,6,0.6,10,2019-05-29 00:55:00,2019-05-29 01:30:00
2019,"RHO",16,4,0.1,40,2019-06-03 22:00:00,2019-06-03 22:05:00
2019,"RHO",17,8,0.183333333333333,43.6363636363636,2019-06-05 06:55:00,2019-06-05 07:05:00
2019,"RHO",18,7,0.85,8.23529411764706,2019-06-15 17:35:00,2019-06-15 18:25:00
2019,"RHO",19,40,2.01666666666667,19.8347107438017,2019-06-21 07:50:00,2019-06-21 09:50:00
2019,"RHO",20,13,0.35,37.1428571428572,2019-06-22 10:05:00,2019-06-22 10:25:00
2019,"RHO",21,3,0.183333333333333,16.3636363636364,2019-06-22 22:45:00,2019-06-22 22:55:00
2019,"RHO",22,4,0.183333333333333,21.8181818181818,2019-06-28 09:50:00,2019-06-28 10:00:00
2019,"RHO",23,19,8.26666666666667,2.29838709677419,2019-07-02 18:55:00,2019-07-03 03:10:00
2019,"RHO",24,4,0.1,40,2019-07-03 17:05:00,2019-07-03 17:10:00
2019,"RHO",25,11,0.433333333333333,25.3846153846154,2019-07-17 11:25:00,2019-07-17 11:50:00
2019,"RHO",26,3,2.18333333333333,1.37404580152672,2019-07-28 21:45:00,2019-07-28 23:55:00
2019,"RHO",27,8,0.35,22.8571428571429,2019-08-05 22:50:00,2019-08-05 23:10:00
2019,"RHO",28,5,0.433333333333333,11.5384615384615,2019-08-12 07:00:00,2019-08-12 07:25:00
2019,"RHO",29,21,3.85,5.45454545454545,2019-08-18 03:15:00,2019-08-18 07:05:00
2019,"RHO",30,30,0.85,35.2941176470588,2019-08-20 05:30:00,2019-08-20 06:20:00
2019,"RHO",31,4,2.18333333333333,1.83206106870229,2019-09-07 16:40:00,2019-09-07 18:50:00
2019,"RHO",32,5,0.35,14.2857142857143,2019-09-08 03:25:00,2019-09-08 03:45:00
2019,"RHO",33,3,0.1,30,2019-09-09 06:25:00,2019-09-09 06:30:00
2019,"RHO",34,14,7.35,1.9047619047619,2019-09-09 22:55:00,2019-09-10 06:15:00
2019,"RHO",35,27,3.85,7.01298701298701,2019-09-22 01:20:00,2019-09-22 05:10:00
2019,"RHO",36,7,2.93333333333333,2.38636363636364,2019-10-01 05:30:00,2019-10-01 08:25:00
2019,"RHO",37,45,7.35,6.12244897959184,2019-10-01 17:10:00,2019-10-02 00:30:00
2019,"RHO",38,5,4.18333333333333,1.19521912350598,2019-10-02 13:15:00,2019-10-02 17:25:00
2019,"RHO",39,27,4.93333333333333,5.47297297297297,2019-10-05 06:10:00,2019-10-05 11:05:00
2019,"RHO",40,5,1.98333333333333,2.52100840336134,2019-10-09 21:18:00,2019-10-09 23:16:00
2019,"RHO",41,11,1.98333333333333,5.54621848739496,2019-10-10 07:38:00,2019-10-10 09:36:00
2019,"RHO",42,16,7.01666666666667,2.28028503562945,2019-10-21 01:25:00,2019-10-21 08:25:00
2020,"RHO",1,4,0.183333333333333,21.8181818181818,2020-03-28 16:15:00,2020-03-28 16:25:00
2020,"RHO",2,7,0.766666666666667,9.1304347826087,2020-05-13 16:30:00,2020-05-13 17:15:00
2020,"RHO",3,32,4.18333333333333,7.64940239043825,2020-05-16 23:45:00,2020-05-17 03:55:00
2020,"RHO",4,12,5.01666666666667,2.39202657807309,2020-05-23 04:15:00,2020-05-23 09:15:00
2020,"RHO",5,10,2.26666666666667,4.41176470588235,2020-05-25 17:45:00,2020-05-25 20:00:00
2020,"RHO",6,3,0.1,30,2020-05-26 17:15:00,2020-05-26 17:20:00
2020,"RHO",7,7,1.35,5.18518518518519,2020-05-28 06:00:00,2020-05-28 07:20:00
2020,"RHO",8,13,0.35,37.1428571428572,2020-06-03 04:40:00,2020-06-03 05:00:00
2020,"RHO",9,6,0.1,60,2020-06-05 05:30:00,2020-06-05 05:35:00
2020,"RHO",10,35,4.93333333333333,7.09459459459459,2020-06-09 09:40:00,2020-06-09 14:35:00
2020,"RHO",11,17,4.68333333333333,3.62989323843416,2020-06-10 06:40:00,2020-06-10 11:20:00
2020,"RHO",12,22,1.43333333333333,15.3488372093023,2020-06-19 17:20:00,2020-06-19 18:45:00
2020,"RHO",13,8,0.683333333333333,11.7073170731707,2020-06-20 03:10:00,2020-06-20 03:50:00
2020,"RHO",14,20,6.1,3.27868852459016,2020-06-22 07:05:00,2020-06-22 13:10:00
2020,"RHO",15,6,0.183333333333333,32.7272727272727,2020-06-25 14:50:00,2020-06-25 15:00:00
2020,"RHO",16,8,3.1,2.58064516129032,2020-06-26 05:05:00,2020-06-26 08:10:00
2020,"RHO",17,3,0.35,8.57142857142857,2020-07-09 14:55:00,2020-07-09 15:15:00
2020,"RHO",18,4,0.1,40,2020-07-11 18:05:00,2020-07-11 18:10:00
2020,"RHO",19,12,3.51666666666667,3.41232227488152,2020-07-14 16:40:00,2020-07-14 20:10:00
2020,"RHO",20,10,0.6,16.6666666666667,2020-07-21 21:45:00,2020-07-21 22:20:00
2020,"RHO",21,21,0.35,60,2020-08-10 11:30:00,2020-08-10 11:50:00
2020,"RHO",22,30,9.35,3.20855614973262,2020-09-07 21:35:00,2020-09-08 06:55:00
2020,"RHO",23,11,5.68333333333333,1.93548387096774,2020-09-08 14:00:00,2020-09-08 19:40:00
2020,"RHO",24,15,8.93333333333333,1.67910447761194,2020-09-09 07:15:00,2020-09-09 16:10:00
2020,"RHO",25,16,5.18333333333333,3.08681672025723,2020-09-11 08:35:00,2020-09-11 13:45:00
2020,"RHO",26,6,6.85,0.875912408759124,2020-09-11 22:20:00,2020-09-12 05:10:00
2020,"RHO",27,19,6.1,3.11475409836066,2020-06-22 07:05:00,2020-06-22 13:10:00
2021,"RHO",1,9,1.26666666666667,7.10526315789474,2021-03-23 18:35:00,2021-03-23 19:50:00
2021,"RHO",2,12,3.6,3.33333333333333,2021-04-07 17:45:00,2021-04-07 21:20:00
2021,"RHO",3,3,0.1,30,2021-05-03 02:15:00,2021-05-03 02:20:00
2021,"RHO",4,8,1.1,7.27272727272727,2021-05-08 21:05:00,2021-05-08 22:10:00
2021,"RHO",5,6,1.18333333333333,5.07042253521127,2021-05-15 00:35:00,2021-05-15 01:45:00
2021,"RHO",6,28,0.433333333333333,64.6153846153846,2021-05-15 17:50:00,2021-05-15 18:15:00
2021,"RHO",7,4,0.266666666666667,15,2021-05-20 03:35:00,2021-05-20 03:50:00
2021,"RHO",8,5,7.51666666666667,0.665188470066519,2021-05-20 16:55:00,2021-05-21 00:25:00
2021,"RHO",9,12,6.26666666666667,1.91489361702128,2021-05-27 06:25:00,2021-05-27 12:40:00
2021,"RHO",10,16,4.76666666666667,3.35664335664336,2021-06-20 05:35:00,2021-06-20 10:20:00
2021,"RHO",11,8,4.93333333333333,1.62162162162162,2021-06-22 17:00:00,2021-06-22 21:55:00
2021,"RHO",12,7,2.43333333333333,2.87671232876712,2021-07-09 04:20:00,2021-07-09 06:45:00
2021,"RHO",13,6,2.26666666666667,2.64705882352941,2021-07-10 02:55:00,2021-07-10 05:10:00
2021,"RHO",14,97,2.85,34.0350877192982,2021-07-14 18:40:00,2021-07-14 21:30:00
2021,"RHO",15,12,2.26666666666667,5.29411764705882,2021-07-31 00:30:00,2021-07-31 02:45:00
2021,"RHO",16,3,0.433333333333333,6.92307692307692,2021-08-05 04:30:00,2021-08-05 04:55:00
2021,"RHO",17,5,0.433333333333333,11.5384615384615,2021-08-07 23:45:00,2021-08-08 00:10:00
2021,"RHO",18,26,0.516666666666667,50.3225806451613,2021-08-21 00:55:00,2021-08-21 01:25:00
2021,"RHO",19,21,1.6,13.125,2021-08-31 00:05:00,2021-08-31 01:40:00
2021,"RHO",20,4,4.51666666666667,0.885608856088561,2021-09-03 04:20:00,2021-09-03 08:50:00
2021,"RHO",21,4,0.266666666666667,15,2021-09-20 16:55:00,2021-09-20 17:10:00
2021,"RHO",22,3,2.18333333333333,1.37404580152672,2021-09-30 03:45:00,2021-09-30 05:55:00
2021,"RHO",23,5,0.266666666666667,18.75,2021-09-30 17:30:00,2021-09-30 17:45:00
2021,"RHO",24,3,0.183333333333333,16.3636363636364,2021-10-01 16:00:00,2021-10-01 16:10:00
2021,"RHO",25,23,1.93333333333333,11.8965517241379,2021-10-13 05:50:00,2021-10-13 07:45:00
2021,"RHO",26,3,1.68333333333333,1.78217821782178,2021-10-20 04:35:00,2021-10-20 06:15:00
2021,"RHO",27,58,16.1,3.60248447204969,2021-10-24 06:30:00,2021-10-24 22:35:00
2016,"WHI",1,13,0.766666666666667,16.9565217391304,2016-07-07 01:45:00,2016-07-07 02:30:00
2016,"WHI",2,24,1.35,17.7777777777778,2016-07-11 22:10:00,2016-07-11 23:30:00
2016,"WHI",3,4,0.1,40,2016-07-13 10:40:00,2016-07-13 10:45:00
2016,"WHI",4,8,0.266666666666667,30,2016-07-13 17:15:00,2016-07-13 17:30:00
2016,"WHI",5,14,5.26666666666667,2.65822784810127,2016-07-17 04:15:00,2016-07-17 09:30:00
2016,"WHI",6,14,1.26666666666667,11.0526315789474,2016-07-18 02:55:00,2016-07-18 04:10:00
2016,"WHI",7,10,0.683333333333333,14.6341463414634,2016-07-19 11:45:00,2016-07-19 12:25:00
2016,"WHI",8,63,5.76666666666667,10.9248554913295,2016-08-01 04:50:00,2016-08-01 10:35:00
2016,"WHI",9,6,0.266666666666667,22.5,2016-08-02 05:50:00,2016-08-02 06:05:00
2016,"WHI",10,4,0.266666666666667,15,2016-08-11 08:05:00,2016-08-11 08:20:00
2016,"WHI",11,52,4.85,10.7216494845361,2016-08-11 18:10:00,2016-08-11 23:00:00
2016,"WHI",12,4,0.266666666666667,15,2016-08-19 16:00:00,2016-08-19 16:15:00
2016,"WHI",13,10,5.01666666666667,1.99335548172757,2016-09-07 07:25:00,2016-09-07 12:25:00
2016,"WHI",14,6,0.1,60,2016-09-07 23:05:00,2016-09-07 23:10:00
2016,"WHI",15,17,4.43333333333333,3.83458646616541,2016-09-09 14:30:00,2016-09-09 18:55:00
2016,"WHI",16,4,2.01666666666667,1.98347107438017,2016-09-13 01:25:00,2016-09-13 03:25:00
2016,"WHI",17,75,6.35,11.8110236220472,2016-09-15 21:30:00,2016-09-16 03:50:00
2016,"WHI",18,16,0.933333333333333,17.1428571428571,2016-09-24 17:30:00,2016-09-24 18:25:00
2016,"WHI",19,8,0.6,13.3333333333333,2016-09-25 05:40:00,2016-09-25 06:15:00
2016,"WHI",20,21,6.93333333333333,3.02884615384615,2016-10-04 16:25:00,2016-10-04 23:20:00
2016,"WHI",21,7,0.683333333333333,10.2439024390244,2016-10-06 14:45:00,2016-10-06 15:25:00
2017,"WHI",1,10,1.18333333333333,8.45070422535211,2017-04-14 13:50:00,2017-04-14 15:00:00
2017,"WHI",2,3,0.183333333333333,16.3636363636364,2017-04-18 09:15:00,2017-04-18 09:25:00
2017,"WHI",3,6,0.433333333333333,13.8461538461538,2017-04-19 20:30:00,2017-04-19 20:55:00
2017,"WHI",4,13,1.18333333333333,10.9859154929577,2017-04-28 12:50:00,2017-04-28 14:00:00
2017,"WHI",5,21,8.51666666666667,2.46575342465753,2017-04-30 09:25:00,2017-04-30 17:55:00
2017,"WHI",6,11,2.18333333333333,5.0381679389313,2017-05-08 05:00:00,2017-05-08 07:10:00
2017,"WHI",7,27,7.18333333333333,3.75870069605568,2017-05-10 05:00:00,2017-05-10 12:10:00
2017,"WHI",8,19,3.85,4.93506493506494,2017-05-16 20:30:00,2017-05-17 00:20:00
2017,"WHI",9,14,2.35,5.95744680851064,2017-05-18 23:40:00,2017-05-19 02:00:00
2017,"WHI",10,10,10.85,0.921658986175115,2017-05-19 23:10:00,2017-05-20 10:00:00
2017,"WHI",11,3,0.1,30,2017-05-23 19:00:00,2017-05-23 19:05:00
2017,"WHI",12,6,1.1,5.45454545454545,2017-05-27 10:55:00,2017-05-27 12:00:00
2017,"WHI",13,23,7.18333333333333,3.20185614849188,2017-06-14 01:00:00,2017-06-14 08:10:00
2017,"WHI",14,4,0.1,40,2017-06-16 20:20:00,2017-06-16 20:25:00
2017,"WHI",15,13,0.266666666666667,48.75,2017-06-22 20:15:00,2017-06-22 20:30:00
2017,"WHI",16,7,0.933333333333333,7.5,2017-06-26 06:15:00,2017-06-26 07:10:00
2017,"WHI",17,8,2.6,3.07692307692308,2017-06-28 02:45:00,2017-06-28 05:20:00
2017,"WHI",18,8,0.183333333333333,43.6363636363636,2017-07-02 10:10:00,2017-07-02 10:20:00
2017,"WHI",19,9,0.35,25.7142857142857,2017-07-11 02:35:00,2017-07-11 02:55:00
2017,"WHI",20,12,0.85,14.1176470588235,2017-07-12 15:20:00,2017-07-12 16:10:00
2017,"WHI",21,32,0.6,53.3333333333333,2017-07-20 19:55:00,2017-07-20 20:30:00
2017,"WHI",22,4,1.01666666666667,3.9344262295082,2017-07-26 07:10:00,2017-07-26 08:10:00
2017,"WHI",23,16,1.43333333333333,11.1627906976744,2017-08-03 05:30:00,2017-08-03 06:55:00
2017,"WHI",24,18,4.35,4.13793103448276,2017-08-16 10:10:00,2017-08-16 14:30:00
2017,"WHI",25,5,1.26666666666667,3.94736842105263,2017-08-20 03:25:00,2017-08-20 04:40:00
2017,"WHI",26,20,4.35,4.59770114942529,2017-08-21 00:35:00,2017-08-21 04:55:00
2017,"WHI",27,14,1.18333333333333,11.830985915493,2017-09-16 22:35:00,2017-09-16 23:45:00
2017,"WHI",28,6,0.85,7.05882352941176,2017-09-18 09:05:00,2017-09-18 09:55:00
2017,"WHI",29,15,2.6,5.76923076923077,2017-09-25 14:30:00,2017-09-25 17:05:00
2017,"WHI",30,15,5.01666666666667,2.99003322259136,2017-10-02 03:05:00,2017-10-02 08:05:00
2017,"WHI",31,40,10.0166666666667,3.99334442595674,2017-10-06 15:05:00,2017-10-07 01:05:00
2017,"WHI",32,13,4.26666666666667,3.046875,2017-10-07 08:00:00,2017-10-07 12:15:00
2017,"WHI",33,30,5.6,5.35714285714286,2017-10-10 04:35:00,2017-10-10 10:10:00
2017,"WHI",34,3,0.1,30,2017-10-13 08:05:00,2017-10-13 08:10:00
2017,"WHI",35,6,5.01666666666667,1.19601328903654,2017-10-14 06:25:00,2017-10-14 11:25:00
2017,"WHI",36,7,0.183333333333333,38.1818181818182,2017-10-21 17:10:00,2017-10-21 17:20:00
2018,"WHI",1,9,0.266666666666667,33.75,2018-05-01 04:45:00,2018-05-01 05:00:00
2018,"WHI",2,22,1.18333333333333,18.5915492957746,2018-05-01 19:55:00,2018-05-01 21:05:00
2018,"WHI",3,8,0.85,9.41176470588235,2018-05-02 20:25:00,2018-05-02 21:15:00
2018,"WHI",4,15,0.433333333333333,34.6153846153846,2018-05-03 11:20:00,2018-05-03 11:45:00
2018,"WHI",5,11,1.6,6.875,2018-05-03 18:10:00,2018-05-03 19:45:00
2018,"WHI",6,9,0.516666666666667,17.4193548387097,2018-05-13 10:55:00,2018-05-13 11:25:00
2018,"WHI",7,3,0.516666666666667,5.80645161290323,2018-05-19 14:45:00,2018-05-19 15:15:00
2018,"WHI",8,43,2.93333333333333,14.6590909090909,2018-05-29 17:15:00,2018-05-29 20:10:00
2018,"WHI",9,20,1.93333333333333,10.3448275862069,2018-06-02 04:15:00,2018-06-02 06:10:00
2018,"WHI",10,14,2.51666666666667,5.56291390728477,2018-06-10 07:05:00,2018-06-10 09:35:00
2018,"WHI",11,4,3.43333333333333,1.16504854368932,2018-06-18 17:55:00,2018-06-18 21:20:00
2018,"WHI",12,16,0.0166666666666667,960,2018-06-19 11:30:00,2018-06-19 11:30:00
2018,"WHI",13,10,0.516666666666667,19.3548387096774,2018-06-19 18:35:00,2018-06-19 19:05:00
2018,"WHI",14,5,0.183333333333333,27.2727272727273,2018-06-20 13:45:00,2018-06-20 13:55:00
2018,"WHI",15,7,1.35,5.18518518518519,2018-06-21 16:10:00,2018-06-21 17:30:00
2018,"WHI",16,15,1.51666666666667,9.89010989010989,2018-06-24 15:20:00,2018-06-24 16:50:00
2018,"WHI",17,12,0.0166666666666667,720,2018-06-26 12:10:00,2018-06-26 12:10:00
2018,"WHI",18,29,7.35,3.94557823129252,2018-06-30 20:20:00,2018-07-01 03:40:00
2018,"WHI",19,27,0.683333333333333,39.5121951219512,2018-07-04 23:05:00,2018-07-04 23:45:00
2018,"WHI",20,3,4.76666666666667,0.629370629370629,2018-07-13 16:50:00,2018-07-13 21:35:00
2018,"WHI",21,6,4.51666666666667,1.32841328413284,2018-08-06 00:35:00,2018-08-06 05:05:00
2018,"WHI",22,12,1.26666666666667,9.47368421052632,2018-08-15 16:15:00,2018-08-15 17:30:00
2018,"WHI",23,87,14.1833333333333,6.13396004700353,2018-08-20 00:00:00,2018-08-20 14:10:00
2018,"WHI",24,5,0.266666666666667,18.75,2018-08-28 15:20:00,2018-08-28 15:35:00
2018,"WHI",25,5,0.1,50,2018-09-01 07:30:00,2018-09-01 07:35:00
2018,"WHI",26,14,12.5166666666667,1.1185086551265,2018-09-01 22:15:00,2018-09-02 10:45:00
2018,"WHI",27,4,0.433333333333333,9.23076923076923,2018-09-03 05:20:00,2018-09-03 05:45:00
2018,"WHI",28,19,17.5166666666667,1.08468125594672,2018-09-04 16:30:00,2018-09-05 10:00:00
2018,"WHI",29,7,0.266666666666667,26.25,2018-09-18 14:30:00,2018-09-18 14:45:00
2018,"WHI",30,31,3.85,8.05194805194805,2018-09-20 20:35:00,2018-09-21 00:25:00
2018,"WHI",31,35,2.68333333333333,13.0434782608696,2018-09-25 09:15:00,2018-09-25 11:55:00
2018,"WHI",32,39,14.4333333333333,2.70207852193995,2018-09-30 21:05:00,2018-10-01 11:30:00
2018,"WHI",33,6,1.01666666666667,5.9016393442623,2018-10-08 05:40:00,2018-10-08 06:40:00
2018,"WHI",34,18,1.01666666666667,17.7049180327869,2018-10-08 18:00:00,2018-10-08 19:00:00
2018,"WHI",35,20,4.18333333333333,4.7808764940239,2018-10-09 14:00:00,2018-10-09 18:10:00
2019,"WHI",1,11,4.93333333333333,2.22972972972973,2019-04-27 01:25:00,2019-04-27 06:20:00
2019,"WHI",2,10,1.01666666666667,9.83606557377049,2019-05-05 00:15:00,2019-05-05 01:15:00
2019,"WHI",3,26,6.76666666666667,3.84236453201971,2019-05-08 02:35:00,2019-05-08 09:20:00
2019,"WHI",4,3,0.433333333333333,6.92307692307692,2019-05-14 07:00:00,2019-05-14 07:25:00
2019,"WHI",5,6,5.76666666666667,1.04046242774566,2019-05-17 06:45:00,2019-05-17 12:30:00
2019,"WHI",6,76.96,257.016666666667,0.299435834251994,2019-05-18 17:00:00,2019-05-29 10:00:00
2019,"WHI",7,21,1.68333333333333,12.4752475247525,2019-06-17 15:40:00,2019-06-17 17:20:00
2019,"WHI",8,10.91,73.0166666666667,0.149417941109336,2019-06-18 09:00:00,2019-06-21 10:00:00
2019,"WHI",9,8,0.85,9.41176470588235,2019-07-16 06:50:00,2019-07-16 07:40:00
2019,"WHI",10,12,0.183333333333333,65.4545454545455,2019-07-17 10:30:00,2019-07-17 10:40:00
2019,"WHI",11,21,0.6,35,2019-07-20 17:55:00,2019-07-20 18:30:00
2019,"WHI",12,18,5.35,3.36448598130841,2019-07-31 10:55:00,2019-07-31 16:15:00
2019,"WHI",13,4,0.6,6.66666666666667,2019-08-12 05:10:00,2019-08-12 05:45:00
2019,"WHI",14,23,1.51666666666667,15.1648351648352,2019-08-18 03:20:00,2019-08-18 04:50:00
2019,"WHI",15,102,1.76666666666667,57.7358490566038,2019-08-20 03:20:00,2019-08-20 05:05:00
2019,"WHI",16,11,4.51666666666667,2.43542435424354,2019-09-10 02:10:00,2019-09-10 06:40:00
2019,"WHI",17,24,2.93333333333333,8.18181818181818,2019-09-11 06:25:00,2019-09-11 09:20:00
2019,"WHI",18,14,0.183333333333333,76.3636363636364,2019-09-12 15:35:00,2019-09-12 15:45:00
2019,"WHI",19,7,0.516666666666667,13.5483870967742,2019-09-14 13:00:00,2019-09-14 13:30:00
2019,"WHI",20,4,0.683333333333333,5.85365853658537,2019-09-19 08:05:00,2019-09-19 08:45:00
2019,"WHI",21,5,0.35,14.2857142857143,2019-09-22 09:45:00,2019-09-22 10:05:00
2019,"WHI",22,15,0.433333333333333,34.6153846153846,2019-09-24 21:50:00,2019-09-24 22:15:00
2019,"WHI",23,9,5.43333333333333,1.65644171779141,2019-09-29 09:35:00,2019-09-29 15:00:00
2019,"WHI",24,37,7.76666666666667,4.76394849785408,2019-10-01 15:30:00,2019-10-01 23:15:00
2019,"WHI",25,7,2.93333333333333,2.38636363636364,2019-10-02 10:35:00,2019-10-02 13:30:00
2019,"WHI",26,17,9.1,1.86813186813187,2019-10-05 00:25:00,2019-10-05 09:30:00
2019,"WHI",27,31,1.6,19.375,2019-10-09 19:30:00,2019-10-09 21:05:00
2019,"WHI",28,42,10.4333333333333,4.02555910543131,2019-10-10 05:35:00,2019-10-10 16:00:00
2020,"WHI",1,18,0.933333333333333,19.2857142857143,2020-05-16 22:00:00,2020-05-16 22:55:00
2020,"WHI",2,5,10.9333333333333,0.457317073170732,2020-05-22 20:35:00,2020-05-23 07:30:00
2020,"WHI",3,3,4.26666666666667,0.703125,2020-05-26 15:20:00,2020-05-26 19:35:00
2020,"WHI",4,14,0.6,23.3333333333333,2020-06-09 22:55:00,2020-06-09 23:30:00
2020,"WHI",5,3,0.183333333333333,16.3636363636364,2020-06-10 05:40:00,2020-06-10 05:50:00
2020,"WHI",6,10,2.1,4.76190476190476,2020-06-22 08:20:00,2020-06-22 10:25:00
2020,"WHI",7,3,0.516666666666667,5.80645161290323,2020-06-27 17:40:00,2020-06-27 18:10:00
2020,"WHI",8,6,0.683333333333333,8.78048780487805,2020-06-28 06:15:00,2020-06-28 06:55:00
2020,"WHI",9,7,2.26666666666667,3.08823529411765,2020-07-01 03:05:00,2020-07-01 05:20:00
2020,"WHI",10,10,0.433333333333333,23.0769230769231,2020-07-26 10:00:00,2020-07-26 10:25:00
2020,"WHI",11,3,0.1,30,2020-07-27 00:40:00,2020-07-27 00:45:00
2020,"WHI",12,39,1.01666666666667,38.3606557377049,2020-07-29 21:05:00,2020-07-29 22:05:00
2020,"WHI",13,9,4.68333333333333,1.92170818505338,2020-08-06 07:20:00,2020-08-06 12:00:00
2020,"WHI",14,21,0.6,35,2020-08-10 10:00:00,2020-08-10 10:35:00
2020,"WHI",15,28,4.26666666666667,6.5625,2020-09-08 14:00:00,2020-09-08 18:15:00
2020,"WHI",16,16,6.26666666666667,2.5531914893617,2020-09-09 03:35:00,2020-09-09 09:50:00
2020,"WHI",17,8,0.766666666666667,10.4347826086957,2020-10-12 00:20:00,2020-10-12 01:05:00
2020,"WHI",18,11,7.51666666666667,1.46341463414634,2020-10-22 02:00:00,2020-10-22 09:30:00
2020,"WHI",19,11,11.4333333333333,0.962099125364431,2020-10-22 02:00:00,2020-10-22 13:25:00
2021,"WHI",1,7,5.6,1.25,2021-04-07 23:30:00,2021-04-08 05:05:00
2021,"WHI",2,13,2.76666666666667,4.69879518072289,2021-05-03 00:15:00,2021-05-03 03:00:00
2021,"WHI",3,5,3.6,1.38888888888889,2021-05-08 19:45:00,2021-05-08 23:20:00
2021,"WHI",4,8,1.76666666666667,4.52830188679245,2021-05-20 18:45:00,2021-05-20 20:30:00
2021,"WHI",5,10,0.183333333333333,54.5454545454545,2021-05-25 18:40:00,2021-05-25 18:50:00
2021,"WHI",6,15,1.43333333333333,10.4651162790698,2021-05-27 04:25:00,2021-05-27 05:50:00
2021,"WHI",7,4,2.43333333333333,1.64383561643836,2021-06-11 10:15:00,2021-06-11 12:40:00
2021,"WHI",8,11,0.1,110,2021-06-24 05:05:00,2021-06-24 05:10:00
2021,"WHI",9,4,0.266666666666667,15,2021-06-26 06:00:00,2021-06-26 06:15:00
2021,"WHI",10,7.36,14.0166666666667,0.525089179548157,2021-09-02 22:00:00,2021-09-03 12:00:00
2021,"WHI",11,17,1.76666666666667,9.62264150943396,2021-09-30 03:35:00,2021-09-30 05:20:00
2021,"WHI",12,9,1.93333333333333,4.6551724137931,2021-10-13 03:45:00,2021-10-13 05:40:00
2021,"WHI",13,61,14.7666666666667,4.13092550790068,2021-10-24 03:10:00,2021-10-24 17:55:00
2016,"WOR",1,3,0.183333333333333,16.3636363636364,2016-03-15 06:20:00,2016-03-15 06:30:00
2016,"WOR",2,14,2.26666666666667,6.17647058823529,2016-03-30 17:50:00,2016-03-30 20:05:00
2016,"WOR",3,6,1.18333333333333,5.07042253521127,2016-04-01 00:00:00,2016-04-01 01:10:00
2016,"WOR",4,8,4.26666666666667,1.875,2016-04-20 08:35:00,2016-04-20 12:50:00
2016,"WOR",5,3,0.1,30,2016-04-21 15:30:00,2016-04-21 15:35:00
2016,"WOR",6,4,0.6,6.66666666666667,2016-04-27 07:05:00,2016-04-27 07:40:00
2016,"WOR",7,9,1.18333333333333,7.6056338028169,2016-04-27 20:10:00,2016-04-27 21:20:00
2016,"WOR",8,25,5.35,4.67289719626168,2016-04-30 10:20:00,2016-04-30 15:40:00
2016,"WOR",9,6,2.1,2.85714285714286,2016-05-09 05:55:00,2016-05-09 08:00:00
2016,"WOR",10,4,2.1,1.9047619047619,2016-05-13 12:00:00,2016-05-13 14:05:00
2016,"WOR",11,5,0.683333333333333,7.31707317073171,2016-05-24 02:05:00,2016-05-24 02:45:00
2016,"WOR",12,8,3.6,2.22222222222222,2016-05-25 05:30:00,2016-05-25 09:05:00
2016,"WOR",13,8,0.766666666666667,10.4347826086957,2016-05-26 03:15:00,2016-05-26 04:00:00
2016,"WOR",14,23,2.68333333333333,8.57142857142857,2016-05-27 09:00:00,2016-05-27 11:40:00
2016,"WOR",15,4,3.18333333333333,1.2565445026178,2016-05-28 13:10:00,2016-05-28 16:20:00
2016,"WOR",16,10,1.6,6.25,2016-05-30 19:05:00,2016-05-30 20:40:00
2016,"WOR",17,9,0.766666666666667,11.7391304347826,2016-05-31 14:50:00,2016-05-31 15:35:00
2016,"WOR",18,4,0.183333333333333,21.8181818181818,2016-06-03 23:00:00,2016-06-03 23:10:00
2016,"WOR",19,4,2.18333333333333,1.83206106870229,2016-06-13 16:20:00,2016-06-13 18:30:00
2016,"WOR",20,6,0.35,17.1428571428571,2016-06-14 19:50:00,2016-06-14 20:10:00
2016,"WOR",21,8,0.35,22.8571428571429,2016-07-06 01:05:00,2016-07-06 01:25:00
2016,"WOR",22,4,0.266666666666667,15,2016-07-10 09:45:00,2016-07-10 10:00:00
2016,"WOR",23,14,1.26666666666667,11.0526315789474,2016-07-11 23:20:00,2016-07-12 00:35:00
2016,"WOR",24,19,1.85,10.2702702702703,2016-07-17 04:15:00,2016-07-17 06:05:00
2016,"WOR",25,32,1.51666666666667,21.0989010989011,2016-07-18 04:25:00,2016-07-18 05:55:00
2016,"WOR",26,16,3.51666666666667,4.54976303317536,2016-07-19 09:45:00,2016-07-19 13:15:00
2016,"WOR",27,8,4.01666666666667,1.99170124481328,2016-08-11 03:25:00,2016-08-11 07:25:00
2016,"WOR",28,62,7.26666666666667,8.53211009174312,2016-08-11 18:45:00,2016-08-12 02:00:00
2016,"WOR",29,16,7.35,2.17687074829932,2016-08-19 13:05:00,2016-08-19 20:25:00
2016,"WOR",30,39,0.766666666666667,50.8695652173913,2016-08-29 17:00:00,2016-08-29 17:45:00
2016,"WOR",31,61,13.9333333333333,4.37799043062201,2016-09-07 10:45:00,2016-09-08 00:40:00
2016,"WOR",32,6,0.266666666666667,22.5,2016-09-09 15:15:00,2016-09-09 15:30:00
2016,"WOR",33,52,8.1,6.41975308641975,2016-09-15 20:20:00,2016-09-16 04:25:00
2016,"WOR",34,7,1.01666666666667,6.88524590163934,2016-09-22 05:35:00,2016-09-22 06:35:00
2016,"WOR",35,59,3.35,17.6119402985075,2016-09-22 20:15:00,2016-09-22 23:35:00
2016,"WOR",36,4,0.433333333333333,9.23076923076923,2016-09-23 06:40:00,2016-09-23 07:05:00
2016,"WOR",37,25,7.85,3.18471337579618,2016-09-24 19:30:00,2016-09-25 03:20:00
2016,"WOR",38,5,2.43333333333333,2.05479452054795,2016-10-26 01:20:00,2016-10-26 03:45:00
2017,"WOR",1,22,11.1,1.98198198198198,2017-03-29 11:10:00,2017-03-29 22:15:00
2017,"WOR",2,7,0.516666666666667,13.5483870967742,2017-04-14 15:40:00,2017-04-14 16:10:00
2017,"WOR",3,13,1.6,8.125,2017-04-15 17:50:00,2017-04-15 19:25:00
2017,"WOR",4,4,0.266666666666667,15,2017-04-18 10:20:00,2017-04-18 10:35:00
2017,"WOR",5,4,0.183333333333333,21.8181818181818,2017-04-19 21:50:00,2017-04-19 22:00:00
2017,"WOR",6,30,10.1,2.97029702970297,2017-04-30 09:55:00,2017-04-30 20:00:00
2017,"WOR",7,8,1.68333333333333,4.75247524752475,2017-05-01 03:10:00,2017-05-01 04:50:00
2017,"WOR",8,21,7.76666666666667,2.70386266094421,2017-05-10 05:10:00,2017-05-10 12:55:00
2017,"WOR",9,12,2.26666666666667,5.29411764705882,2017-05-16 21:45:00,2017-05-17 00:00:00
2017,"WOR",10,8,1.35,5.92592592592593,2017-05-17 15:25:00,2017-05-17 16:45:00
2017,"WOR",11,14,8.85,1.5819209039548,2017-05-19 00:20:00,2017-05-19 09:10:00
2017,"WOR",12,4,2.76666666666667,1.44578313253012,2017-05-20 01:05:00,2017-05-20 03:50:00
2017,"WOR",13,7,2.18333333333333,3.20610687022901,2017-05-27 12:15:00,2017-05-27 14:25:00
2017,"WOR",14,25,9.01666666666667,2.77264325323475,2017-06-14 01:00:00,2017-06-14 10:00:00
2017,"WOR",15,6,0.183333333333333,32.7272727272727,2017-06-16 21:40:00,2017-06-16 21:50:00
2017,"WOR",16,7,2.26666666666667,3.08823529411765,2017-06-28 03:50:00,2017-06-28 06:05:00
2017,"WOR",17,34,0.683333333333333,49.7560975609756,2017-07-20 21:40:00,2017-07-20 22:20:00
2017,"WOR",18,8,0.35,22.8571428571429,2017-07-26 15:30:00,2017-07-26 15:50:00
2017,"WOR",19,17,0.516666666666667,32.9032258064516,2017-08-01 22:30:00,2017-08-01 23:00:00
2017,"WOR",20,6,0.766666666666667,7.82608695652174,2017-08-03 07:00:00,2017-08-03 07:45:00
2017,"WOR",21,17,1.26666666666667,13.4210526315789,2017-08-14 05:15:00,2017-08-14 06:30:00
2017,"WOR",22,5,0.35,14.2857142857143,2017-08-20 06:00:00,2017-08-20 06:20:00
2017,"WOR",23,9,1.76666666666667,5.09433962264151,2017-08-21 04:30:00,2017-08-21 06:15:00
2017,"WOR",24,19,4.51666666666667,4.20664206642066,2017-08-21 13:35:00,2017-08-21 18:05:00
2017,"WOR",25,15,2.1,7.14285714285714,2017-09-16 23:10:00,2017-09-17 01:15:00
2017,"WOR",26,5,1.01666666666667,4.91803278688525,2017-09-18 10:40:00,2017-09-18 11:40:00
2017,"WOR",27,8,3.6,2.22222222222222,2017-09-25 15:45:00,2017-09-25 19:20:00
2017,"WOR",28,10,3.18333333333333,3.1413612565445,2017-10-10 08:45:00,2017-10-10 11:55:00
2017,"WOR",29,23,2.35,9.78723404255319,2017-10-13 09:15:00,2017-10-13 11:35:00
2017,"WOR",30,11,8.68333333333333,1.26679462571977,2017-10-14 07:20:00,2017-10-14 16:00:00
2018,"WOR",1,6,2.35,2.5531914893617,2018-05-01 06:30:00,2018-05-01 08:50:00
2018,"WOR",2,37,5.85,6.32478632478633,2018-05-01 17:05:00,2018-05-01 22:55:00
2018,"WOR",3,6,1.85,3.24324324324324,2018-05-02 20:40:00,2018-05-02 22:30:00
2018,"WOR",4,23,6.85,3.35766423357664,2018-05-03 12:20:00,2018-05-03 19:10:00
2018,"WOR",5,99.06,1707.01666666667,0.0580310678474141,2018-06-06 17:00:00,2018-08-16 20:00:00
2018,"WOR",6,5,0.35,14.2857142857143,2018-08-27 04:00:00,2018-08-27 04:20:00
2018,"WOR",7,20,6.76666666666667,2.95566502463054,2018-08-28 13:00:00,2018-08-28 19:45:00
2018,"WOR",8,16,1.18333333333333,13.5211267605634,2018-08-31 06:25:00,2018-08-31 07:35:00
2018,"WOR",9,7,0.433333333333333,16.1538461538462,2018-09-01 04:50:00,2018-09-01 05:15:00
2018,"WOR",10,40,5.35,7.47663551401869,2018-09-01 19:35:00,2018-09-02 00:55:00
2018,"WOR",11,9,0.6,15,2018-09-02 11:20:00,2018-09-02 11:55:00
2018,"WOR",12,17,2.26666666666667,7.5,2018-09-04 17:55:00,2018-09-04 20:10:00
2018,"WOR",13,11,7.18333333333333,1.53132250580046,2018-09-05 03:40:00,2018-09-05 10:50:00
2018,"WOR",14,7,2.01666666666667,3.47107438016529,2018-09-18 13:05:00,2018-09-18 15:05:00
2018,"WOR",15,9,0.433333333333333,20.7692307692308,2018-09-19 08:45:00,2018-09-19 09:10:00
2018,"WOR",16,12,1.35,8.88888888888889,2018-09-20 21:50:00,2018-09-20 23:10:00
2018,"WOR",17,26,1.26666666666667,20.5263157894737,2018-09-25 10:40:00,2018-09-25 11:55:00
2018,"WOR",18,3,0.183333333333333,16.3636363636364,2018-09-29 14:20:00,2018-09-29 14:30:00
2018,"WOR",19,26,16.4333333333333,1.58215010141988,2018-09-30 20:20:00,2018-10-01 12:45:00
2018,"WOR",20,3,1.51666666666667,1.97802197802198,2018-10-06 00:10:00,2018-10-06 01:40:00
2018,"WOR",21,5,1.18333333333333,4.22535211267606,2018-10-07 03:10:00,2018-10-07 04:20:00
2018,"WOR",22,3,0.433333333333333,6.92307692307692,2018-10-07 13:25:00,2018-10-07 13:50:00
2019,"WOR",1,12,0.35,34.2857142857143,2019-04-07 16:10:00,2019-04-07 16:30:00
2019,"WOR",2,5,0.35,14.2857142857143,2019-04-10 01:00:00,2019-04-10 01:20:00
2019,"WOR",3,4,0.1,40,2019-04-17 15:45:00,2019-04-17 15:50:00
2019,"WOR",4,6,1.76666666666667,3.39622641509434,2019-04-28 21:50:00,2019-04-28 23:35:00
2019,"WOR",5,7,8.35,0.838323353293413,2019-04-30 11:00:00,2019-04-30 19:20:00
2019,"WOR",6,4,0.183333333333333,21.8181818181818,2019-05-05 23:20:00,2019-05-05 23:30:00
2019,"WOR",7,7,7.68333333333333,0.911062906724512,2019-05-08 04:45:00,2019-05-08 12:25:00
2019,"WOR",8,10,1.51666666666667,6.59340659340659,2019-05-14 07:55:00,2019-05-14 09:25:00
2019,"WOR",9,16,6.6,2.42424242424242,2019-05-17 03:30:00,2019-05-17 10:05:00
2019,"WOR",10,14,7.1,1.97183098591549,2019-05-18 17:40:00,2019-05-19 00:45:00
2019,"WOR",11,16,5.26666666666667,3.0379746835443,2019-05-21 13:20:00,2019-05-21 18:35:00
2019,"WOR",12,57,7.76666666666667,7.33905579399142,2019-05-23 23:40:00,2019-05-24 07:25:00
2019,"WOR",13,14,1.35,10.3703703703704,2019-05-28 07:35:00,2019-05-28 08:55:00
2019,"WOR",14,4,0.35,11.4285714285714,2019-05-29 00:30:00,2019-05-29 00:50:00
2019,"WOR",15,21,1.1,19.0909090909091,2019-06-15 17:00:00,2019-06-15 18:05:00
2019,"WOR",16,29,2.43333333333333,11.9178082191781,2019-06-21 06:20:00,2019-06-21 08:45:00
2019,"WOR",17,10,2.18333333333333,4.58015267175573,2019-06-22 21:40:00,2019-06-22 23:50:00
2019,"WOR",18,4,0.1,40,2019-06-24 18:35:00,2019-06-24 18:40:00
2019,"WOR",19,15,10.5166666666667,1.42630744849445,2019-07-02 11:25:00,2019-07-02 21:55:00
2019,"WOR",20,14,0.933333333333333,15,2019-07-03 04:50:00,2019-07-03 05:45:00
2019,"WOR",21,21,0.6,35,2019-07-03 16:15:00,2019-07-03 16:50:00
2019,"WOR",22,3,0.266666666666667,11.25,2019-07-04 21:40:00,2019-07-04 21:55:00
2019,"WOR",23,17,0.433333333333333,39.2307692307692,2019-07-16 05:10:00,2019-07-16 05:35:00
2019,"WOR",24,12,0.6,20,2019-07-17 10:55:00,2019-07-17 11:30:00
2019,"WOR",25,5,0.183333333333333,27.2727272727273,2019-07-20 16:50:00,2019-07-20 17:00:00
2019,"WOR",26,3,0.183333333333333,16.3636363636364,2019-07-28 20:05:00,2019-07-28 20:15:00
2019,"WOR",27,10,0.1,100,2019-08-05 22:30:00,2019-08-05 22:35:00
2019,"WOR",28,5,0.266666666666667,18.75,2019-08-10 07:50:00,2019-08-10 08:05:00
2019,"WOR",29,3,0.766666666666667,3.91304347826087,2019-08-12 06:00:00,2019-08-12 06:45:00
2019,"WOR",30,11,2.51666666666667,4.37086092715232,2019-08-18 02:45:00,2019-08-18 05:15:00
2019,"WOR",31,13,0.266666666666667,48.75,2019-08-20 05:00:00,2019-08-20 05:15:00
2019,"WOR",32,7,0.6,11.6666666666667,2019-08-29 06:40:00,2019-08-29 07:15:00
2019,"WOR",33,4,3.43333333333333,1.16504854368932,2019-09-07 16:10:00,2019-09-07 19:35:00
2019,"WOR",34,37,0.933333333333333,39.6428571428571,2019-09-09 05:15:00,2019-09-09 06:10:00
2019,"WOR",35,21,1.68333333333333,12.4752475247525,2019-09-09 17:05:00,2019-09-09 18:45:00
2019,"WOR",36,3,0.766666666666667,3.91304347826087,2019-09-10 03:10:00,2019-09-10 03:55:00
2019,"WOR",37,16,2.51666666666667,6.35761589403974,2019-09-11 07:55:00,2019-09-11 10:25:00
2019,"WOR",38,7,0.683333333333333,10.2439024390244,2019-09-12 17:05:00,2019-09-12 17:45:00
2019,"WOR",39,7,0.183333333333333,38.1818181818182,2019-09-14 17:40:00,2019-09-14 17:50:00
2019,"WOR",40,5,0.266666666666667,18.75,2019-09-18 12:10:00,2019-09-18 12:25:00
2019,"WOR",41,10,1.85,5.40540540540541,2019-09-21 16:55:00,2019-09-21 18:45:00
2019,"WOR",42,7,0.683333333333333,10.2439024390244,2019-09-22 10:20:00,2019-09-22 11:00:00
2019,"WOR",43,3,0.1,30,2019-09-27 15:50:00,2019-09-27 15:55:00
2019,"WOR",44,10,5.01666666666667,1.99335548172757,2019-09-29 11:05:00,2019-09-29 16:05:00
2019,"WOR",45,22,7.35,2.99319727891156,2019-10-01 16:40:00,2019-10-02 00:00:00
2019,"WOR",46,6,0.183333333333333,32.7272727272727,2019-10-02 14:50:00,2019-10-02 15:00:00
2019,"WOR",47,12,6.6,1.81818181818182,2019-10-05 04:25:00,2019-10-05 11:00:00
2019,"WOR",48,8,1.93333333333333,4.13793103448276,2019-10-09 20:00:00,2019-10-09 21:55:00
2019,"WOR",49,20,11.7666666666667,1.69971671388102,2019-10-10 06:55:00,2019-10-10 18:40:00
2019,"WOR",50,6,0.933333333333333,6.42857142857143,2019-10-19 05:55:00,2019-10-19 06:50:00
2019,"WOR",51,36,6.51666666666667,5.52429667519182,2019-10-21 00:15:00,2019-10-21 06:45:00
2020,"WOR",1,3,0.1,30,2020-04-22 18:55:00,2020-04-22 19:00:00
2020,"WOR",2,3,0.516666666666667,5.80645161290323,2020-04-28 08:40:00,2020-04-28 09:10:00
2020,"WOR",3,4,1.43333333333333,2.7906976744186,2020-05-14 17:10:00,2020-05-14 18:35:00
2020,"WOR",4,20,1.93333333333333,10.3448275862069,2020-05-17 00:35:00,2020-05-17 02:30:00
2020,"WOR",5,16,3.18333333333333,5.0261780104712,2020-05-23 03:50:00,2020-05-23 07:00:00
2020,"WOR",6,7,8.6,0.813953488372093,2020-05-24 19:50:00,2020-05-25 04:25:00
2020,"WOR",7,24,0.766666666666667,31.304347826087,2020-05-25 18:25:00,2020-05-25 19:10:00
2020,"WOR",8,8,0.85,9.41176470588235,2020-05-26 06:25:00,2020-05-26 07:15:00
2020,"WOR",9,11,0.933333333333333,11.7857142857143,2020-05-26 15:20:00,2020-05-26 16:15:00
2020,"WOR",10,3,4.43333333333333,0.676691729323308,2020-05-28 03:55:00,2020-05-28 08:20:00
2020,"WOR",11,4,1.18333333333333,3.38028169014085,2020-06-20 02:50:00,2020-06-20 04:00:00
2020,"WOR",12,11,3.35,3.28358208955224,2020-06-22 09:45:00,2020-06-22 13:05:00
2020,"WOR",13,7,0.1,70,2020-07-11 18:30:00,2020-07-11 18:35:00
2020,"WOR",14,42,0.766666666666667,54.7826086956522,2020-07-14 18:45:00,2020-07-14 19:30:00
2020,"WOR",15,4,0.266666666666667,15,2020-07-15 06:00:00,2020-07-15 06:15:00
2020,"WOR",16,6,0.183333333333333,32.7272727272727,2020-07-21 20:25:00,2020-07-21 20:35:00
2020,"WOR",17,5,0.35,14.2857142857143,2020-07-26 10:40:00,2020-07-26 11:00:00
2020,"WOR",18,8,0.183333333333333,43.6363636363636,2020-07-29 19:45:00,2020-07-29 19:55:00
2020,"WOR",19,3,0.1,30,2020-08-06 16:15:00,2020-08-06 16:20:00
2020,"WOR",20,11,0.35,31.4285714285714,2020-08-10 11:05:00,2020-08-10 11:25:00
2020,"WOR",21,14,0.35,40,2020-08-14 23:50:00,2020-08-15 00:10:00
2020,"WOR",22,4,0.183333333333333,21.8181818181818,2020-08-31 06:20:00,2020-08-31 06:30:00
2020,"WOR",23,12,1.85,6.48648648648649,2020-09-08 15:40:00,2020-09-08 17:30:00
2020,"WOR",24,18,10.1833333333333,1.76759410801964,2020-09-09 05:25:00,2020-09-09 15:35:00
2020,"WOR",25,3,0.183333333333333,16.3636363636364,2020-09-12 02:00:00,2020-09-12 02:10:00
2020,"WOR",26,3,0.0166666666666667,180,2020-10-12 00:45:00,2020-10-12 00:45:00
2020,"WOR",27,7,7.85,0.89171974522293,2020-10-21 22:00:00,2020-10-22 05:50:00
2020,"WOR",28,11,4.85,2.2680412371134,2020-10-22 17:45:00,2020-10-22 22:35:00
2020,"WOR",29,10,0.933333333333333,10.7142857142857,2020-05-26 15:20:00,2020-05-26 16:15:00
2021,"WOR",1,4,0.266666666666667,15,2021-05-03 05:55:00,2021-05-03 06:10:00
2021,"WOR",2,11,6.93333333333333,1.58653846153846,2021-05-08 19:55:00,2021-05-09 02:50:00
2021,"WOR",3,4,0.183333333333333,21.8181818181818,2021-05-14 17:50:00,2021-05-14 18:00:00
2021,"WOR",4,7,0.266666666666667,26.25,2021-05-15 16:00:00,2021-05-15 16:15:00
2021,"WOR",5,13,3.6,3.61111111111111,2021-05-20 18:15:00,2021-05-20 21:50:00
2021,"WOR",6,9,1.26666666666667,7.10526315789474,2021-05-27 07:10:00,2021-05-27 08:25:00
2021,"WOR",7,4,0.183333333333333,21.8181818181818,2021-06-11 12:30:00,2021-06-11 12:40:00
2021,"WOR",8,3,0.433333333333333,6.92307692307692,2021-06-17 06:50:00,2021-06-17 07:15:00
2021,"WOR",9,10,1.18333333333333,8.45070422535211,2021-06-20 05:35:00,2021-06-20 06:45:00
2021,"WOR",10,7,5.51666666666667,1.26888217522659,2021-06-22 19:40:00,2021-06-23 01:10:00
2021,"WOR",11,18,10.6,1.69811320754717,2021-07-09 03:10:00,2021-07-09 13:45:00
2021,"WOR",12,6,0.433333333333333,13.8461538461538,2021-07-10 03:00:00,2021-07-10 03:25:00
2021,"WOR",13,5,0.6,8.33333333333333,2021-07-14 19:20:00,2021-07-14 19:55:00
2021,"WOR",14,20,6.01666666666667,3.32409972299169,2021-07-30 20:05:00,2021-07-31 02:05:00
2021,"WOR",15,6,0.766666666666667,7.82608695652174,2021-08-08 01:10:00,2021-08-08 01:55:00
2021,"WOR",16,7,0.6,11.6666666666667,2021-08-09 01:05:00,2021-08-09 01:40:00
2021,"WOR",17,14,1.35,10.3703703703704,2021-08-20 23:25:00,2021-08-21 00:45:00
2021,"WOR",18,5,2.6,1.92307692307692,2021-08-26 10:00:00,2021-08-26 12:35:00
2021,"WOR",19,25,1.18333333333333,21.1267605633803,2021-08-28 03:20:00,2021-08-28 04:30:00
2021,"WOR",20,19,2.1,9.04761904761905,2021-08-30 23:20:00,2021-08-31 01:25:00
2021,"WOR",21,10,0.433333333333333,23.0769230769231,2021-09-03 03:15:00,2021-09-03 03:40:00
2021,"WOR",22,5.33,179.016666666667,0.0297737640815567,2021-09-13 05:00:00,2021-09-20 16:00:00
