SiteID,Year,Treatment,crop,per_prairie,sampleID,sample_event,tss_sum,flow_sum,flow_min,ro_count,rf_count,rain,rain_min,slope75,Lfactor,Lfact_below,Sfactor,LSfactor,LSfact_below,C_factor,K_factor,pre_Lupslp,post_Lupslp,post_Tupslp,Lfactor_pre,Sfactor_pre,LSfactor_pre
RHO,2016,strips,corn,6.62,NS,2,0,0,0,0,1,0.075,1461,6.61,0.838134,0.851913,0.580101,0.4767,0.669043,0.29,0.051363,223.55,190.34,10168.82,0.914546,0.594294,0.5412
ARM,2016,strips,soybean,8.37,1000,1,0.228433318,802.293,691,1,2,0.077,743,10.52,1.259345,0.860623,0.945,1.0455,0.411355,0.08,0.051363,270.65,190.97,11938.68,1.404695,0.9169,1.1531
ARM,2016,control,soybean,0,1001,1,12.11588906,14054.791,4307,2,2,0.077,743,9.69,1.218611,1.351495,0.7436,0.9334,1.30774,0.08,0.051363,282.55,282.55,11480.76,1.218611,0.7436,0.9334
EIA,2016,strips,soybean,6.12,1002,1,0.020226526,954.611,1576,1,1,0.013,266,6.04,1.132814,1.05655,0.581,0.6406,0.5607,0.08,0.042144,303.12,304.53,32784.77,1.152225,0.58282,0.6458
ARM,2016,control,soybean,0,1006,2,7.731791093,13617.388,4641,1,3,0.051,483,9.69,1.218611,1.351495,0.7436,0.9334,1.30774,0.08,0.051363,282.55,282.55,11480.76,1.218611,0.7436,0.9334
ARM,2016,strips,soybean,8.37,1007,3,0.097357436,1604.461,826,1,3,0.07,558,10.52,1.259345,0.860623,0.945,1.0455,0.411355,0.08,0.051363,270.65,190.97,11938.68,1.404695,0.9169,1.1531
ARM,2016,control,soybean,0,1008,3,42.1012469,22129.4,5101,1,3,0.07,558,9.69,1.218611,1.351495,0.7436,0.9334,1.30774,0.08,0.051363,282.55,282.55,11480.76,1.218611,0.7436,0.9334
EIA,2016,strips,soybean,6.12,1009,2,0.19488502,4179.549,2486,1,2,0.028,82,6.04,1.132814,1.05655,0.581,0.6406,0.5607,0.08,0.042144,303.12,304.53,32784.77,1.152225,0.58282,0.6458
EIA,2016,strips,soybean,6.12,1010,3,0.742933972,118876.945,3566,1,1,0.129,496,6.04,1.132814,1.05655,0.581,0.6406,0.5607,0.08,0.042144,303.12,304.53,32784.77,1.152225,0.58282,0.6458
EIA,2016,control,soybean,0,1011,3,11.53258131,76336.211,2341,1,1,0.129,496,6.6,1.177394,1.177394,0.6186,0.7337,0.7337,0.08,0.042144,226.82,226.82,10301.02,1.177394,0.6186,0.7337
EIA,2016,strips,soybean,6.12,1012,4,0.223646337,1954.077,1571,1,1,0.02,136,6.04,1.132814,1.05655,0.581,0.6406,0.5607,0.08,0.042144,303.12,304.53,32784.77,1.152225,0.58282,0.6458
RHO,2016,strips,corn,6.62,1013,1,0.211420222,110.999,386,1,1,0.036,191,6.61,0.838134,0.851913,0.580101,0.4767,0.669043,0.29,0.051363,223.55,190.34,10168.82,0.914546,0.594294,0.5412
RHO,2016,control,corn,0,1014,1,0.555087436,1172.206,1491,1,1,0.036,191,7.4,1.075335,1.075335,0.552776,0.5796,0.5796,0.29,0.051363,193.51,193.51,6424.85,1.075335,0.552776,0.5796
EIA,2016,strips,soybean,6.12,1015,5,0.000718083,339.15,1526,1,1,0.015,91,6.04,1.132814,1.05655,0.581,0.6406,0.5607,0.08,0.042144,303.12,304.53,32784.77,1.152225,0.58282,0.6458
ARM,2016,control,soybean,0,1016,4,1.035328122,4408.917,1106,1,1,0.056,301,9.69,1.218611,1.351495,0.7436,0.9334,1.30774,0.08,0.051363,282.55,282.55,11480.76,1.218611,0.7436,0.9334
EIA,2016,strips,soybean,6.12,1017,6,0.213075231,1436.179,1742,2,2,0.051,117,6.04,1.132814,1.05655,0.581,0.6406,0.5607,0.08,0.042144,303.12,304.53,32784.77,1.152225,0.58282,0.6458
WHI,2016,control,corn,0,1018,1,4.011953552,669.637,1761,1,1,0.056,896,10.78,1.551593,1.551593,1.02196,1.3615,1.3615,0.08,0.051363,622.47,622.47,115684.8,1.551593,1.02196,1.3615
EIA,2016,strips,soybean,6.12,1019,7,3.801422545,101778.842,1656,1,1,0.112,856,6.04,1.132814,1.05655,0.581,0.6406,0.5607,0.08,0.042144,303.12,304.53,32784.77,1.152225,0.58282,0.6458
EIA,2016,control,soybean,0,1020,7,8.54253176,58415.639,2071,1,1,0.112,856,6.6,1.177394,1.177394,0.6186,0.7337,0.7337,0.08,0.042144,226.82,226.82,10301.02,1.177394,0.6186,0.7337
RHO,2016,control,corn,0,1021,2,0.031638242,106.661,96,1,1,0.075,1461,7.4,1.075335,1.075335,0.552776,0.5796,0.5796,0.29,0.051363,193.51,193.51,6424.85,1.075335,0.552776,0.5796
EIA,2016,strips,soybean,6.12,1023,8,0.19906697,31307.731,1476,1,1,0.062,1071,6.04,1.132814,1.05655,0.581,0.6406,0.5607,0.08,0.042144,303.12,304.53,32784.77,1.152225,0.58282,0.6458
EIA,2016,control,soybean,0,1024,8,2.359052018,23041.334,1816,1,1,0.062,1071,6.6,1.177394,1.177394,0.6186,0.7337,0.7337,0.08,0.042144,226.82,226.82,10301.02,1.177394,0.6186,0.7337
WOR,2016,control,corn,0,1025,1,0.033528302,470.253,1091,1,1,0.061,836,4.88,1.09495,1.09495,0.388888,0.4167,0.4167,0.265,0.042144,242.37,242.37,20066.54,1.09495,0.388888,0.4167
EIA,2016,strips,soybean,6.12,1026,9,0.25488948,9250.862,1556,1,1,0.031,131,6.04,1.132814,1.05655,0.581,0.6406,0.5607,0.08,0.042144,303.12,304.53,32784.77,1.152225,0.58282,0.6458
EIA,2016,control,soybean,0,1027,9,0.521034555,2097.214,756,1,1,0.031,131,6.6,1.177394,1.177394,0.6186,0.7337,0.7337,0.08,0.042144,226.82,226.82,10301.02,1.177394,0.6186,0.7337
RHO,2016,control,corn,0,1028,3,9.357762142,2803.962,906,1,1,0.029,201,7.4,1.075335,1.075335,0.552776,0.5796,0.5796,0.29,0.051363,193.51,193.51,6424.85,1.075335,0.552776,0.5796
WOR,2016,control,corn,0,1030,2,3.756126043,21759.852,1966,1,1,0.063,651,4.88,1.09495,1.09495,0.388888,0.4167,0.4167,0.265,0.042144,242.37,242.37,20066.54,1.09495,0.388888,0.4167
EIA,2016,strips,soybean,6.12,1031,10,0.987785746,77675.695,1576,1,1,0.062,141,6.04,1.132814,1.05655,0.581,0.6406,0.5607,0.08,0.042144,303.12,304.53,32784.77,1.152225,0.58282,0.6458
EIA,2016,control,soybean,0,1032,10,2.302286001,42933.249,1561,1,1,0.062,141,6.6,1.177394,1.177394,0.6186,0.7337,0.7337,0.08,0.042144,226.82,226.82,10301.02,1.177394,0.6186,0.7337
RHO,2016,control,corn,0,1033,4,1.473641677,235.925,41,1,1,0.015,251,7.4,1.075335,1.075335,0.552776,0.5796,0.5796,0.29,0.051363,193.51,193.51,6424.85,1.075335,0.552776,0.5796
ARM,2016,control,soybean,0,1034,5,0.002256134,20.8,26,1,1,0.047,126,9.69,1.218611,1.351495,0.7436,0.9334,1.30774,0.08,0.051363,282.55,282.55,11480.76,1.218611,0.7436,0.9334
WOR,2016,control,corn,0,1035,3,0.098124657,653.72,511,1,1,0.025,471,4.88,1.09495,1.09495,0.388888,0.4167,0.4167,0.265,0.042144,242.37,242.37,20066.54,1.09495,0.388888,0.4167
EIA,2016,strips,soybean,6.12,1036,11,0.881671267,6819.468,1621,1,1,0.029,186,6.04,1.132814,1.05655,0.581,0.6406,0.5607,0.08,0.042144,303.12,304.53,32784.77,1.152225,0.58282,0.6458
EIA,2016,strips,soybean,6.12,1037,12,0.040241275,5712.529,1806,1,1,0.019,371,6.04,1.132814,1.05655,0.581,0.6406,0.5607,0.08,0.042144,303.12,304.53,32784.77,1.152225,0.58282,0.6458
EIA,2016,control,soybean,0,1038,12,0.247215451,5712.529,1806,1,1,0.019,371,6.6,1.177394,1.177394,0.6186,0.7337,0.7337,0.08,0.042144,226.82,226.82,10301.02,1.177394,0.6186,0.7337
RHO,2016,control,corn,0,1039,5,0.257005868,100.378,1496,1,1,0.013,106,7.4,1.075335,1.075335,0.552776,0.5796,0.5796,0.29,0.051363,193.51,193.51,6424.85,1.075335,0.552776,0.5796
MCN,2017,control,corn,0,2000,,2.038163661,4592.78,1326,1,1,0.035,211,5.5,0.944472,0.944472,0.450009,0.4379,0.4379,0.18,0.048729,181.24,181.24,7851.1,0.944472,0.450009,0.4379
MCN,2017,control,corn,0,2001,,28.2730533,10150.095,991,1,1,0.009,1081,5.5,0.944472,0.944472,0.450009,0.4379,0.4379,0.18,0.048729,181.24,181.24,7851.1,0.944472,0.450009,0.4379
MCN,2017,control,corn,0,2002,,41.16575073,3446.394,391,1,1,0.03,196,5.5,0.944472,0.944472,0.450009,0.4379,0.4379,0.18,0.048729,181.24,181.24,7851.1,0.944472,0.450009,0.4379
MCN,2017,control,corn,0,2003,,0.360380068,212.946,796,1,1,0.019,366,5.5,0.944472,0.944472,0.450009,0.4379,0.4379,0.18,0.048729,181.24,181.24,7851.1,0.944472,0.450009,0.4379
MCN,2017,control,corn,0,2004,,14.89224312,8550.847,3607,2,1,0.011,636,5.5,0.944472,0.944472,0.450009,0.4379,0.4379,0.18,0.048729,181.24,181.24,7851.1,0.944472,0.450009,0.4379
MCN,2017,strips,corn,3.18,2005,,10.91278008,32339.671,4891,1,1,0.011,636,7.25,0.907315,0.907315,0.546667,0.5345,0.450741,0.18,0.048729,191.07,191.07,3657.59,0.936893,0.559869,0.5686
RHO,2017,strips,corn,6.62,2006,1,0.062394919,367.116,1011,1,1,0.017,976,6.61,0.838134,0.851913,0.580101,0.4767,0.669043,0.29,0.051363,223.55,190.34,10168.82,0.914546,0.594294,0.5412
ARM,2017,control,corn,0,2007,1,3.398785697,813.535,1691,1,1,0.028,261,9.69,1.218611,1.351495,0.7436,0.9334,1.30774,0.08,0.051363,282.55,282.55,11480.76,1.218611,0.7436,0.9334
MCN,2017,control,corn,0,2008,,128.683454,5235.618,1426,1,1,0.035,146,5.5,0.944472,0.944472,0.450009,0.4379,0.4379,0.18,0.048729,181.24,181.24,7851.1,0.944472,0.450009,0.4379
MCN,2017,strips,corn,3.18,2009,,62.44029647,25209.069,1456,1,1,0.035,146,7.25,0.907315,0.907315,0.546667,0.5345,0.450741,0.18,0.048729,191.07,191.07,3657.59,0.936893,0.559869,0.5686
RHO,2017,control,corn,0,2010,2,0.724868912,391.23,466,1,1,0.029,491,7.4,1.075335,1.075335,0.552776,0.5796,0.5796,0.29,0.051363,193.51,193.51,6424.85,1.075335,0.552776,0.5796
RHO,2017,control,corn,0,2013,3,106.5834305,12692.164,4887,2,3,0.051,203,7.4,1.075335,1.075335,0.552776,0.5796,0.5796,0.29,0.051363,193.51,193.51,6424.85,1.075335,0.552776,0.5796
ARM,2017,control,corn,0,2014,3,5.824991203,15942.344,6481,1,2,0.043,787,9.69,1.218611,1.351495,0.7436,0.9334,1.30774,0.08,0.051363,282.55,282.55,11480.76,1.218611,0.7436,0.9334
RHO,2017,control,corn,0,2016,4,15.84937252,11445.721,4851,1,1,0.013,101,7.4,1.075335,1.075335,0.552776,0.5796,0.5796,0.29,0.051363,193.51,193.51,6424.85,1.075335,0.552776,0.5796
MCN,2017,strips,corn,3.18,2017,,0.862337211,892.504,436,1,1,0.02,156,7.25,0.907315,0.907315,0.546667,0.5345,0.450741,0.18,0.048729,191.07,191.07,3657.59,0.936893,0.559869,0.5686
RHO,2017,strips,corn,6.62,2018,5,2.748959858,839.92,181,1,1,0.017,36,6.61,0.838134,0.851913,0.580101,0.4767,0.669043,0.29,0.051363,223.55,190.34,10168.82,0.914546,0.594294,0.5412
RHO,2017,control,corn,0,2019,5,50.57204138,2008.112,201,1,1,0.017,36,7.4,1.075335,1.075335,0.552776,0.5796,0.5796,0.29,0.051363,193.51,193.51,6424.85,1.075335,0.552776,0.5796
ARM,2017,control,corn,0,2020,4,0.188160937,187.058,96,1,1,0.035,521,9.69,1.218611,1.351495,0.7436,0.9334,1.30774,0.08,0.051363,282.55,282.55,11480.76,1.218611,0.7436,0.9334
ARM,2017,strips,corn,8.37,2021,5,0.288743945,3436.717,576,1,1,0.055,31,10.52,1.259345,0.860623,0.945,1.0455,0.411355,0.08,0.051363,270.65,190.97,11938.68,1.404695,0.9169,1.1531
ARM,2017,control,corn,0,2022,5,19.5935056,16066.336,1666,1,1,0.055,31,9.69,1.218611,1.351495,0.7436,0.9334,1.30774,0.08,0.051363,282.55,282.55,11480.76,1.218611,0.7436,0.9334
MAR,2017,strips,corn,0,2023,,1.36483222,48.757,16,1,1,0.04,176,,,,,,,,,,,,,,
MAR,2017,control,corn,0,2024,,4.620400243,790.951,1591,1,1,0.04,176,,,,,,,,,,,,,,
RHO,2017,strips,corn,6.62,2025,6,0.071182239,627.016,101,1,1,0.027,31,6.61,0.838134,0.851913,0.580101,0.4767,0.669043,0.29,0.051363,223.55,190.34,10168.82,0.914546,0.594294,0.5412
RHO,2017,control,corn,0,2026,6,18.82517664,1616.332,42,2,1,0.027,31,7.4,1.075335,1.075335,0.552776,0.5796,0.5796,0.29,0.051363,193.51,193.51,6424.85,1.075335,0.552776,0.5796
RHO,2017,control,corn,0,2027,7,2.617094476,1786.088,3647,2,2,0.071,1957,7.4,1.075335,1.075335,0.552776,0.5796,0.5796,0.29,0.051363,193.51,193.51,6424.85,1.075335,0.552776,0.5796
WOR,2018,control,corn,0,3000,1,0.98290902,5566.28,831,1,1,0.023,411,4.88,1.09495,1.09495,0.388888,0.4167,0.4167,0.265,0.042144,242.37,242.37,20066.54,1.09495,0.388888,0.4167
MCN,2018,strips,soybean,3.18,3001,,2.182723478,3686.862,2836,1,1,0.026,126,7.25,0.907315,0.571902,0.546667,0.5345,0.450741,0.18,0.048729,191.07,191.07,3657.59,0.936893,0.559869,0.5686
MCN,2018,control,soybean,0,3002,,1.842442932,597.682,1566,1,1,0.025,146,5.5,0.944472,0.944472,0.450009,0.4379,0.4379,0.18,0.048729,181.24,181.24,7851.1,0.944472,0.450009,0.4379
MCN,2018,strips,soybean,3.18,3003,,10.23199099,5337.326,1571,1,1,0.025,146,7.25,0.907315,0.571902,0.546667,0.5345,0.450741,0.18,0.048729,191.07,191.07,3657.59,0.936893,0.559869,0.5686
MCN,2018,control,soybean,0,3004,,3.698745148,810.864,1456,1,1,0.01,21,5.5,0.944472,0.944472,0.450009,0.4379,0.4379,0.18,0.048729,181.24,181.24,7851.1,0.944472,0.450009,0.4379
MCN,2018,strips,soybean,3.18,3005,,7.92157111,2678.195,1446,1,1,0.01,21,7.25,0.907315,0.571902,0.546667,0.5345,0.450741,0.18,0.048729,191.07,191.07,3657.59,0.936893,0.559869,0.5686
MCN,2018,control,soybean,0,3006,,2.292511475,2158.134,186,1,1,0.025,106,5.5,0.944472,0.944472,0.450009,0.4379,0.4379,0.18,0.048729,181.24,181.24,7851.1,0.944472,0.450009,0.4379
MCN,2018,strips,soybean,3.18,3007,,7.58443835,11209.275,906,1,1,0.025,106,7.25,0.907315,0.571902,0.546667,0.5345,0.450741,0.18,0.048729,191.07,191.07,3657.59,0.936893,0.559869,0.5686
RHO,2018,control,corn,0,3008,1,0.330706158,758.573,506,1,1,0.016,86,7.4,1.075335,1.075335,0.552776,0.5796,0.5796,0.29,0.051363,193.51,193.51,6424.85,1.075335,0.552776,0.5796
MCN,2018,strips,soybean,3.18,3009,,2.105208251,1705.19,176,1,1,0.03,151,7.25,0.907315,0.571902,0.546667,0.5345,0.450741,0.18,0.048729,191.07,191.07,3657.59,0.936893,0.559869,0.5686
EIA,2018,strips,soybean,6.12,3011,1,73.88845991,29124.341,2361,1,2,0.082,197,6.04,1.132814,1.05655,0.581,0.6406,0.5607,0.08,0.042144,303.12,304.53,32784.77,1.152225,0.58282,0.6458
EIA,2018,control,soybean,0,3012,1,9.730638821,25590.214,2351,1,2,0.082,197,6.6,1.177394,1.177394,0.6186,0.7337,0.7337,0.08,0.042144,226.82,226.82,10301.02,1.177394,0.6186,0.7337
MCN,2018,control,soybean,0,3013,,0.619548981,1458.084,2551,1,1,0.012,36,5.5,0.944472,0.944472,0.450009,0.4379,0.4379,0.18,0.048729,181.24,181.24,7851.1,0.944472,0.450009,0.4379
MCN,2018,strips,soybean,3.18,3014,,3.804520679,6050.478,2551,1,1,0.012,36,7.25,0.907315,0.571902,0.546667,0.5345,0.450741,0.18,0.048729,191.07,191.07,3657.59,0.936893,0.559869,0.5686
RHO,2018,strips,corn,6.62,3017,2,20.49164212,15755.143,1206,1,1,0.139,381,6.61,0.838134,0.851913,0.580101,0.4767,0.669043,0.29,0.051363,223.55,190.34,10168.82,0.914546,0.594294,0.5412
RHO,2018,strips,corn,6.62,3021,3,1.026007857,2520.362,1066,1,1,0.032,941,6.61,0.838134,0.851913,0.580101,0.4767,0.669043,0.29,0.051363,223.55,190.34,10168.82,0.914546,0.594294,0.5412
RHO,2018,control,corn,0,3024,3,0.669929716,8754.961,3796,1,1,0.032,941,7.4,1.075335,1.075335,0.552776,0.5796,0.5796,0.29,0.051363,193.51,193.51,6424.85,1.075335,0.552776,0.5796
MCN,2018,control,soybean,0,3031,,0.940838374,1282.227,1471,1,1,0.012,596,5.5,0.944472,0.944472,0.450009,0.4379,0.4379,0.18,0.048729,181.24,181.24,7851.1,0.944472,0.450009,0.4379
MCN,2018,strips,soybean,3.18,3032,,2.49575093,3768.07,3076,1,1,0.012,596,7.25,0.907315,0.571902,0.546667,0.5345,0.450741,0.18,0.048729,191.07,191.07,3657.59,0.936893,0.559869,0.5686
MCN,2018,control,soybean,0,3033,,11.4041162,13419.568,881,1,1,0.048,246,5.5,0.944472,0.944472,0.450009,0.4379,0.4379,0.18,0.048729,181.24,181.24,7851.1,0.944472,0.450009,0.4379
MCN,2018,strips,soybean,3.18,3034,,17.5714437,30150.703,526,1,1,0.048,246,7.25,0.907315,0.571902,0.546667,0.5345,0.450741,0.18,0.048729,191.07,191.07,3657.59,0.936893,0.559869,0.5686
MAR,2018,control,soybean,0,3036,,0.010645826,133.76,906,1,1,0.046,231,,,,,,,,,,,,,,
RHO,2018,control,corn,0,3042,5,3.828620323,8033.684,3696,1,2,0.063,1002,7.4,1.075335,1.075335,0.552776,0.5796,0.5796,0.29,0.051363,193.51,193.51,6424.85,1.075335,0.552776,0.5796
RHO,2018,control,corn,0,3045,6,0.274309817,1043.324,3132,2,2,0.038,1197,7.4,1.075335,1.075335,0.552776,0.5796,0.5796,0.29,0.051363,193.51,193.51,6424.85,1.075335,0.552776,0.5796
ARM,2018,control,soybean,0,3046,1,0.058299934,421.114,181,1,1,0.02,496,9.69,1.218611,1.351495,0.7436,0.9334,1.30774,0.08,0.051363,282.55,282.55,11480.76,1.218611,0.7436,0.9334
ARM,2018,control,soybean,0,3048,2,0.133860528,5056.601,1276,1,1,0.022,1116,9.69,1.218611,1.351495,0.7436,0.9334,1.30774,0.08,0.051363,282.55,282.55,11480.76,1.218611,0.7436,0.9334
MCN,2018,control,soybean,0,3049,,0.003595544,160.01,11401,1,1,0.15667,10621,5.5,0.944472,0.944472,0.450009,0.4379,0.4379,0.18,0.048729,181.24,181.24,7851.1,0.944472,0.450009,0.4379
MCN,2018,strips,soybean,3.18,3050,,0.004415443,688.829,2881,1,1,0.15667,10621,7.25,0.907315,0.571902,0.546667,0.5345,0.450741,0.18,0.048729,191.07,191.07,3657.59,0.936893,0.559869,0.5686
EIA,2018,strips,soybean,6.12,3051,3,0.29569025,9824.768,3637,2,2,0.085,1537,6.04,1.132814,1.05655,0.581,0.6406,0.5607,0.08,0.042144,303.12,304.53,32784.77,1.152225,0.58282,0.6458
EIA,2018,control,soybean,0,3052,3,1.852548504,14865.17,4736,1,2,0.085,1537,6.6,1.177394,1.177394,0.6186,0.7337,0.7337,0.08,0.042144,226.82,226.82,10301.02,1.177394,0.6186,0.7337
RHO,2018,strips,corn,6.62,3053,7,2.105946075,7875.635,1947,2,3,0.104,1583,6.61,0.838134,0.851913,0.580101,0.4767,0.669043,0.29,0.051363,223.55,190.34,10168.82,0.914546,0.594294,0.5412
RHO,2018,control,corn,0,3054,7,23.39759481,36056.416,6186,1,3,0.104,1583,7.4,1.075335,1.075335,0.552776,0.5796,0.5796,0.29,0.051363,193.51,193.51,6424.85,1.075335,0.552776,0.5796
WOR,2018,strips,corn,8.97,3055,2,23.693259,47618.31,1498,3,2,0.077,1997,4.46,0.976036,0.965735,0.454349,0.4337,0.351288,0.265,0.046095,257.4,189.27,8848.66,1.162726,0.466229,0.5108
WOR,2018,control,corn,0,3056,2,14.90260311,36100.239,6582,2,2,0.077,1997,4.88,1.09495,1.09495,0.388888,0.4167,0.4167,0.265,0.042144,242.37,242.37,20066.54,1.09495,0.388888,0.4167
MCN,2018,control,soybean,0,3057,,0.198124369,160.01,11401,1,1,0.15667,10621,5.5,0.944472,0.944472,0.450009,0.4379,0.4379,0.18,0.048729,181.24,181.24,7851.1,0.944472,0.450009,0.4379
MCN,2018,strips,soybean,3.18,3058,,1.419718153,688.829,2881,1,1,0.15667,10621,7.25,0.907315,0.571902,0.546667,0.5345,0.450741,0.18,0.048729,191.07,191.07,3657.59,0.936893,0.559869,0.5686
EIA,2018,strips,soybean,6.12,3059,4,0.402383829,15563.181,1481,1,2,0.048,472,6.04,1.132814,1.05655,0.581,0.6406,0.5607,0.08,0.042144,303.12,304.53,32784.77,1.152225,0.58282,0.6458
EIA,2018,control,soybean,0,3060,4,1.253074511,16266.427,3671,1,2,0.048,472,6.6,1.177394,1.177394,0.6186,0.7337,0.7337,0.08,0.042144,226.82,226.82,10301.02,1.177394,0.6186,0.7337
RHO,2018,strips,corn,6.62,3061,8,5.644128618,4323.81,1716,1,2,0.032,602,6.61,0.838134,0.851913,0.580101,0.4767,0.669043,0.29,0.051363,223.55,190.34,10168.82,0.914546,0.594294,0.5412
RHO,2018,control,corn,0,3062,8,9.700571082,19228.113,5106,1,2,0.032,602,7.4,1.075335,1.075335,0.552776,0.5796,0.5796,0.29,0.051363,193.51,193.51,6424.85,1.075335,0.552776,0.5796
WOR,2018,strips,corn,8.97,3063,3,2.895698174,8615.366,226,1,1,0.026,76,4.46,0.976036,0.965735,0.454349,0.4337,0.351288,0.265,0.046095,257.4,189.27,8848.66,1.162726,0.466229,0.5108
WOR,2018,control,corn,0,3064,3,1.376561765,8580.907,136,1,1,0.026,76,4.88,1.09495,1.09495,0.388888,0.4167,0.4167,0.265,0.042144,242.37,242.37,20066.54,1.09495,0.388888,0.4167
RHO,2018,strips,corn,6.62,3065,9,8.103016959,4790.166,2517,2,2,0.035,177,6.61,0.838134,0.851913,0.580101,0.4767,0.669043,0.29,0.051363,223.55,190.34,10168.82,0.914546,0.594294,0.5412
RHO,2018,control,corn,0,3066,9,3.36185234,26063.84,5682,2,2,0.035,177,7.4,1.075335,1.075335,0.552776,0.5796,0.5796,0.29,0.051363,193.51,193.51,6424.85,1.075335,0.552776,0.5796
WOR,2018,strips,corn,8.97,3067,4,10.4477093,21482.993,856,1,1,0.026,986,4.46,0.976036,0.965735,0.454349,0.4337,0.351288,0.265,0.046095,257.4,189.27,8848.66,1.162726,0.466229,0.5108
WOR,2018,control,corn,0,3068,4,6.669089906,17517.722,621,1,1,0.026,986,4.88,1.09495,1.09495,0.388888,0.4167,0.4167,0.265,0.042144,242.37,242.37,20066.54,1.09495,0.388888,0.4167
MCN,2018,control,soybean,0,3069,,1.91777215,53108.968,6996,1,2,0.142,5732,5.5,0.944472,0.944472,0.450009,0.4379,0.4379,0.18,0.048729,181.24,181.24,7851.1,0.944472,0.450009,0.4379
MCN,2018,strips,soybean,3.18,3070,,11.37206711,94437.182,5731,1,2,0.142,5732,7.25,0.907315,0.571902,0.546667,0.5345,0.450741,0.18,0.048729,191.07,191.07,3657.59,0.936893,0.559869,0.5686
EIA,2018,strips,soybean,6.12,3071,5,1.26569501,63324.468,5297,2,2,0.06,1182,6.04,1.132814,1.05655,0.581,0.6406,0.5607,0.08,0.042144,303.12,304.53,32784.77,1.152225,0.58282,0.6458
EIA,2018,control,soybean,0,3072,5,3.513702829,37123.009,4791,1,2,0.06,1182,6.6,1.177394,1.177394,0.6186,0.7337,0.7337,0.08,0.042144,226.82,226.82,10301.02,1.177394,0.6186,0.7337
MAR,2018,control,soybean,0,3073,,0.051813586,712.654,2096,1,2,0.038,1507,,,,,,,,,,,,,,
RHO,2018,control,corn,0,3074,10,5.783788365,8844.56,3537,2,2,0.024,317,7.4,1.075335,1.075335,0.552776,0.5796,0.5796,0.29,0.051363,193.51,193.51,6424.85,1.075335,0.552776,0.5796
ARM,2018,control,soybean,0,3075,3,0.123350905,5369.519,1516,1,1,0.022,811,9.69,1.218611,1.351495,0.7436,0.9334,1.30774,0.08,0.051363,282.55,282.55,11480.76,1.218611,0.7436,0.9334
WHI,2018,strips,corn,28.14,3076,1,18.11504022,21988.027,1527,2,2,0.044,1052,12.7,0.913835,0.87765,1.263059,1.2022,1.040121,0.08,0.051363,158.91,98.04,1662.3,1.112209,1.215166,1.5491
WHI,2018,control,corn,0,3077,1,34.42389782,16764.161,812,2,2,0.044,1052,10.78,1.551593,1.551593,1.02196,1.3615,1.3615,0.08,0.051363,622.47,622.47,115684.8,1.551593,1.02196,1.3615
MCN,2018,control,soybean,0,3078,,23.67211516,53108.968,6996,1,1,0.094,3946,5.5,0.944472,0.944472,0.450009,0.4379,0.4379,0.18,0.048729,181.24,181.24,7851.1,0.944472,0.450009,0.4379
MCN,2018,strips,soybean,3.18,3079,,49.10540964,94437.182,5731,1,1,0.094,3946,7.25,0.907315,0.571902,0.546667,0.5345,0.450741,0.18,0.048729,191.07,191.07,3657.59,0.936893,0.559869,0.5686
EIA,2018,strips,soybean,6.12,3080,6,0.37852165,60937.901,3686,1,2,0.031,1952,6.04,1.132814,1.05655,0.581,0.6406,0.5607,0.08,0.042144,303.12,304.53,32784.77,1.152225,0.58282,0.6458
EIA,2018,control,soybean,0,3081,6,0.450533763,37123.009,4791,1,2,0.031,1952,6.6,1.177394,1.177394,0.6186,0.7337,0.7337,0.08,0.042144,226.82,226.82,10301.02,1.177394,0.6186,0.7337
WHI,2018,strips,corn,28.14,3202,3,2.124183723,23983.284,856,1,1,0.026,456,12.7,0.913835,0.87765,1.263059,1.2022,1.040121,0.08,0.051363,158.91,98.04,1662.3,1.112209,1.215166,1.5491
WHI,2018,control,corn,0,3205,4,27.97317149,17555.539,1496,1,1,0.015,91,10.78,1.551593,1.551593,1.02196,1.3615,1.3615,0.08,0.051363,622.47,622.47,115684.8,1.551593,1.02196,1.3615
WHI,2018,strips,corn,28.14,3206,4,4.003503058,17500.742,321,1,1,0.015,91,12.7,0.913835,0.87765,1.263059,1.2022,1.040121,0.08,0.051363,158.91,98.04,1662.3,1.112209,1.215166,1.5491
WHI,2018,control,corn,0,3207,5,12.53414805,15888.063,1876,1,1,0.029,441,10.78,1.551593,1.551593,1.02196,1.3615,1.3615,0.08,0.051363,622.47,622.47,115684.8,1.551593,1.02196,1.3615
WHI,2018,strips,corn,28.14,3208,5,0.253254207,3605.013,476,1,1,0.029,441,12.7,0.913835,0.87765,1.263059,1.2022,1.040121,0.08,0.051363,158.91,98.04,1662.3,1.112209,1.215166,1.5491
WHI,2018,strips,corn,28.14,3209,6,0.141992588,2557.92,61,1,1,0.027,41,12.7,0.913835,0.87765,1.263059,1.2022,1.040121,0.08,0.051363,158.91,98.04,1662.3,1.112209,1.215166,1.5491
WHI,2018,control,corn,0,3210,6,22.97112764,15510.971,1476,1,1,0.027,41,10.78,1.551593,1.551593,1.02196,1.3615,1.3615,0.08,0.051363,622.47,622.47,115684.8,1.551593,1.02196,1.3615
WHI,2018,strips,corn,28.14,3211,7,0.815306233,1173.609,81,1,1,0.035,161,12.7,0.913835,0.87765,1.263059,1.2022,1.040121,0.08,0.051363,158.91,98.04,1662.3,1.112209,1.215166,1.5491
WHI,2018,strips,corn,28.14,3212,8,29.25706145,22808.552,111,1,1,0.039,866,12.7,0.913835,0.87765,1.263059,1.2022,1.040121,0.08,0.051363,158.91,98.04,1662.3,1.112209,1.215166,1.5491
WHI,2018,control,corn,0,3213,8,34.12208233,11937.446,91,1,1,0.039,866,10.78,1.551593,1.551593,1.02196,1.3615,1.3615,0.08,0.051363,622.47,622.47,115684.8,1.551593,1.02196,1.3615
MCN,2019,control,corn,0,4000,,0.601252462,969.678,806,1,1,0.04,201,5.5,0.944472,0.944472,0.450009,0.4379,0.4379,0.18,0.048729,181.24,181.24,7851.1,0.944472,0.450009,0.4379
MCN,2019,strips,corn,3.18,4001,,0.411935846,2986.13,591,1,1,0.04,201,7.25,0.907315,0.571902,0.546667,0.5345,0.450741,0.18,0.048729,191.07,191.07,3657.59,0.936893,0.559869,0.5686
RHO,2019,strips,corn,6.62,4004,1,14.76913439,3039.387,1622,2,2,0.039,1162,6.61,0.838134,0.851913,0.580101,0.4767,0.669043,0.29,0.051363,223.55,190.34,10168.82,0.914546,0.594294,0.5412
RHO,2019,control,corn,0,4005,1,14.57876435,297.922,1547,2,2,0.039,1162,7.4,1.075335,1.075335,0.552776,0.5796,0.5796,0.29,0.051363,193.51,193.51,6424.85,1.075335,0.552776,0.5796
MCN,2019,strips,corn,3.18,4006,,0.082844695,2160.719,996,1,1,0.017,1416,7.25,0.907315,0.571902,0.546667,0.5345,0.450741,0.18,0.048729,191.07,191.07,3657.59,0.936893,0.559869,0.5686
WOR,2019,strips,corn,8.97,4007,1,0.099644836,184.262,61,1,1,0.016,316,4.46,0.976036,0.965735,0.454349,0.4337,0.351288,0.265,0.046095,257.4,189.27,8848.66,1.162726,0.466229,0.5108
MCN,2019,control,corn,0,4008,,2.898058332,4384.585,496,1,1,0.016,346,5.5,0.944472,0.944472,0.450009,0.4379,0.4379,0.18,0.048729,181.24,181.24,7851.1,0.944472,0.450009,0.4379
MCN,2019,strips,corn,3.18,4009,,4.924489426,13044.589,1716,1,1,0.016,346,7.25,0.907315,0.571902,0.546667,0.5345,0.450741,0.18,0.048729,191.07,191.07,3657.59,0.936893,0.559869,0.5686
RHO,2019,strips,corn,6.62,4010,2,9.088194718,3238.151,586,1,1,0.028,341,6.61,0.838134,0.851913,0.580101,0.4767,0.669043,0.29,0.051363,223.55,190.34,10168.82,0.914546,0.594294,0.5412
RHO,2019,control,corn,0,4011,2,4.676647311,3381.426,461,1,1,0.028,341,7.4,1.075335,1.075335,0.552776,0.5796,0.5796,0.29,0.051363,193.51,193.51,6424.85,1.075335,0.552776,0.5796
WHI,2019,strips,soybean,28.14,4012,1,1.589017058,760.283,9001,1,1,0.01524,,12.7,0.913835,0.87765,1.263059,1.2022,1.040121,0.08,0.051363,158.91,98.04,1662.3,1.112209,1.215166,1.5491
ARM,2019,control,corn,0,4013,1,1.482723266,681.16,661,1,1,0.052,456,9.69,1.218611,1.351495,0.7436,0.9334,1.30774,0.08,0.051363,282.55,282.55,11480.76,1.218611,0.7436,0.9334
WOR,2019,strips,corn,8.97,4014,2,64.40338432,34544.681,986,1,1,0.057,466,4.46,0.976036,0.965735,0.454349,0.4337,0.351288,0.265,0.046095,257.4,189.27,8848.66,1.162726,0.466229,0.5108
WOR,2019,control,corn,0,4015,2,47.79828874,23770.585,546,1,1,0.057,466,4.88,1.09495,1.09495,0.388888,0.4167,0.4167,0.265,0.042144,242.37,242.37,20066.54,1.09495,0.388888,0.4167
ARM,2019,strips,corn,8.37,4016,2,0.736011911,4437.795,656,1,1,0.024,261,10.52,1.259345,0.860623,0.945,1.0455,0.411355,0.08,0.051363,270.65,190.97,11938.68,1.404695,0.9169,1.1531
ARM,2019,control,corn,0,4017,2,5.746803982,2623.566,1161,1,1,0.024,261,9.69,1.218611,1.351495,0.7436,0.9334,1.30774,0.08,0.051363,282.55,282.55,11480.76,1.218611,0.7436,0.9334
WHI,2019,strips,soybean,28.14,4019,2,8.374910834,760.283,9001,1,3,0.05183,,12.7,0.913835,0.87765,1.263059,1.2022,1.040121,0.08,0.051363,158.91,98.04,1662.3,1.112209,1.215166,1.5491
WHI,2019,control,soybean,0,4020,2,1.597427783,237.448,6241,1,3,0.05183,,10.78,1.551593,1.551593,1.02196,1.3615,1.3615,0.08,0.051363,622.47,622.47,115684.8,1.551593,1.02196,1.3615
MAR,2019,control,corn,0,4021,,10.0958513,1654.024,1771,1,1,0.037,451,,,,,,,,,,,,,,
MAR,2019,strips,corn,9.25,4022,,140.8530221,6796.044,1506,1,1,0.037,451,,,,,,,,,,,,,,
RHO,2019,strips,corn,6.62,4023,3,348.7496225,8549.422,1177,2,2,0.079,1542,6.61,0.838134,0.851913,0.580101,0.4767,0.669043,0.29,0.051363,223.55,190.34,10168.82,0.914546,0.594294,0.5412
RHO,2019,control,corn,0,4024,3,294.1574426,11311.754,1332,2,2,0.079,1542,7.4,1.075335,1.075335,0.552776,0.5796,0.5796,0.29,0.051363,193.51,193.51,6424.85,1.075335,0.552776,0.5796
MCN,2019,control,corn,0,4025,,119.8841385,10712.641,2169,4,4,0.11,1954,5.5,0.944472,0.944472,0.450009,0.4379,0.4379,0.18,0.048729,181.24,181.24,7851.1,0.944472,0.450009,0.4379
MCN,2019,strips,corn,3.18,4026,,269.6266762,74970.764,6607,2,4,0.11,1954,7.25,0.907315,0.571902,0.546667,0.5345,0.450741,0.18,0.048729,191.07,191.07,3657.59,0.936893,0.559869,0.5686
MAR,2019,control,corn,0,4027,,1.293150312,154.922,16,1,1,0.014,46,,,,,,,,,,,,,,
RHO,2019,strips,corn,6.62,4028,4,6.167042039,252.014,101,1,1,0.008,11,6.61,0.838134,0.851913,0.580101,0.4767,0.669043,0.29,0.051363,223.55,190.34,10168.82,0.914546,0.594294,0.5412
RHO,2019,control,corn,0,4029,4,43.92100005,1267.97,3316,1,1,0.008,11,7.4,1.075335,1.075335,0.552776,0.5796,0.5796,0.29,0.051363,193.51,193.51,6424.85,1.075335,0.552776,0.5796
WOR,2019,strips,corn,8.97,4031,3,13.34263818,5039.6,556,1,1,0.029,146,4.46,0.976036,0.965735,0.454349,0.4337,0.351288,0.265,0.046095,257.4,189.27,8848.66,1.162726,0.466229,0.5108
WOR,2019,control,corn,0,4032,3,0.917461044,1169.809,486,1,1,0.029,146,4.88,1.09495,1.09495,0.388888,0.4167,0.4167,0.265,0.042144,242.37,242.37,20066.54,1.09495,0.388888,0.4167
RHO,2019,strips,corn,6.62,4033,5,139.5909851,5592.628,3691,1,2,0.053,142,6.61,0.838134,0.851913,0.580101,0.4767,0.669043,0.29,0.051363,223.55,190.34,10168.82,0.914546,0.594294,0.5412
RHO,2019,control,corn,0,4034,5,700.1722004,39638.763,3771,1,2,0.053,142,7.4,1.075335,1.075335,0.552776,0.5796,0.5796,0.29,0.051363,193.51,193.51,6424.85,1.075335,0.552776,0.5796
MCN,2019,strips,corn,3.18,4035,,2.192171883,1467.42,1421,1,1,0.016,186,7.25,0.907315,0.571902,0.546667,0.5345,0.450741,0.18,0.048729,191.07,191.07,3657.59,0.936893,0.559869,0.5686
MCN,2019,control,corn,0,4036,,6.305119018,721.904,966,1,1,0.024,281,5.5,0.944472,0.944472,0.450009,0.4379,0.4379,0.18,0.048729,181.24,181.24,7851.1,0.944472,0.450009,0.4379
MCN,2019,strips,corn,3.18,4037,,23.47680429,7911.214,1256,1,1,0.024,281,7.25,0.907315,0.571902,0.546667,0.5345,0.450741,0.18,0.048729,191.07,191.07,3657.59,0.936893,0.559869,0.5686
RHO,2019,strips,corn,6.62,4038,6,3.688114486,410.733,531,1,1,0.019,496,6.61,0.838134,0.851913,0.580101,0.4767,0.669043,0.29,0.051363,223.55,190.34,10168.82,0.914546,0.594294,0.5412
RHO,2019,control,corn,0,4039,6,7.021526937,1744.423,2211,1,1,0.019,496,7.4,1.075335,1.075335,0.552776,0.5796,0.5796,0.29,0.051363,193.51,193.51,6424.85,1.075335,0.552776,0.5796
WOR,2019,strips,corn,8.97,4040,4,6.032208256,14950.446,741,1,1,0.05,1766,4.46,0.976036,0.965735,0.454349,0.4337,0.351288,0.265,0.046095,257.4,189.27,8848.66,1.162726,0.466229,0.5108
WOR,2019,control,corn,0,4041,4,0.805512682,6841.219,2421,1,1,0.05,1766,4.88,1.09495,1.09495,0.388888,0.4167,0.4167,0.265,0.042144,242.37,242.37,20066.54,1.09495,0.388888,0.4167
ARM,2019,control,corn,0,4043,3,15.48106686,452.92,461,1,1,0.06,101,9.69,1.218611,1.351495,0.7436,0.9334,1.30774,0.08,0.051363,282.55,282.55,11480.76,1.218611,0.7436,0.9334
MCN,2019,control,corn,0,4044,,0.076493565,32.798,16,1,1,0.05,86,5.5,0.944472,0.944472,0.450009,0.4379,0.4379,0.18,0.048729,181.24,181.24,7851.1,0.944472,0.450009,0.4379
MCN,2019,strips,corn,3.18,4045,,0.096123724,134.788,21,1,1,0.05,86,7.25,0.907315,0.571902,0.546667,0.5345,0.450741,0.18,0.048729,191.07,191.07,3657.59,0.936893,0.559869,0.5686
RHO,2019,control,corn,0,4046,7,1.551275022,284.601,51,1,1,0.03,51,7.4,1.075335,1.075335,0.552776,0.5796,0.5796,0.29,0.051363,193.51,193.51,6424.85,1.075335,0.552776,0.5796
MCN,2019,control,corn,0,4047,,0.52688678,161.506,21,1,1,0.048,81,5.5,0.944472,0.944472,0.450009,0.4379,0.4379,0.18,0.048729,181.24,181.24,7851.1,0.944472,0.450009,0.4379
MCN,2019,strips,corn,3.18,4048,,14.70865057,9198.879,1031,1,1,0.048,81,7.25,0.907315,0.571902,0.546667,0.5345,0.450741,0.18,0.048729,191.07,191.07,3657.59,0.936893,0.559869,0.5686
WHI,2019,strips,soybean,28.14,4049,3,5.81765841,13551.214,106,1,1,0.102,106,12.7,0.913835,0.87765,1.263059,1.2022,1.040121,0.08,0.051363,158.91,98.04,1662.3,1.112209,1.215166,1.5491
WHI,2019,control,soybean,0,4050,3,3.426840829,4483.814,111,1,1,0.102,106,10.78,1.551593,1.551593,1.02196,1.3615,1.3615,0.08,0.051363,622.47,622.47,115684.8,1.551593,1.02196,1.3615
ARM,2019,control,corn,0,4051,4,1.180012314,725.6,676,1,1,0.064,696,9.69,1.218611,1.351495,0.7436,0.9334,1.30774,0.08,0.051363,282.55,282.55,11480.76,1.218611,0.7436,0.9334
MCN,2019,strips,corn,3.18,4052,,0.012944716,97.985,2026,1,1,0.038,961,7.25,0.907315,0.571902,0.546667,0.5345,0.450741,0.18,0.048729,191.07,191.07,3657.59,0.936893,0.559869,0.5686
ARM,2019,control,corn,0,4053,5,2.394597491,3036.538,71,1,1,0.029,151,9.69,1.218611,1.351495,0.7436,0.9334,1.30774,0.08,0.051363,282.55,282.55,11480.76,1.218611,0.7436,0.9334
ARM,2019,control,corn,0,4056,6,2.057118264,6322.056,1416,1,1,0.051,1186,9.69,1.218611,1.351495,0.7436,0.9334,1.30774,0.08,0.051363,282.55,282.55,11480.76,1.218611,0.7436,0.9334
MCN,2019,strips,corn,3.18,4058,,9.049520267,11329.139,2291,1,1,0.028,1211,7.25,0.907315,0.571902,0.546667,0.5345,0.450741,0.18,0.048729,191.07,191.07,3657.59,0.936893,0.559869,0.5686
RHO,2019,strips,corn,6.62,4059,8,6.268039982,3695.449,3586,1,1,0.052,1141,6.61,0.838134,0.851913,0.580101,0.4767,0.669043,0.29,0.051363,223.55,190.34,10168.82,0.914546,0.594294,0.5412
RHO,2019,control,corn,0,4060,8,9.12749023,7623.591,3586,1,1,0.052,1141,7.4,1.075335,1.075335,0.552776,0.5796,0.5796,0.29,0.051363,193.51,193.51,6424.85,1.075335,0.552776,0.5796
RHO,2019,strips,corn,6.62,4061,9,1.372869411,1554.822,1666,1,1,0.027,296,6.61,0.838134,0.851913,0.580101,0.4767,0.669043,0.29,0.051363,223.55,190.34,10168.82,0.914546,0.594294,0.5412
RHO,2019,control,corn,0,4062,9,3.430910209,4137.033,1646,1,1,0.027,296,7.4,1.075335,1.075335,0.552776,0.5796,0.5796,0.29,0.051363,193.51,193.51,6424.85,1.075335,0.552776,0.5796
ARM,2019,control,corn,0,4063,7,0.389374332,1455.414,216,1,1,0.014,36,9.69,1.218611,1.351495,0.7436,0.9334,1.30774,0.08,0.051363,282.55,282.55,11480.76,1.218611,0.7436,0.9334
WHI,2019,strips,soybean,28.14,4064,4,0.052997137,587.591,86,1,1,0.017,546,12.7,0.913835,0.87765,1.263059,1.2022,1.040121,0.08,0.051363,158.91,98.04,1662.3,1.112209,1.215166,1.5491
ARM,2019,control,corn,0,4065,8,0.468899042,1428.299,796,1,1,0.021,1476,9.69,1.218611,1.351495,0.7436,0.9334,1.30774,0.08,0.051363,282.55,282.55,11480.76,1.218611,0.7436,0.9334
WHI,2019,strips,soybean,28.14,4066,5,14.25025347,31719.929,1291,1,1,0.073,1231,12.7,0.913835,0.87765,1.263059,1.2022,1.040121,0.08,0.051363,158.91,98.04,1662.3,1.112209,1.215166,1.5491
RHO,2019,strips,corn,6.62,4068,10,5.330658334,464.757,2121,1,1,0.011,119,6.61,0.838134,0.851913,0.580101,0.4767,0.669043,0.29,0.051363,223.55,190.34,10168.82,0.914546,0.594294,0.5412
RHO,2019,control,corn,0,4069,10,7.53288734,6055.452,131,1,1,0.011,119,7.4,1.075335,1.075335,0.552776,0.5796,0.5796,0.29,0.051363,193.51,193.51,6424.85,1.075335,0.552776,0.5796
MCN,2019,strips,corn,3.18,4070,,9.174233512,8397.35,1256,1,1,0.023,681,7.25,0.907315,0.571902,0.546667,0.5345,0.450741,0.18,0.048729,191.07,191.07,3657.59,0.936893,0.559869,0.5686
MCN,2019,strips,corn,3.18,4071,,0.06902313,350.061,396,1,1,0.01,296,7.25,0.907315,0.571902,0.546667,0.5345,0.450741,0.18,0.048729,191.07,191.07,3657.59,0.936893,0.559869,0.5686
WOR,2019,strips,corn,8.97,4072,5,0.197521148,1095.795,1161,1,1,0.037,1111,4.46,0.976036,0.965735,0.454349,0.4337,0.351288,0.265,0.046095,257.4,189.27,8848.66,1.162726,0.466229,0.5108
MCN,2020,strips,soybean,3.18,5000,,0.263338131,400.8,1186,1,1,0.008,511,7.25,0.907315,0.571902,0.546667,0.5345,0.450741,0.18,0.048729,191.07,191.07,3657.59,0.936893,0.559869,0.5686
MCN,2020,control,soybean,0,5001,,0.42145033,37.195,21,1,1,0.062,1001,5.5,0.944472,0.944472,0.450009,0.4379,0.4379,0.18,0.048729,181.24,181.24,7851.1,0.944472,0.450009,0.4379
MCN,2020,strips,soybean,3.18,5002,,47.52998351,26057.42,1916,1,1,0.062,1001,7.25,0.907315,0.571902,0.546667,0.5345,0.450741,0.18,0.048729,191.07,191.07,3657.59,0.936893,0.559869,0.5686
MCN,2020,strips,soybean,3.18,5003,,2.717823724,3730.794,1496,1,1,0.013,76,7.25,0.907315,0.571902,0.546667,0.5345,0.450741,0.18,0.048729,191.07,191.07,3657.59,0.936893,0.559869,0.5686
RHO,2020,strips,corn,6.62,5005,1,2.692702831,354.509,106,1,1,0.032,251,6.61,0.838134,0.851913,0.580101,0.4767,0.669043,0.29,0.051363,223.55,190.34,10168.82,0.914546,0.594294,0.5412
RHO,2020,control,corn,0,5006,1,0.156243571,5091.656,1481,1,1,0.032,251,7.4,1.075335,1.075335,0.552776,0.5796,0.5796,0.29,0.051363,193.51,193.51,6424.85,1.075335,0.552776,0.5796
HOE,2020,control,corn,0,5007,1,18.70835327,6281.642,1526,1,1,0.049,946,6.64,1.312906,1.312906,0.63142,0.6618,0.6618,0.18,0.051363,621.75,621.75,103312.27,1.312906,0.63142,0.6618
WOR,2020,strips,soybean,8.97,5008,1,0.215479064,278.536,61,1,2,0.085,2622,4.46,0.976036,0.965735,0.454349,0.4337,0.351288,0.265,0.046095,257.4,189.27,8848.66,1.162726,0.466229,0.5108
MCN,2020,strips,soybean,3.18,5009,,43.81486752,12433.992,1391,1,2,0.02,52,7.25,0.907315,0.571902,0.546667,0.5345,0.450741,0.18,0.048729,191.07,191.07,3657.59,0.936893,0.559869,0.5686
MAR,2020,control,corn,0,5010,,0.78632521,267.336,346,1,1,0.035,166,,,,,,,,,,,,,,
MAR,2020,strips,corn,9.25,5011,,80.86990009,10107.715,1566,1,1,0.035,166,,,,,,,,,,,,,,
MCN,2020,strips,soybean,3.18,5012,,20.18566429,9572.248,256,1,1,0.015,31,7.25,0.907315,0.571902,0.546667,0.5345,0.450741,0.18,0.048729,191.07,191.07,3657.59,0.936893,0.559869,0.5686
MAR,2020,strips,corn,9.25,5015,,3.141262607,1336.587,2721,1,1,0.021,211,,,,,,,,,,,,,,
RHO,2020,strips,corn,6.62,5016,2,1.759022749,1261.998,1731,1,2,0.052,577,6.61,0.838134,0.851913,0.580101,0.4767,0.669043,0.29,0.051363,223.55,190.34,10168.82,0.914546,0.594294,0.5412
RHO,2020,control,corn,0,5017,2,9.611161389,4412.883,512,2,2,0.052,577,7.4,1.075335,1.075335,0.552776,0.5796,0.5796,0.29,0.051363,193.51,193.51,6424.85,1.075335,0.552776,0.5796
MCN,2020,strips,soybean,3.18,5019,,7.685927126,19469.393,2026,1,1,0.039,631,7.25,0.907315,0.571902,0.546667,0.5345,0.450741,0.18,0.048729,191.07,191.07,3657.59,0.936893,0.559869,0.5686
RHO,2020,control,corn,0,5020,3,1.117291861,666.066,2017,2,3,0.069,1363,7.4,1.075335,1.075335,0.552776,0.5796,0.5796,0.29,0.051363,193.51,193.51,6424.85,1.075335,0.552776,0.5796
MCN,2021,control,corn,0,6000,1,8.051957286,2180.942,286,1,1,0.043,336,5.5,0.944472,0.944472,0.450009,0.4379,0.4379,0.18,0.048729,181.24,181.24,7851.1,0.944472,0.450009,0.4379
MCN,2021,strips,corn,3.18,6001,1,0.197857488,1258.642,356,1,1,0.043,336,7.25,0.907315,0.571902,0.546667,0.5345,0.450741,0.18,0.048729,191.07,191.07,3657.59,0.936893,0.559869,0.5686
RHO,2021,strips,corn,6.62,6002,1,5.26967387,589.492,386,1,1,0.028,26,6.61,0.838134,0.851913,0.580101,0.4767,0.669043,0.29,0.051363,223.55,190.34,10168.82,0.914546,0.594294,0.5412
RHO,2021,control,corn,0,6003,1,24.65275552,3056.672,1456,1,1,0.028,26,7.4,1.075335,1.075335,0.552776,0.5796,0.5796,0.29,0.051363,193.51,193.51,6424.85,1.075335,0.552776,0.5796
MCN,2021,control,corn,0,6004,2,0.201617394,239.915,226,1,1,0.044,186,5.5,0.944472,0.944472,0.450009,0.4379,0.4379,0.18,0.048729,181.24,181.24,7851.1,0.944472,0.450009,0.4379
MCN,2021,strips,corn,3.18,6005,2,0.910299028,3671.541,316,1,1,0.044,186,7.25,0.907315,0.571902,0.546667,0.5345,0.450741,0.18,0.048729,191.07,191.07,3657.59,0.936893,0.559869,0.5686
MCN,2021,control,corn,0,6006,3,1.328591832,21103.183,1446,1,1,0.097,976,5.5,0.944472,0.944472,0.450009,0.4379,0.4379,0.18,0.048729,181.24,181.24,7851.1,0.944472,0.450009,0.4379
MCN,2021,strips,corn,3.18,6007,3,3.708710987,25017.192,1106,1,1,0.097,976,7.25,0.907315,0.571902,0.546667,0.5345,0.450741,0.18,0.048729,191.07,191.07,3657.59,0.936893,0.559869,0.5686
RHO,2021,control,corn,0,6008,2,5.730862567,7402.286,91,1,1,0.099,771,7.4,1.075335,1.075335,0.552776,0.5796,0.5796,0.29,0.051363,193.51,193.51,6424.85,1.075335,0.552776,0.5796
MCN,2021,control,corn,0,6009,4,12.50967743,27780.232,1641,1,1,0.071,216,5.5,0.944472,0.944472,0.450009,0.4379,0.4379,0.18,0.048729,181.24,181.24,7851.1,0.944472,0.450009,0.4379
MCN,2021,strips,corn,3.18,6010,4,22.23153427,42031.947,1641,1,1,0.071,216,7.25,0.907315,0.571902,0.546667,0.5345,0.450741,0.18,0.048729,191.07,191.07,3657.59,0.936893,0.559869,0.5686
HOE,2021,control,soybean,0,6011,1,0.055199057,630.489,796,1,2,0.156,2752,6.64,1.312906,1.312906,0.63142,0.6618,0.6618,0.18,0.051363,621.75,621.75,103312.27,1.312906,0.63142,0.6618
ARM,2017,control,corn,0,2011_2,2,11.24732677,15942.344,6481,1,1,0.05,1176,9.69,1.218611,1.351495,0.7436,0.9334,1.30774,0.08,0.051363,282.55,282.55,11480.76,1.218611,0.7436,0.9334
EIA,2018,control,soybean,0,3020_6,2,11.3963857,76910.36,5166,1,3,0.125,2662,6.6,1.177394,1.177394,0.6186,0.7337,0.7337,0.08,0.042144,226.82,226.82,10301.02,1.177394,0.6186,0.7337
EIA,2018,strips,soybean,6.12,3022_5,2,1.57203191,7572.156,2681,2,3,0.125,2662,6.04,1.132814,1.05655,0.581,0.6406,0.5607,0.08,0.042144,303.12,304.53,32784.77,1.152225,0.58282,0.6458
RHO,2018,strips,corn,6.62,3028_37,4,2.610299127,,,,3,0.151,,6.61,0.838134,0.851913,0.580101,0.4767,0.669043,0.29,0.051363,223.55,190.34,10168.82,0.914546,0.594294,0.5412
RHO,2018,control,corn,0,3029_38,4,75.7143608,,,,3,0.151,,7.4,1.075335,1.075335,0.552776,0.5796,0.5796,0.29,0.051363,193.51,193.51,6424.85,1.075335,0.552776,0.5796
WHI,2018,strips,corn,28.14,3200_1,2,7.791482167,3958.067,576,1,,0.026,506,12.7,0.913835,0.87765,1.263059,1.2022,1.040121,0.08,0.051363,158.91,98.04,1662.3,1.112209,1.215166,1.5491
ARM,2016,strips,soybean,8.37,NS,2,0,0,0,0,3,0.051,483,10.52,1.259345,0.860623,0.945,1.0455,0.411355,0.08,0.051363,270.65,190.97,11938.68,1.404695,0.9169,1.1531
ARM,2016,strips,soybean,8.37,NS,4,0,0,0,0,1,0.056,301,10.52,1.259345,0.860623,0.945,1.0455,0.411355,0.08,0.051363,270.65,190.97,11938.68,1.404695,0.9169,1.1531
ARM,2016,strips,soybean,8.37,NS,5,0,0,0,0,1,0.047,126,10.52,1.259345,0.860623,0.945,1.0455,0.411355,0.08,0.051363,270.65,190.97,11938.68,1.404695,0.9169,1.1531
ARM,2017,strips,corn,8.37,NS,1,0,0,0,0,1,0.028,261,10.52,1.259345,0.860623,0.945,1.0455,0.411355,0.08,0.051363,270.65,190.97,11938.68,1.404695,0.9169,1.1531
ARM,2017,strips,corn,8.37,NS,2,0,0,0,0,1,0.05,1176,10.52,1.259345,0.860623,0.945,1.0455,0.411355,0.08,0.051363,270.65,190.97,11938.68,1.404695,0.9169,1.1531
ARM,2017,strips,corn,8.37,NS,3,0,0,0,0,2,0.043,787,10.52,1.259345,0.860623,0.945,1.0455,0.411355,0.08,0.051363,270.65,190.97,11938.68,1.404695,0.9169,1.1531
ARM,2017,strips,corn,8.37,NS,4,0,0,0,0,1,0.035,521,10.52,1.259345,0.860623,0.945,1.0455,0.411355,0.08,0.051363,270.65,190.97,11938.68,1.404695,0.9169,1.1531
ARM,2018,strips,soybean,8.37,NS,1,0,0,0,0,1,0.02,496,10.52,1.259345,0.860623,0.945,1.0455,0.411355,0.08,0.051363,270.65,190.97,11938.68,1.404695,0.9169,1.1531
ARM,2018,strips,soybean,8.37,NS,2,0,0,0,0,1,0.022,1116,10.52,1.259345,0.860623,0.945,1.0455,0.411355,0.08,0.051363,270.65,190.97,11938.68,1.404695,0.9169,1.1531
ARM,2018,strips,soybean,8.37,NS,3,0,0,0,0,1,0.022,811,10.52,1.259345,0.860623,0.945,1.0455,0.411355,0.08,0.051363,270.65,190.97,11938.68,1.404695,0.9169,1.1531
ARM,2019,strips,corn,8.37,NS,1,0,0,0,0,1,0.052,456,10.52,1.259345,0.860623,0.945,1.0455,0.411355,0.08,0.051363,270.65,190.97,11938.68,1.404695,0.9169,1.1531
ARM,2019,strips,corn,8.37,NS,3,0,0,0,0,1,0.06,101,10.52,1.259345,0.860623,0.945,1.0455,0.411355,0.08,0.051363,270.65,190.97,11938.68,1.404695,0.9169,1.1531
ARM,2019,strips,corn,8.37,NS,4,0,0,0,0,1,0.064,696,10.52,1.259345,0.860623,0.945,1.0455,0.411355,0.08,0.051363,270.65,190.97,11938.68,1.404695,0.9169,1.1531
ARM,2019,strips,corn,8.37,NS,5,0,0,0,0,1,0.029,151,10.52,1.259345,0.860623,0.945,1.0455,0.411355,0.08,0.051363,270.65,190.97,11938.68,1.404695,0.9169,1.1531
ARM,2019,strips,corn,8.37,NS,6,0,0,0,0,1,0.051,1186,10.52,1.259345,0.860623,0.945,1.0455,0.411355,0.08,0.051363,270.65,190.97,11938.68,1.404695,0.9169,1.1531
ARM,2019,strips,corn,8.37,NS,7,0,0,0,0,1,0.014,36,10.52,1.259345,0.860623,0.945,1.0455,0.411355,0.08,0.051363,270.65,190.97,11938.68,1.404695,0.9169,1.1531
ARM,2019,strips,corn,8.37,NS,8,0,0,0,0,1,0.021,1476,10.52,1.259345,0.860623,0.945,1.0455,0.411355,0.08,0.051363,270.65,190.97,11938.68,1.404695,0.9169,1.1531
EIA,2016,control,soybean,0,NS,1,0,0,0,0,1,0.013,266,6.04,1.177394,1.177394,0.6186,0.7337,0.7337,0.08,0.042144,226.82,226.82,10301.02,1.177394,0.6186,0.7337
EIA,2016,control,soybean,0,NS,2,0,0,0,0,2,0.028,82,6.6,1.177394,1.177394,0.6186,0.7337,0.7337,0.08,0.042144,226.82,226.82,10301.02,1.177394,0.6186,0.7337
EIA,2016,control,soybean,0,NS,4,0,0,0,0,1,0.02,136,6.6,1.177394,1.177394,0.6186,0.7337,0.7337,0.08,0.042144,226.82,226.82,10301.02,1.177394,0.6186,0.7337
EIA,2016,control,soybean,0,NS,5,0,0,0,0,1,0.015,91,6.6,1.177394,1.177394,0.6186,0.7337,0.7337,0.08,0.042144,226.82,226.82,10301.02,1.177394,0.6186,0.7337
EIA,2016,control,soybean,0,NS,6,0,0,0,0,2,0.051,117,6.6,1.177394,1.177394,0.6186,0.7337,0.7337,0.08,0.042144,226.82,226.82,10301.02,1.177394,0.6186,0.7337
EIA,2016,control,soybean,0,NS,11,0,0,0,0,1,0.029,186,6.6,1.177394,1.177394,0.6186,0.7337,0.7337,0.08,0.042144,226.82,226.82,10301.02,1.177394,0.6186,0.7337
HOE,2016,strips,corn,7.54,NS,1,0,0,0,0,3,0.11934,10023,6.37,1.307997,1.31,0.528073,0.59,0.59175,0.18,0.051363,883.17,696.31,132510.05,1.390817,0.528073,0.580947
HOE,2016,strips,corn,7.54,NS,2,0,0,0,0,2,0.15743,11222,6.37,1.307997,1.31,0.528073,0.59,0.59175,0.18,0.051363,883.17,696.31,132510.05,1.390817,0.528073,0.580947
HOE,2016,strips,corn,7.54,NS,3,0,0,0,0,2,0.058,587,6.37,1.307997,1.31,0.528073,0.59,0.59175,0.18,0.051363,883.17,696.31,132510.05,1.390817,0.528073,0.580947
HOE,2016,strips,corn,7.54,NS,4,0,0,0,0,1,0.029,401,6.37,1.307997,1.31,0.528073,0.59,0.59175,0.18,0.051363,883.17,696.31,132510.05,1.390817,0.528073,0.580947
HOE,2017,strips,soybean,7.54,NS,1,0,0,0,0,1,0.021,111,6.37,1.307997,1.31,0.528073,0.59,0.59175,0.18,0.051363,883.17,696.31,132510.05,1.390817,0.528073,0.580947
HOE,2017,strips,soybean,7.54,NS,2,0,0,0,0,1,0.023,1141,6.37,1.307997,1.31,0.528073,0.59,0.59175,0.18,0.051363,883.17,696.31,132510.05,1.390817,0.528073,0.580947
HOE,2017,strips,soybean,7.54,NS,3,0,0,0,0,1,0.023,696,6.37,1.307997,1.31,0.528073,0.59,0.59175,0.18,0.051363,883.17,696.31,132510.05,1.390817,0.528073,0.580947
HOE,2017,strips,soybean,7.54,NS,4,0,0,0,0,1,0.051,336,6.37,1.307997,1.31,0.528073,0.59,0.59175,0.18,0.051363,883.17,696.31,132510.05,1.390817,0.528073,0.580947
HOE,2017,strips,soybean,7.54,NS,5,0,0,0,0,1,0.05892,301,6.37,1.307997,1.31,0.528073,0.59,0.59175,0.18,0.051363,883.17,696.31,132510.05,1.390817,0.528073,0.580947
HOE,2018,strips,corn,7.54,NS,1,0,0,0,0,1,0.043,926,6.37,1.307997,1.31,0.528073,0.59,0.59175,0.18,0.051363,883.17,696.31,132510.05,1.390817,0.528073,0.580947
HOE,2018,strips,corn,7.54,NS,2,0,0,0,0,1,0.08,956,6.37,1.307997,1.31,0.528073,0.59,0.59175,0.18,0.051363,883.17,696.31,132510.05,1.390817,0.528073,0.580947
HOE,2018,strips,corn,7.54,NS,5,0,0,0,0,1,0.0726,2701,6.37,1.307997,1.31,0.528073,0.59,0.59175,0.18,0.051363,883.17,696.31,132510.05,1.390817,0.528073,0.580947
HOE,2018,strips,corn,7.54,NS,6,0,0,0,0,1,0.06932,3421,6.37,1.307997,1.31,0.528073,0.59,0.59175,0.18,0.051363,883.17,696.31,132510.05,1.390817,0.528073,0.580947
HOE,2020,strips,corn,7.54,NS,1,0,0,0,0,1,0.049,946,6.37,1.307997,1.31,0.528073,0.59,0.59175,0.18,0.051363,883.17,696.31,132510.05,1.390817,0.528073,0.580947
HOE,2021,strips,soybean,7.54,NS,1,0,0,0,0,2,0.156,2752,6.37,1.307997,1.31,0.528073,0.59,0.59175,0.18,0.051363,883.17,696.31,132510.05,1.390817,0.528073,0.580947
RHO,2017,control,corn,0,NS,1,0,0,0,0,1,0.017,976,7.4,1.075335,1.075335,0.552776,0.5796,0.5796,0.29,0.051363,193.51,193.51,6424.85,1.075335,0.552776,0.5796
RHO,2018,control,corn,0,NS,2,0,0,0,0,1,0.139,381,7.4,1.075335,1.075335,0.552776,0.5796,0.5796,0.29,0.051363,193.51,193.51,6424.85,1.075335,0.552776,0.5796
RHO,2016,strips,corn,6.62,NS,3,0,0,0,0,1,0.029,201,6.61,0.838134,0.851913,0.580101,0.4767,0.669043,0.29,0.051363,223.55,190.34,10168.82,0.914546,0.594294,0.5412
RHO,2016,strips,corn,6.62,NS,4,0,0,0,0,1,0.015,251,6.61,0.838134,0.851913,0.580101,0.4767,0.669043,0.29,0.051363,223.55,190.34,10168.82,0.914546,0.594294,0.5412
RHO,2016,strips,corn,6.62,NS,5,0,0,0,0,1,0.013,106,6.61,0.838134,0.851913,0.580101,0.4767,0.669043,0.29,0.051363,223.55,190.34,10168.82,0.914546,0.594294,0.5412
RHO,2017,strips,corn,6.62,NS,2,0,0,0,0,1,0.029,491,6.61,0.838134,0.851913,0.580101,0.4767,0.669043,0.29,0.051363,223.55,190.34,10168.82,0.914546,0.594294,0.5412
RHO,2017,strips,corn,6.62,NS,3,0,0,0,0,3,0.051,203,6.61,0.838134,0.851913,0.580101,0.4767,0.669043,0.29,0.051363,223.55,190.34,10168.82,0.914546,0.594294,0.5412
RHO,2017,strips,corn,6.62,NS,4,0,0,0,0,1,0.013,101,6.61,0.838134,0.851913,0.580101,0.4767,0.669043,0.29,0.051363,223.55,190.34,10168.82,0.914546,0.594294,0.5412
RHO,2017,strips,corn,6.62,NS,7,0,0,0,0,2,0.071,1957,6.61,0.838134,0.851913,0.580101,0.4767,0.669043,0.29,0.051363,223.55,190.34,10168.82,0.914546,0.594294,0.5412
RHO,2018,strips,corn,6.62,NS,1,0,0,0,0,1,0.016,86,6.61,0.838134,0.851913,0.580101,0.4767,0.669043,0.29,0.051363,223.55,190.34,10168.82,0.914546,0.594294,0.5412
RHO,2018,strips,corn,6.62,NS,5,0,0,0,0,2,0.063,1002,6.61,0.838134,0.851913,0.580101,0.4767,0.669043,0.29,0.051363,223.55,190.34,10168.82,0.914546,0.594294,0.5412
RHO,2018,strips,corn,6.62,NS,6,0,0,0,0,2,0.038,1197,6.61,0.838134,0.851913,0.580101,0.4767,0.669043,0.29,0.051363,223.55,190.34,10168.82,0.914546,0.594294,0.5412
RHO,2018,strips,corn,6.62,NS,10,0,0,0,0,2,0.024,317,6.61,0.838134,0.851913,0.580101,0.4767,0.669043,0.29,0.051363,223.55,190.34,10168.82,0.914546,0.594294,0.5412
RHO,2019,strips,corn,6.62,NS,7,0,0,0,0,1,0.03,51,6.61,0.838134,0.851913,0.580101,0.4767,0.669043,0.29,0.051363,223.55,190.34,10168.82,0.914546,0.594294,0.5412
RHO,2020,strips,corn,6.62,NS,3,0,0,0,0,3,0.069,1363,6.61,0.838134,0.851913,0.580101,0.4767,0.669043,0.29,0.051363,223.55,190.34,10168.82,0.914546,0.594294,0.5412
RHO,2021,strips,corn,6.62,NS,2,0,0,0,0,1,0.099,771,6.61,0.838134,0.851913,0.580101,0.4767,0.669043,0.29,0.051363,223.55,190.34,10168.82,0.914546,0.594294,0.5412
WHI,2018,control,corn,0,NS,2,0,0,0,0,1,0.026,506,10.78,1.551593,1.551593,1.02196,1.3615,1.3615,0.08,0.051363,622.47,622.47,115684.8,1.551593,1.02196,1.3615
WHI,2018,control,corn,0,NS,3,0,0,0,0,1,0.026,456,10.78,1.551593,1.551593,1.02196,1.3615,1.3615,0.08,0.051363,622.47,622.47,115684.8,1.551593,1.02196,1.3615
WHI,2018,control,corn,0,NS,7,0,0,0,0,1,0.035,161,10.78,1.551593,1.551593,1.02196,1.3615,1.3615,0.08,0.051363,622.47,622.47,115684.8,1.551593,1.02196,1.3615
WHI,2019,control,soybean,0,NS,1,0,0,0,0,1,0.01524,,10.78,1.551593,1.551593,1.02196,1.3615,1.3615,0.08,0.051363,622.47,622.47,115684.8,1.551593,1.02196,1.3615
WHI,2019,control,soybean,0,NS,4,0,0,0,0,1,0.017,546,10.78,1.551593,1.551593,1.02196,1.3615,1.3615,0.08,0.051363,622.47,622.47,115684.8,1.551593,1.02196,1.3615
WHI,2019,control,soybean,0,NS,5,0,0,0,0,1,0.073,1231,10.78,1.551593,1.551593,1.02196,1.3615,1.3615,0.08,0.051363,622.47,622.47,115684.8,1.551593,1.02196,1.3615
WHI,2016,strips,corn,28.14,NS,1,0,0,0,0,1,0.056,896,12.7,0.913835,0.87765,1.263059,1.2022,1.040121,0.08,0.051363,158.91,98.04,1662.3,1.112209,1.215166,1.5491
WOR,2019,control,corn,0,NS,1,0,0,0,0,1,0.016,316,4.88,1.09495,1.09495,0.388888,0.4167,0.4167,0.265,0.042144,242.37,242.37,20066.54,1.09495,0.388888,0.4167
WOR,2019,control,corn,0,NS,5,0,0,0,0,1,0.037,1111,4.88,1.09495,1.09495,0.388888,0.4167,0.4167,0.265,0.042144,242.37,242.37,20066.54,1.09495,0.388888,0.4167
WOR,2020,control,soybean,0,NS,1,0,0,0,0,2,0.085,2622,4.88,1.09495,1.09495,0.388888,0.4167,0.4167,0.265,0.042144,242.37,242.37,20066.54,1.09495,0.388888,0.4167
WOR,2016,strips,corn,8.97,NS,1,0,0,0,0,1,0.061,836,4.46,0.976036,0.965735,0.454349,0.4337,0.351288,0.265,0.046095,257.4,189.27,8848.66,1.162726,0.466229,0.5108
WOR,2016,strips,corn,8.97,NS,2,0,0,0,0,1,0.063,651,4.46,0.976036,0.965735,0.454349,0.4337,0.351288,0.265,0.046095,257.4,189.27,8848.66,1.162726,0.466229,0.5108
WOR,2016,strips,corn,8.97,NS,3,0,0,0,0,1,0.025,471,4.46,0.976036,0.965735,0.454349,0.4337,0.351288,0.265,0.046095,257.4,189.27,8848.66,1.162726,0.466229,0.5108
WOR,2018,strips,corn,8.97,NS,1,0,0,0,0,1,0.023,411,4.46,0.976036,0.965735,0.454349,0.4337,0.351288,0.265,0.046095,257.4,189.27,8848.66,1.162726,0.466229,0.5108
HOE,2016,control,corn,0,SPL1050,1,0.535628512,26.497,481,1,3,0.11934,10023,6.64,1.312906,1.312906,0.63142,0.6618,0.6618,0.18,0.051363,621.75,621.75,103312.27,1.312906,0.63142,0.6618
HOE,2016,control,corn,0,SPL1051,2,4.151803014,372.238,1441,1,2,0.15743,11222,6.64,1.312906,1.312906,0.63142,0.6618,0.6618,0.18,0.051363,621.75,621.75,103312.27,1.312906,0.63142,0.6618
HOE,2016,control,corn,0,SPL1052,3,1.83508339,5056.094,2062,2,2,0.058,587,6.64,1.312906,1.312906,0.63142,0.6618,0.6618,0.18,0.051363,621.75,621.75,103312.27,1.312906,0.63142,0.6618
HOE,2016,control,corn,0,SPL1053,4,0.487347442,1084.536,1331,1,1,0.029,401,6.64,1.312906,1.312906,0.63142,0.6618,0.6618,0.18,0.051363,621.75,621.75,103312.27,1.312906,0.63142,0.6618
HOE,2017,control,soybean,0,SPL2050,1,4.120120807,2383.903,1096,1,1,0.021,111,6.64,1.312906,1.312906,0.63142,0.6618,0.6618,0.18,0.051363,621.75,621.75,103312.27,1.312906,0.63142,0.6618
HOE,2017,control,soybean,0,SPL2051,2,2.940290381,1341.035,3296,1,1,0.023,1141,6.64,1.312906,1.312906,0.63142,0.6618,0.6618,0.18,0.051363,621.75,621.75,103312.27,1.312906,0.63142,0.6618
HOE,2017,control,soybean,0,SPL2052,3,2.4981991,13551.175,2131,1,1,0.023,696,6.64,1.312906,1.312906,0.63142,0.6618,0.6618,0.18,0.051363,621.75,621.75,103312.27,1.312906,0.63142,0.6618
HOE,2017,control,soybean,0,SPL2053,4,12.09267765,6132.195,1766,1,1,0.051,336,6.64,1.312906,1.312906,0.63142,0.6618,0.6618,0.18,0.051363,621.75,621.75,103312.27,1.312906,0.63142,0.6618
HOE,2017,control,soybean,0,SPL2054,5,10.30282633,1318.782,1606,1,1,0.05892,301,6.64,1.312906,1.312906,0.63142,0.6618,0.6618,0.18,0.051363,621.75,621.75,103312.27,1.312906,0.63142,0.6618
HOE,2018,control,corn,0,SPL3300,1,0.111613775,715.401,1116,1,1,0.043,926,6.64,1.312906,1.312906,0.63142,0.6618,0.6618,0.18,0.051363,621.75,621.75,103312.27,1.312906,0.63142,0.6618
HOE,2018,control,corn,0,SPL3301,2,11.58758677,21627.68,2391,1,1,0.08,956,6.64,1.312906,1.312906,0.63142,0.6618,0.6618,0.18,0.051363,621.75,621.75,103312.27,1.312906,0.63142,0.6618
HOE,2018,control,corn,0,SPL3302_4,3,26.0943047,27089.94,2471,1,2,0.064,502,6.64,1.312906,1.312906,0.63142,0.6618,0.6618,0.18,0.051363,621.75,621.75,103312.27,1.312906,0.63142,0.6618
HOE,2018,strips,corn,7.54,SPL3303_5,3,19.50405844,,,1,2,0.064,502,6.37,1.307997,1.31,0.528073,0.59,0.59175,0.18,0.051363,883.17,696.31,132510.05,1.390817,0.528073,0.580947
HOE,2018,control,corn,0,SPL3306,4,10.64609417,13311.517,1846,1,1,0.046,416,6.64,1.312906,1.312906,0.63142,0.6618,0.6618,0.18,0.051363,621.75,621.75,103312.27,1.312906,0.63142,0.6618
HOE,2018,strips,corn,7.54,SPL3307,4,3.53794378,45926.228,771,1,1,0.046,416,6.37,1.307997,1.31,0.528073,0.59,0.59175,0.18,0.051363,883.17,696.31,132510.05,1.390817,0.528073,0.580947
HOE,2018,control,corn,0,SPL3309,5,0.475850247,2886.819,5331,1,1,0.0726,2701,6.64,1.312906,1.312906,0.63142,0.6618,0.6618,0.18,0.051363,621.75,621.75,103312.27,1.312906,0.63142,0.6618
HOE,2018,control,corn,0,SPL3310,6,10.95975273,22709.749,4856,1,1,0.06932,3421,6.64,1.312906,1.312906,0.63142,0.6618,0.6618,0.18,0.051363,621.75,621.75,103312.27,1.312906,0.63142,0.6618
HOE,2019,control,soybean,0,SPL4300,1,4.453343951,18533.064,118191,1,2,0.44972,111257,6.64,1.312906,1.312906,0.63142,0.6618,0.6618,0.18,0.051363,621.75,621.75,103312.27,1.312906,0.63142,0.6618
HOE,2019,strips,soybean,7.54,SPL4301,1,3.35414508,15798.13,541,1,2,0.44972,111257,6.37,1.307997,1.31,0.528073,0.59,0.59175,0.18,0.051363,883.17,696.31,132510.05,1.390817,0.528073,0.580947
