SiteID,Treatment,Year,eventid,flow,eventStart,eventEnd,flow_time
ARM,control,2016,2,0.054,3/15/2016 3:10,3/15/2016 3:10,1
ARM,control,2016,4,23.836,4/20/2016 5:20,4/20/2016 14:05,526
ARM,control,2016,6,14.077,4/21/2016 2:40,4/21/2016 11:15,516
ARM,control,2016,8,7085.378,4/27/2016 0:55,4/28/2016 18:45,2511
ARM,control,2016,10,6969.413,4/30/2016 3:45,5/1/2016 9:40,1796
ARM,control,2016,12,13617.388,5/9/2016 3:25,5/12/2016 8:45,4641
ARM,control,2016,14,80.18,5/24/2016 12:05,5/24/2016 17:30,326
ARM,control,2016,16,22129.4,5/25/2016 13:40,5/29/2016 2:40,5101
ARM,control,2016,18,36.649,5/31/2016 11:55,5/31/2016 17:50,356
ARM,control,2016,20,13.621,6/4/2016 13:30,6/4/2016 14:05,36
ARM,control,2016,22,6.432,7/12/2016 1:00,7/12/2016 1:30,31
ARM,control,2016,24,4408.917,7/18/2016 0:50,7/18/2016 19:15,1106
ARM,control,2016,26,112.234,7/19/2016 13:15,7/20/2016 10:00,1246
ARM,control,2016,28,2059.948,7/31/2016 5:20,8/2/2016 8:30,3071
ARM,control,2016,30,706.038,8/11/2016 21:20,8/12/2016 23:30,1571
ARM,control,2016,32,83.806,8/23/2016 23:10,8/24/2016 5:30,381
ARM,control,2016,34,294.917,8/29/2016 7:40,8/29/2016 23:40,961
ARM,control,2016,36,152.976,9/5/2016 11:45,9/5/2016 15:30,226
ARM,control,2016,38,132.87,9/7/2016 9:05,9/8/2016 2:00,1016
ARM,control,2016,40,155.004,9/9/2016 15:25,9/10/2016 15:40,1456
ARM,control,2016,42,23.121,9/13/2016 2:25,9/13/2016 12:20,596
ARM,control,2016,44,20.8,9/16/2016 2:00,9/16/2016 2:25,26
ARM,control,2016,46,15.173,10/5/2016 13:45,10/5/2016 16:35,171
ARM,control,2016,48,244.709,10/6/2016 14:20,10/7/2016 2:35,736
ARM,control,2016,50,19.059,10/26/2016 0:40,10/26/2016 1:30,51
ARM,control,2016,52,38.686,11/2/2016 3:55,11/2/2016 5:30,96
ARM,control,2017,2,16.769,4/3/2017 6:40,4/3/2017 7:55,76
ARM,control,2017,4,678.997,4/14/2017 14:10,4/16/2017 7:25,2476
ARM,control,2017,6,92.776,4/18/2017 9:20,4/18/2017 13:05,226
ARM,control,2017,8,1.981,4/19/2017 10:10,4/19/2017 12:55,166
ARM,control,2017,10,332.418,4/30/2017 9:00,5/1/2017 22:00,2221
ARM,control,2017,12,813.535,5/10/2017 6:55,5/11/2017 11:05,1691
ARM,control,2017,14,15942.344,5/16/2017 20:15,5/21/2017 8:15,6481
ARM,control,2017,16,700.477,5/27/2017 10:00,5/28/2017 10:15,1456
ARM,control,2017,18,62.927,6/2/2017 3:55,6/2/2017 14:40,646
ARM,control,2017,20,187.058,6/14/2017 8:10,6/14/2017 9:45,96
ARM,control,2017,22,16066.336,6/16/2017 17:30,6/17/2017 21:15,1666
ARM,control,2018,2,31.341,5/2/2018 20:10,5/3/2018 19:20,1391
ARM,control,2018,4,27.622,6/2/2018 1:55,6/2/2018 8:35,401
ARM,control,2018,6,1612.401,6/10/2018 7:20,6/12/2018 3:05,2626
ARM,control,2018,8,251.312,6/19/2018 4:50,6/19/2018 14:20,571
ARM,control,2018,10,14.749,6/21/2018 21:25,6/22/2018 8:50,686
ARM,control,2018,12,421.114,9/2/2018 5:25,9/2/2018 8:25,181
ARM,control,2018,14,129.87,9/3/2018 2:30,9/3/2018 6:25,236
ARM,control,2018,16,5056.601,9/4/2018 15:15,9/5/2018 12:30,1276
ARM,control,2018,18,75.582,9/7/2018 5:40,9/7/2018 8:15,156
ARM,control,2018,20,5369.519,10/8/2018 17:15,10/9/2018 18:30,1516
ARM,control,2019,2,30.307,4/10/2019 23:35,4/11/2019 15:40,966
ARM,control,2019,4,4.544,5/21/2019 12:55,5/21/2019 19:05,371
ARM,control,2019,6,681.16,5/23/2019 23:40,5/24/2019 10:40,661
ARM,control,2019,8,6.683,5/26/2019 2:55,5/26/2019 4:40,106
ARM,control,2019,10,4.329,5/27/2019 5:50,5/27/2019 9:10,201
ARM,control,2019,12,2623.566,5/28/2019 3:20,5/28/2019 22:40,1161
ARM,control,2019,14,69.939,6/3/2019 13:50,6/4/2019 3:45,836
ARM,control,2019,16,757.608,6/18/2019 16:25,6/19/2019 18:10,1546
ARM,control,2019,18,198.894,6/21/2019 6:35,6/21/2019 12:50,376
ARM,control,2019,20,0.035,6/22/2019 13:10,6/22/2019 13:10,1
ARM,control,2019,22,452.92,7/16/2019 6:45,7/16/2019 14:25,461
ARM,control,2019,24,25.06,9/19/2019 15:25,9/19/2019 18:35,191
ARM,control,2019,26,725.6,9/21/2019 22:45,9/22/2019 10:00,676
ARM,control,2019,28,3036.538,9/24/2019 22:55,9/25/2019 0:05,71
ARM,control,2019,30,171.48,9/29/2019 15:20,9/30/2019 10:40,1161
ARM,control,2019,32,6322.056,10/1/2019 17:35,10/2/2019 17:10,1416
ARM,control,2019,34,1455.414,10/5/2019 8:15,10/5/2019 11:50,216
ARM,control,2019,36,1428.299,10/10/2019 4:25,10/10/2019 17:40,796
ARM,control,2020,2,98.667,5/16/2020 21:45,5/17/2020 19:45,1321
ARM,control,2020,4,1883.429,5/23/2020 1:15,5/25/2020 8:10,3296
ARM,control,2020,6,2669.072,5/25/2020 21:05,5/27/2020 17:35,2671
ARM,control,2020,8,42.841,6/9/2020 21:55,6/10/2020 7:40,586
ARM,control,2020,10,774.21,7/23/2020 9:05,7/24/2020 10:30,1526
ARM,control,2020,12,1235.201,7/26/2020 10:35,7/27/2020 12:15,1541
ARM,control,2020,14,1198.22,7/29/2020 14:55,7/30/2020 23:50,1976
ARM,control,2020,16,631.058,8/1/2020 17:15,8/2/2020 17:15,1441
ARM,control,2020,18,127.677,9/9/2020 2:50,9/10/2020 5:15,1586
ARM,control,2021,2,966.235,5/8/2021 21:40,5/10/2021 1:15,1656
ARM,control,2021,4,65.278,5/27/2021 4:40,5/28/2021 4:45,1446
ARM,control,2021,6,83.208,6/25/2021 0:55,6/25/2021 9:00,486
ARM,control,2021,8,0.25,6/26/2021 4:25,6/26/2021 4:25,1
ARM,control,2021,10,254.104,7/7/2021 13:35,7/7/2021 19:55,381
ARM,control,2021,12,420.996,7/10/2021 0:05,7/11/2021 9:40,2016
ARM,control,2021,14,463.173,7/15/2021 8:00,7/16/2021 7:05,1386
ARM,control,2021,16,29.041,7/31/2021 6:30,7/31/2021 10:10,221
ARM,control,2021,18,30.994,7/31/2021 23:25,8/1/2021 5:35,371
ARM,control,2021,20,1232.368,8/6/2021 9:35,8/8/2021 3:40,2526
ARM,control,2021,22,166.816,8/31/2021 1:35,8/31/2021 21:50,1216
ARM,control,2021,24,1.297,9/30/2021 4:40,9/30/2021 4:50,11
ARM,control,2021,26,2.457,10/24/2021 10:05,10/24/2021 18:35,511
ARM,treatment,2016,2,0.146,3/15/2016 2:05,3/15/2016 2:10,6
ARM,treatment,2016,4,341.139,4/27/2016 19:00,4/28/2016 4:55,596
ARM,treatment,2016,6,802.293,4/30/2016 8:15,4/30/2016 19:45,691
ARM,treatment,2016,8,1604.461,5/26/2016 19:00,5/27/2016 8:45,826
ARM,treatment,2016,10,3.639,6/26/2016 2:20,6/26/2016 7:30,311
ARM,treatment,2016,12,0.25,6/27/2016 15:20,6/27/2016 15:20,1
ARM,treatment,2016,14,30.976,7/2/2016 8:30,7/2/2016 21:00,751
ARM,treatment,2016,16,5.724,7/7/2016 2:10,7/7/2016 2:50,41
ARM,treatment,2016,18,33.185,7/11/2016 23:05,7/12/2016 19:00,1196
ARM,treatment,2016,20,1.321,7/18/2016 3:10,7/18/2016 5:55,166
ARM,treatment,2016,22,5.829,8/11/2016 21:10,8/12/2016 0:35,206
ARM,treatment,2016,24,5.485,8/19/2016 18:00,8/20/2016 8:05,846
ARM,treatment,2016,26,8.406,8/23/2016 23:05,8/24/2016 0:35,91
ARM,treatment,2016,28,1.939,9/13/2016 2:25,9/13/2016 2:35,11
ARM,treatment,2016,30,1.064,9/16/2016 0:45,9/16/2016 3:10,146
ARM,treatment,2016,32,76.057,10/4/2016 16:25,10/5/2016 12:35,1211
ARM,treatment,2016,34,6.285,10/6/2016 11:35,10/6/2016 20:35,541
ARM,treatment,2017,2,34.053,4/19/2017 14:35,4/19/2017 21:40,426
ARM,treatment,2017,4,44.534,4/30/2017 17:10,5/1/2017 4:00,651
ARM,treatment,2017,6,65.423,5/10/2017 7:25,5/10/2017 18:25,661
ARM,treatment,2017,8,6.53,5/17/2017 11:10,5/17/2017 14:20,191
ARM,treatment,2017,10,261.986,5/20/2017 8:25,5/20/2017 14:00,336
ARM,treatment,2017,12,3436.717,6/16/2017 20:50,6/17/2017 6:25,576
ARM,treatment,2017,14,7.225,8/15/2017 10:15,8/15/2017 13:35,201
ARM,treatment,2017,16,139.139,9/25/2017 16:20,9/25/2017 23:50,451
ARM,treatment,2017,18,0.907,10/6/2017 22:55,10/6/2017 23:15,21
ARM,treatment,2018,2,85.459,5/3/2018 16:10,5/3/2018 21:50,341
ARM,treatment,2018,4,0.178,5/14/2018 19:05,5/14/2018 20:30,86
ARM,treatment,2018,6,27.157,5/30/2018 13:55,5/30/2018 17:40,226
ARM,treatment,2018,8,881.493,6/2/2018 1:55,6/3/2018 2:55,1501
ARM,treatment,2018,10,3072.437,6/10/2018 7:05,6/12/2018 19:30,3626
ARM,treatment,2018,12,109.202,6/18/2018 18:25,6/19/2018 13:10,1126
ARM,treatment,2018,14,4.215,7/1/2018 1:35,7/1/2018 2:15,41
ARM,treatment,2018,16,40.713,7/13/2018 15:45,7/13/2018 20:00,256
ARM,treatment,2018,18,60.99,8/14/2018 21:55,8/15/2018 4:50,416
ARM,treatment,2018,20,1.619,8/16/2018 7:50,8/16/2018 9:45,116
ARM,treatment,2018,22,1.432,8/19/2018 23:55,8/20/2018 3:25,211
ARM,treatment,2018,24,13.52,9/1/2018 1:50,9/1/2018 9:50,481
ARM,treatment,2018,26,23.584,9/1/2018 23:05,9/2/2018 9:50,646
ARM,treatment,2018,28,9.653,9/3/2018 1:55,9/3/2018 10:25,511
ARM,treatment,2018,30,167.882,9/4/2018 14:25,9/5/2018 11:55,1291
ARM,treatment,2018,32,7.006,9/21/2018 1:40,9/21/2018 8:45,426
ARM,treatment,2018,34,67.828,9/25/2018 9:55,9/26/2018 1:50,956
ARM,treatment,2018,36,17.428,10/7/2018 16:00,10/8/2018 2:40,641
ARM,treatment,2018,38,1.219,10/9/2018 4:25,10/9/2018 5:50,86
ARM,treatment,2019,2,1.149,5/19/2019 6:40,5/19/2019 7:55,76
ARM,treatment,2019,4,61.779,5/21/2019 17:25,5/22/2019 8:25,901
ARM,treatment,2019,6,88.478,5/23/2019 22:35,5/24/2019 15:20,1006
ARM,treatment,2019,8,4437.795,5/28/2019 6:25,5/28/2019 17:20,656
ARM,treatment,2019,10,20.115,6/1/2019 15:00,6/1/2019 20:40,341
ARM,treatment,2019,12,30.841,6/3/2019 13:20,6/3/2019 21:40,501
ARM,treatment,2019,14,8.02,6/18/2019 17:55,6/19/2019 1:45,471
ARM,treatment,2019,16,44.391,6/21/2019 9:15,6/21/2019 20:10,656
ARM,treatment,2019,18,154.361,6/22/2019 8:25,6/22/2019 21:45,801
ARM,treatment,2019,20,44.496,6/23/2019 19:15,6/24/2019 18:10,1376
ARM,treatment,2019,22,378.771,6/25/2019 20:50,6/26/2019 20:40,1431
ARM,treatment,2019,24,217.782,7/3/2019 18:50,7/4/2019 19:45,1496
ARM,treatment,2019,26,36.706,7/16/2019 6:35,7/16/2019 8:10,96
ARM,treatment,2019,28,175.196,7/31/2019 11:00,8/1/2019 3:35,996
ARM,treatment,2019,30,750.139,8/11/2019 7:35,8/12/2019 20:45,2231
ARM,treatment,2019,32,95.802,8/18/2019 5:20,8/18/2019 20:45,926
ARM,treatment,2019,34,146.414,8/21/2019 7:00,8/22/2019 7:50,1491
ARM,treatment,2019,36,188.098,9/10/2019 3:35,9/11/2019 8:20,1726
ARM,treatment,2019,38,33.464,9/12/2019 14:55,9/12/2019 23:40,526
ARM,treatment,2019,40,377.857,9/14/2019 12:00,9/15/2019 20:35,1956
ARM,treatment,2019,42,115.869,9/19/2019 7:10,9/19/2019 20:40,811
ARM,treatment,2019,44,192.931,9/21/2019 22:10,9/23/2019 9:30,2121
ARM,treatment,2019,46,32.586,9/24/2019 21:20,9/25/2019 10:25,786
ARM,treatment,2019,48,377.764,9/29/2019 15:45,9/30/2019 9:55,1091
ARM,treatment,2019,50,585.174,10/5/2019 8:05,10/6/2019 8:20,1456
ARM,treatment,2019,52,142.015,10/10/2019 4:30,10/10/2019 14:45,616
ARM,treatment,2020,2,0.333,5/8/2020 11:55,5/8/2020 11:55,1
ARM,treatment,2020,4,779.07,5/23/2020 0:05,5/23/2020 15:15,911
ARM,treatment,2020,6,1006.582,5/24/2020 7:05,5/25/2020 8:10,1506
ARM,treatment,2020,8,525.465,5/25/2020 21:50,5/26/2020 23:35,1546
ARM,treatment,2020,10,258.318,6/9/2020 21:45,6/10/2020 13:10,926
ARM,treatment,2020,12,208.025,7/1/2020 2:25,7/1/2020 12:40,616
ARM,treatment,2020,14,23.122,7/23/2020 9:15,7/23/2020 13:55,281
ARM,treatment,2020,16,0.905,7/26/2020 10:40,7/27/2020 1:20,881
ARM,treatment,2020,18,2.239,7/30/2020 2:25,7/30/2020 6:20,236
ARM,treatment,2020,20,694.198,9/8/2020 14:40,9/10/2020 23:45,3426
ARM,treatment,2020,22,115.71,9/11/2020 22:00,9/12/2020 22:00,1441
ARM,treatment,2021,2,10.028,5/9/2021 1:15,5/9/2021 2:05,51
ARM,treatment,2021,4,36.263,5/27/2021 4:25,5/27/2021 14:30,606
ARM,treatment,2021,6,116.144,6/18/2021 23:35,6/19/2021 16:40,1026
ARM,treatment,2021,8,0.108,6/24/2021 10:40,6/24/2021 10:45,6
ARM,treatment,2021,10,8.436,7/10/2021 0:00,7/10/2021 1:30,91
EIA,control,2016,2,33.323,5/3/2016 23:55,5/4/2016 10:55,661
EIA,control,2016,4,1034.998,5/28/2016 0:10,5/29/2016 14:00,2271
EIA,control,2016,6,805.954,5/31/2016 20:15,6/1/2016 20:40,1466
EIA,control,2016,8,1059.208,6/4/2016 1:50,6/5/2016 19:15,2486
EIA,control,2016,10,535.846,6/11/2016 2:25,6/12/2016 2:25,1441
EIA,control,2016,12,723.868,6/14/2016 20:25,6/15/2016 22:20,1556
EIA,control,2016,14,76336.211,6/22/2016 1:20,6/23/2016 16:20,2341
EIA,control,2016,16,531.147,6/26/2016 3:15,6/26/2016 20:40,1046
EIA,control,2016,18,214.404,6/30/2016 2:50,6/30/2016 22:40,1191
EIA,control,2016,20,27.898,7/6/2016 2:40,7/6/2016 3:35,56
EIA,control,2016,22,27.516,7/6/2016 16:50,7/6/2016 21:55,306
EIA,control,2016,24,753.772,7/10/2016 12:35,7/11/2016 13:10,1476
EIA,control,2016,26,394.726,7/12/2016 1:50,7/13/2016 4:25,1596
EIA,control,2016,28,107.905,7/17/2016 5:25,7/17/2016 17:20,716
EIA,control,2016,30,173.38,7/19/2016 14:15,7/20/2016 14:20,1446
EIA,control,2016,32,169.28,7/22/2016 0:45,7/22/2016 21:15,1231
EIA,control,2016,34,386.868,8/4/2016 20:15,8/5/2016 18:30,1336
EIA,control,2016,36,58415.639,8/11/2016 10:15,8/12/2016 20:45,2071
EIA,control,2016,38,88.682,8/20/2016 3:00,8/20/2016 19:05,966
EIA,control,2016,40,234.196,8/24/2016 2:55,8/25/2016 0:20,1286
EIA,control,2016,42,360.943,8/27/2016 2:55,8/27/2016 21:00,1086
EIA,control,2016,44,23041.334,9/7/2016 8:20,9/8/2016 14:35,1816
EIA,control,2016,46,2097.214,9/15/2016 23:35,9/16/2016 12:10,756
EIA,control,2016,48,42933.249,9/23/2016 3:15,9/24/2016 5:15,1561
EIA,control,2016,50,2062.346,10/26/2016 6:00,10/27/2016 7:10,1511
EIA,control,2016,52,22.933,11/2/2016 2:55,11/2/2016 7:50,296
EIA,control,2017,2,74.251,7/21/2017 15:40,7/23/2017 4:20,2201
EIA,control,2018,2,0.981,5/20/2018 5:55,5/20/2018 7:15,81
EIA,control,2018,4,0.832,5/21/2018 2:35,5/21/2018 3:30,56
EIA,control,2018,6,141.785,5/26/2018 1:25,5/26/2018 15:20,836
EIA,control,2018,8,1.657,5/30/2018 1:20,5/30/2018 1:25,6
EIA,control,2018,10,25590.214,6/9/2018 8:50,6/11/2018 0:00,2351
EIA,control,2018,12,296.93,6/14/2018 11:25,6/15/2018 12:30,1506
EIA,control,2018,14,76910.36,6/18/2018 22:50,6/22/2018 12:55,5166
EIA,control,2018,16,359.023,6/30/2018 22:30,7/2/2018 3:50,1761
EIA,control,2018,18,1283.546,7/14/2018 2:35,7/15/2018 4:30,1556
EIA,control,2018,20,3569.179,7/19/2018 5:20,7/20/2018 11:10,1791
EIA,control,2018,22,60.505,7/25/2018 22:45,7/26/2018 11:30,766
EIA,control,2018,24,1793.067,7/30/2018 16:00,7/31/2018 16:20,1461
EIA,control,2018,26,942.167,8/7/2018 9:20,8/8/2018 18:55,2016
EIA,control,2018,28,2553.594,8/15/2018 6:25,8/18/2018 3:50,4166
EIA,control,2018,30,1843.503,8/20/2018 5:20,8/21/2018 21:20,2401
EIA,control,2018,32,1952.394,8/24/2018 5:30,8/25/2018 21:45,2416
EIA,control,2018,34,1230.705,8/27/2018 6:25,8/29/2018 18:15,3591
EIA,control,2018,36,14865.17,9/1/2018 3:20,9/4/2018 10:15,4736
EIA,control,2018,38,301.551,9/5/2018 13:30,9/5/2018 20:55,446
EIA,control,2018,40,16266.427,9/18/2018 11:55,9/21/2018 1:05,3671
EIA,control,2018,42,29.976,9/25/2018 13:25,9/25/2018 17:30,246
EIA,control,2018,44,279.401,10/1/2018 16:00,10/2/2018 19:35,1656
EIA,control,2018,46,56.332,10/3/2018 21:50,10/4/2018 2:10,261
EIA,control,2018,48,1001.934,10/5/2018 18:35,10/7/2018 2:40,1926
EIA,control,2018,50,37123.009,10/7/2018 18:40,10/11/2018 2:30,4791
EIA,treatment,2016,2,1813.154,4/6/2016 0:10,4/7/2016 13:15,2226
EIA,treatment,2016,4,1.933,4/28/2016 12:55,4/28/2016 15:45,171
EIA,treatment,2016,6,954.611,4/30/2016 11:50,5/1/2016 14:05,1576
EIA,treatment,2016,8,0.492,5/4/2016 0:00,5/4/2016 0:30,31
EIA,treatment,2016,10,22.828,5/9/2016 18:25,5/10/2016 10:20,956
EIA,treatment,2016,12,1.184,5/26/2016 5:40,5/26/2016 10:50,311
EIA,treatment,2016,14,473.256,5/28/2016 0:15,5/29/2016 12:35,2181
EIA,treatment,2016,16,64.62,5/30/2016 20:25,6/1/2016 0:50,1706
EIA,treatment,2016,18,4179.549,6/4/2016 1:50,6/5/2016 19:15,2486
EIA,treatment,2016,20,752.142,6/6/2016 11:15,6/7/2016 11:10,1436
EIA,treatment,2016,22,149.554,6/9/2016 4:50,6/10/2016 4:55,1446
EIA,treatment,2016,24,40.952,6/11/2016 2:15,6/11/2016 9:45,451
EIA,treatment,2016,26,12.93,6/14/2016 12:25,6/14/2016 23:15,651
EIA,treatment,2016,28,118876.945,6/22/2016 1:00,6/24/2016 12:25,3566
EIA,treatment,2016,30,1954.077,6/26/2016 3:00,6/27/2016 5:10,1571
EIA,treatment,2016,32,387.357,6/30/2016 2:15,7/1/2016 7:40,1766
EIA,treatment,2016,34,4.646,7/6/2016 2:45,7/6/2016 3:20,36
EIA,treatment,2016,36,339.15,7/17/2016 5:20,7/18/2016 6:45,1526
EIA,treatment,2016,38,273.577,7/19/2016 14:05,7/20/2016 14:20,1456
EIA,treatment,2016,40,1241.188,7/22/2016 0:30,7/23/2016 1:35,1506
EIA,treatment,2016,42,3.151,7/29/2016 14:00,7/29/2016 15:10,71
EIA,treatment,2016,44,194.991,8/4/2016 20:30,8/5/2016 0:25,236
EIA,treatment,2016,46,101778.842,8/11/2016 20:10,8/12/2016 23:45,1656
EIA,treatment,2016,48,13.569,8/20/2016 0:10,8/20/2016 23:45,1416
EIA,treatment,2016,50,5.765,8/24/2016 3:10,8/24/2016 4:00,51
EIA,treatment,2016,52,0.108,8/27/2016 2:40,8/27/2016 2:45,6
EIA,treatment,2016,54,31307.731,9/8/2016 1:25,9/9/2016 2:00,1476
EIA,treatment,2016,56,28.964,9/9/2016 18:45,9/9/2016 21:10,146
EIA,treatment,2016,58,9250.862,9/15/2016 23:35,9/17/2016 1:30,1556
EIA,treatment,2016,60,77675.695,9/23/2016 3:00,9/24/2016 5:15,1576
EIA,treatment,2016,62,478.87,10/6/2016 20:05,10/7/2016 20:00,1436
EIA,treatment,2016,64,6819.468,10/26/2016 4:10,10/27/2016 7:10,1621
EIA,treatment,2016,66,5712.529,11/2/2016 0:20,11/3/2016 6:25,1806
EIA,treatment,2017,2,0.092,10/4/2017 6:40,10/4/2017 6:40,1
EIA,treatment,2018,2,257.183,5/12/2018 4:25,5/13/2018 5:30,1506
EIA,treatment,2018,4,264.609,5/14/2018 5:00,5/15/2018 6:35,1536
EIA,treatment,2018,6,825.463,5/20/2018 5:40,5/22/2018 6:25,2926
EIA,treatment,2018,8,941.541,5/26/2018 1:30,5/27/2018 1:45,1456
EIA,treatment,2018,10,4.211,5/30/2018 10:45,5/30/2018 13:20,156
EIA,treatment,2018,12,29124.341,6/9/2018 8:40,6/11/2018 0:00,2361
EIA,treatment,2018,14,366.979,6/14/2018 11:25,6/15/2018 12:30,1506
EIA,treatment,2018,16,7572.156,6/18/2018 22:55,6/20/2018 19:35,2681
EIA,treatment,2018,18,90949.729,6/21/2018 7:50,6/21/2018 18:30,641
EIA,treatment,2018,20,2.09,6/22/2018 13:50,6/22/2018 14:35,46
EIA,treatment,2018,22,807.32,6/26/2018 0:00,6/27/2018 12:55,2216
EIA,treatment,2018,24,180.836,7/1/2018 3:25,7/1/2018 18:25,901
EIA,treatment,2018,26,546.209,8/7/2018 9:15,8/8/2018 18:55,2021
EIA,treatment,2018,28,1038.31,8/15/2018 11:05,8/18/2018 3:50,3886
EIA,treatment,2018,30,1296.116,8/20/2018 5:20,8/21/2018 21:20,2401
EIA,treatment,2018,32,1686.685,8/24/2018 5:30,8/25/2018 23:10,2501
EIA,treatment,2018,34,853.347,8/27/2018 6:25,8/29/2018 2:45,2661
EIA,treatment,2018,36,820.629,9/1/2018 3:10,9/2/2018 2:40,1411
EIA,treatment,2018,38,5623.476,9/3/2018 2:45,9/4/2018 10:15,1891
EIA,treatment,2018,40,4201.292,9/5/2018 7:20,9/6/2018 12:25,1746
EIA,treatment,2018,42,15563.181,9/19/2018 11:40,9/20/2018 12:20,1481
EIA,treatment,2018,44,8.627,9/25/2018 13:25,9/25/2018 16:40,196
EIA,treatment,2018,46,148.573,10/1/2018 15:20,10/2/2018 19:35,1696
EIA,treatment,2018,48,2386.567,10/5/2018 23:50,10/7/2018 2:40,1611
EIA,treatment,2018,50,60937.901,10/7/2018 19:50,10/10/2018 9:15,3686
HOE,control,2016,2,26.497,9/9/2016 5:00,9/9/2016 13:00,481
HOE,control,2016,4,3.422,9/9/2016 15:00,9/10/2016 9:00,1081
HOE,control,2016,6,372.238,9/14/2016 23:00,9/15/2016 23:00,1441
HOE,control,2016,8,2000.941,9/24/2016 16:50,9/26/2016 4:40,2151
HOE,control,2016,10,4046.198,10/4/2016 18:25,10/5/2016 11:40,1036
HOE,control,2016,12,1009.896,10/6/2016 19:00,10/7/2016 12:05,1026
HOE,control,2016,14,1084.536,10/25/2016 18:20,10/26/2016 16:30,1331
HOE,control,2017,2,3145.306,4/17/2017 19:15,4/20/2017 13:30,3976
HOE,control,2017,4,2330.136,4/25/2017 11:35,4/26/2017 17:35,1801
HOE,control,2017,6,2383.903,4/30/2017 19:55,5/1/2017 14:10,1096
HOE,control,2017,8,33.243,5/15/2017 12:45,5/15/2017 14:35,111
HOE,control,2017,10,1341.035,5/16/2017 8:40,5/18/2017 15:35,3296
HOE,control,2017,12,13551.175,5/20/2017 1:10,5/21/2017 12:40,2131
HOE,control,2017,14,1300.84,5/22/2017 16:30,5/23/2017 17:00,1471
HOE,control,2017,16,454.954,5/29/2017 17:00,5/30/2017 9:05,966
HOE,control,2017,18,65.502,6/3/2017 16:30,6/3/2017 19:05,156
HOE,control,2017,20,80.603,6/12/2017 11:45,6/12/2017 17:15,331
HOE,control,2017,22,329.731,6/14/2017 0:20,6/14/2017 10:25,606
HOE,control,2017,24,1356.251,6/17/2017 19:00,6/19/2017 9:55,2336
HOE,control,2017,26,6132.195,6/28/2017 1:15,6/29/2017 6:40,1766
HOE,control,2017,28,3508.331,6/29/2017 19:40,6/30/2017 19:35,1436
HOE,control,2017,30,440.237,7/21/2017 8:30,7/22/2017 8:25,1436
HOE,control,2017,32,611.552,7/26/2017 6:00,7/27/2017 6:20,1461
HOE,control,2017,34,7477.344,8/1/2017 17:40,8/4/2017 5:10,3571
HOE,control,2017,36,869.714,8/9/2017 9:10,8/10/2017 10:10,1501
HOE,control,2017,38,1318.782,8/21/2017 12:00,8/22/2017 14:45,1606
HOE,control,2018,2,5.944,6/8/2018 18:45,6/9/2018 8:30,826
HOE,control,2018,4,3.472,6/14/2018 8:20,6/14/2018 9:40,81
HOE,control,2018,6,715.401,6/17/2018 23:35,6/18/2018 18:10,1116
HOE,control,2018,8,2.064,6/19/2018 10:50,6/19/2018 11:30,41
HOE,control,2018,10,21627.68,6/20/2018 15:45,6/22/2018 7:35,2391
HOE,control,2018,12,27089.94,6/24/2018 17:35,6/26/2018 10:45,2471
HOE,control,2018,14,13311.517,7/1/2018 0:50,7/2/2018 7:35,1846
HOE,control,2018,16,136.219,7/4/2018 11:05,7/5/2018 9:25,1341
HOE,control,2018,18,2923.217,7/13/2018 10:35,7/14/2018 11:40,1506
HOE,control,2018,20,64.038,7/25/2018 18:05,7/25/2018 18:55,51
HOE,control,2018,22,89.809,8/4/2018 10:05,8/4/2018 10:30,26
HOE,control,2018,24,2886.819,9/2/2018 2:10,9/5/2018 19:00,5331
HOE,control,2018,26,22709.749,9/17/2018 14:00,9/20/2018 22:55,4856
HOE,control,2018,28,194.69,10/12/2018 11:35,10/13/2018 8:10,1236
HOE,control,2019,1,0.073,4/26/2019 14:50,4/26/2019 14:50,1
HOE,control,2019,3,1.32,4/26/2019 15:00,4/26/2019 15:35,36
HOE,control,2019,5,0.47,4/26/2019 15:50,4/26/2019 16:25,36
HOE,control,2019,7,15.306,4/27/2019 1:00,4/27/2019 7:00,361
HOE,control,2019,9,18533.064,4/27/2019 9:00,7/18/2019 10:50,118191
HOE,control,2019,11,248.009,7/20/2019 17:30,7/20/2019 21:05,216
HOE,control,2019,13,116.326,10/1/2019 13:45,10/1/2019 14:50,66
HOE,control,2019,15,817.875,10/5/2019 3:35,10/5/2019 9:10,336
HOE,control,2020,2,6281.642,5/16/2020 23:25,5/18/2020 0:50,1526
HOE,control,2020,4,39.004,5/23/2020 4:30,5/23/2020 9:05,276
HOE,control,2020,6,183.668,5/24/2020 3:10,5/24/2020 9:45,396
HOE,control,2020,8,8.802,5/25/2020 5:40,5/25/2020 7:30,111
HOE,control,2020,10,15.035,6/3/2020 1:40,6/3/2020 7:30,351
HOE,control,2020,12,22.181,6/10/2020 1:10,6/10/2020 7:35,386
HOE,control,2020,14,1.472,6/22/2020 5:45,6/22/2020 7:00,76
HOE,control,2020,16,1.384,6/25/2020 22:50,6/25/2020 23:35,46
HOE,control,2020,18,0.111,9/11/2020 19:10,9/11/2020 19:10,1
HOE,control,2020,20,4.631,9/27/2020 20:55,9/28/2020 3:40,406
HOE,control,2021,2,0.111,5/19/2021 17:45,5/19/2021 17:45,1
HOE,control,2021,4,0.279,5/25/2021 4:05,5/25/2021 4:40,36
HOE,control,2021,6,68.923,5/27/2021 8:50,5/27/2021 10:50,121
HOE,control,2021,8,36.569,6/27/2021 12:20,6/29/2021 8:45,2666
HOE,control,2021,10,15.179,7/6/2021 16:20,7/7/2021 5:25,786
HOE,control,2021,12,0.619,7/9/2021 2:20,7/9/2021 5:20,181
HOE,control,2021,14,4.574,7/10/2021 12:45,7/10/2021 15:05,141
HOE,control,2021,16,5.014,7/14/2021 7:35,7/14/2021 13:45,371
HOE,control,2021,18,0.054,7/24/2021 5:30,7/24/2021 5:30,1
HOE,control,2021,20,1.056,7/30/2021 14:20,7/30/2021 15:15,56
HOE,control,2021,22,8.151,8/20/2021 17:15,8/20/2021 17:40,26
HOE,control,2021,24,35.272,8/23/2021 20:40,8/24/2021 13:15,996
HOE,control,2021,26,46.307,8/26/2021 8:40,8/26/2021 12:55,256
HOE,control,2021,28,166.531,8/27/2021 1:45,8/27/2021 14:55,791
HOE,control,2021,30,14.01,8/28/2021 3:05,8/28/2021 7:40,276
HOE,control,2021,32,140.669,8/28/2021 22:30,8/29/2021 2:30,241
HOE,control,2021,34,2.649,8/30/2021 20:05,8/30/2021 21:05,61
HOE,control,2021,36,82.73,9/2/2021 11:30,9/3/2021 3:40,971
HOE,control,2021,38,3.492,9/5/2021 16:20,9/5/2021 16:40,21
HOE,control,2021,40,16.514,9/17/2021 4:30,9/17/2021 9:25,296
HOE,control,2021,42,47.589,9/20/2021 5:25,9/20/2021 15:45,621
HOE,control,2021,44,630.489,9/30/2021 22:45,10/1/2021 12:00,796
HOE,treatment,2016,2,5.058,10/26/2016 16:55,10/26/2016 18:10,76
HOE,treatment,2017,2,7.182,6/18/2017 18:40,6/18/2017 18:40,1
HOE,treatment,2018,2,43736.276,6/20/2018 22:40,6/21/2018 5:30,411
HOE,treatment,2018,4,72920.742,6/24/2018 18:35,6/25/2018 10:05,931
HOE,treatment,2018,6,37740.114,6/25/2018 22:35,6/26/2018 2:40,246
HOE,treatment,2018,8,9.444,6/26/2018 16:10,6/26/2018 16:10,1
HOE,treatment,2018,10,45926.228,7/1/2018 1:40,7/1/2018 14:30,771
HOE,treatment,2018,12,31.388,7/2/2018 3:20,7/2/2018 3:20,1
HOE,treatment,2018,14,109.914,7/4/2018 11:50,7/4/2018 17:05,316
HOE,treatment,2018,16,88518.424,9/20/2018 3:00,9/20/2018 18:05,906
HOE,treatment,2019,2,15798.13,5/27/2019 8:00,5/27/2019 17:00,541
HOE,treatment,2019,4,981.064,10/5/2019 6:05,10/5/2019 8:45,161
HOE,treatment,2020,2,105.616,5/17/2020 16:10,5/18/2020 4:55,766
HOE,treatment,2020,4,0.046,5/24/2020 0:05,5/24/2020 8:25,501
HOE,treatment,2020,6,0.075,5/24/2020 20:55,5/25/2020 5:45,531
HOE,treatment,2020,8,0.006,5/25/2020 18:45,5/25/2020 23:10,266
HOE,treatment,2020,10,0.027,5/26/2020 16:35,5/27/2020 1:15,521
HOE,treatment,2020,12,0.002,6/2/2020 18:45,6/2/2020 18:45,1
HOE,treatment,2020,14,0.015,6/5/2020 0:10,6/5/2020 0:25,16
HOE,treatment,2020,16,0.049,6/9/2020 21:30,6/10/2020 3:25,356
HOE,treatment,2020,18,0.027,6/18/2020 21:05,6/19/2020 1:25,261
HOE,treatment,2020,20,0.11,6/21/2020 16:50,6/21/2020 18:45,116
HOE,treatment,2020,22,0.034,6/25/2020 22:35,6/25/2020 23:15,41
HOE,treatment,2020,24,0.006,6/26/2020 19:35,6/26/2020 19:50,16
HOE,treatment,2020,26,0.865,7/1/2020 5:25,7/2/2020 6:00,1476
HOE,treatment,2020,28,0.044,7/6/2020 8:25,7/6/2020 9:15,51
HOE,treatment,2020,30,0.015,7/7/2020 2:05,7/7/2020 2:40,36
HOE,treatment,2020,32,0.318,7/11/2020 14:25,7/12/2020 6:15,951
HOE,treatment,2020,34,14.727,7/26/2020 4:00,7/27/2020 6:55,1616
HOE,treatment,2020,36,0.082,8/6/2020 4:30,8/6/2020 6:30,121
HOE,treatment,2020,38,0.095,8/6/2020 19:15,8/7/2020 5:20,606
HOE,treatment,2020,40,0.213,8/9/2020 4:10,8/9/2020 22:25,1096
HOE,treatment,2020,42,0.29,8/21/2020 3:15,8/22/2020 4:05,1491
HOE,treatment,2020,44,0.63,8/28/2020 6:00,8/29/2020 6:15,1456
HOE,treatment,2020,46,0.321,8/31/2020 6:15,9/1/2020 1:00,1126
HOE,treatment,2020,48,0.259,9/12/2020 21:15,9/13/2020 6:15,541
HOE,treatment,2020,50,0.027,10/11/2020 20:45,10/12/2020 0:40,236
HOE,treatment,2021,2,1.231,4/8/2021 1:40,4/9/2021 2:30,1491
HOE,treatment,2021,4,0.653,4/25/2021 12:15,4/26/2021 12:00,1426
HOE,treatment,2021,6,0.971,4/27/2021 20:55,4/28/2021 20:50,1436
HOE,treatment,2021,8,1.288,5/8/2021 15:15,5/9/2021 15:00,1426
HOE,treatment,2021,10,2.136,5/15/2021 2:55,5/16/2021 3:00,1446
HOE,treatment,2021,12,5.494,5/19/2021 13:05,5/22/2021 2:30,3686
HOE,treatment,2021,14,3.09,5/25/2021 3:20,5/26/2021 4:35,1516
HOE,treatment,2021,16,10.711,5/27/2021 2:35,5/28/2021 8:50,1816
HOE,treatment,2021,18,7.085,8/20/2021 16:35,8/21/2021 17:25,1491
HOE,treatment,2021,20,11.261,8/23/2021 20:40,8/25/2021 10:45,2286
HOE,treatment,2021,22,11.969,8/26/2021 8:40,8/28/2021 7:40,2821
HOE,treatment,2021,24,38.432,8/28/2021 22:25,8/30/2021 0:50,1586
HOE,treatment,2021,26,6.931,8/30/2021 20:05,8/31/2021 20:00,1436
HOE,treatment,2021,28,10.753,9/2/2021 11:30,9/4/2021 1:45,2296
HOE,treatment,2021,30,9.41,9/5/2021 16:15,9/6/2021 16:30,1456
HOE,treatment,2021,32,6.933,9/17/2021 4:30,9/18/2021 4:25,1436
HOE,treatment,2021,34,5.664,9/20/2021 5:25,9/21/2021 9:30,1686
HOE,treatment,2021,36,598.846,9/30/2021 22:40,10/1/2021 11:20,761
MAR,control,2017,2,145.656,5/10/2017 6:35,5/11/2017 8:45,1571
MAR,control,2017,4,64.944,5/17/2017 17:10,5/18/2017 8:10,901
MAR,control,2017,6,430.002,5/19/2017 1:20,5/21/2017 3:10,2991
MAR,control,2017,8,138.128,5/27/2017 13:15,5/28/2017 9:20,1206
MAR,control,2017,10,790.951,6/16/2017 22:40,6/18/2017 1:10,1591
MAR,control,2017,12,1436.772,8/14/2017 7:10,8/15/2017 7:35,1466
MAR,control,2017,14,1326.2,8/16/2017 13:05,8/17/2017 13:05,1441
MAR,control,2017,16,3168.998,8/20/2017 7:35,8/22/2017 18:35,3541
MAR,control,2017,18,0.051,9/26/2017 19:15,9/26/2017 19:25,11
MAR,control,2017,20,67.458,10/6/2017 18:55,10/8/2017 7:35,2201
MAR,control,2017,22,10.866,10/10/2017 12:20,10/11/2017 5:55,1056
MAR,control,2017,24,30.174,10/14/2017 8:15,10/15/2017 2:00,1066
MAR,control,2017,26,45.907,10/21/2017 22:45,10/22/2017 23:20,1476
MAR,control,2018,2,835.122,6/18/2018 12:45,6/21/2018 8:40,4076
MAR,control,2018,4,143.57,6/25/2018 23:30,6/26/2018 11:30,721
MAR,control,2018,6,133.76,6/30/2018 21:05,7/1/2018 12:10,906
MAR,control,2018,8,1.332,7/5/2018 2:10,7/5/2018 2:45,36
MAR,control,2018,10,5.897,7/19/2018 4:30,7/19/2018 10:00,331
MAR,control,2018,12,33.469,8/7/2018 6:15,8/7/2018 16:20,606
MAR,control,2018,14,511.193,8/20/2018 5:15,8/21/2018 11:00,1786
MAR,control,2018,16,787.375,8/26/2018 20:15,8/29/2018 14:20,3966
MAR,control,2018,18,161.997,9/30/2018 19:05,10/1/2018 20:50,1546
MAR,control,2018,20,208.471,10/5/2018 21:20,10/7/2018 2:35,1756
MAR,control,2018,22,712.654,10/8/2018 2:50,10/9/2018 13:45,2096
MAR,control,2019,2,71.166,4/7/2019 19:20,4/8/2019 9:05,826
MAR,control,2019,4,941.941,4/10/2019 2:50,4/12/2019 7:00,3131
MAR,control,2019,6,206.109,5/8/2019 9:50,5/9/2019 9:10,1401
MAR,control,2019,8,248.58,5/14/2019 9:25,5/15/2019 9:30,1446
MAR,control,2019,10,848.171,5/16/2019 20:20,5/20/2019 0:30,4571
MAR,control,2019,12,379.96,5/21/2019 13:20,5/22/2019 12:10,1371
MAR,control,2019,14,1654.024,5/24/2019 2:10,5/25/2019 7:40,1771
MAR,control,2019,16,703.359,5/27/2019 7:00,5/29/2019 11:30,3151
MAR,control,2019,18,154.922,6/5/2019 6:55,6/5/2019 7:10,16
MAR,control,2019,20,1636.403,6/5/2019 20:30,6/6/2019 7:20,651
MAR,control,2019,22,6016.865,6/21/2019 8:40,6/23/2019 9:40,2941
MAR,control,2019,24,17.203,6/28/2019 9:40,6/28/2019 11:15,96
MAR,control,2019,26,4.467,8/18/2019 4:00,8/20/2019 7:00,3061
MAR,control,2019,28,19.802,9/9/2019 6:00,9/23/2019 8:00,20281
MAR,control,2019,30,5.149,10/5/2019 8:30,10/5/2019 12:40,251
MAR,control,2019,32,10.729,10/10/2019 23:50,10/11/2019 9:20,571
MAR,control,2019,34,16.67,10/21/2019 3:10,10/22/2019 10:50,1901
MAR,control,2020,2,3432.445,5/17/2020 0:45,5/18/2020 17:45,2461
MAR,control,2020,4,267.336,5/28/2020 6:00,5/28/2020 11:45,346
MAR,control,2020,6,63.434,6/10/2020 9:35,6/10/2020 10:25,51
MAR,control,2020,8,19.657,9/1/2020 0:55,9/1/2020 7:20,386
MAR,control,2020,10,3.215,9/7/2020 23:30,9/8/2020 4:00,271
MAR,control,2020,12,107.591,9/8/2020 18:15,9/10/2020 16:25,2771
MAR,control,2020,14,63.727,9/11/2020 8:55,9/12/2020 18:10,1996
MAR,control,2021,2,2.013,10/24/2021 20:20,10/25/2021 3:30,431
MAR,treatment,2017,2,160.937,5/27/2017 13:15,5/27/2017 17:35,261
MAR,treatment,2017,4,48.757,6/16/2017 22:30,6/16/2017 22:45,16
MAR,treatment,2017,6,1335.714,6/21/2017 7:55,6/22/2017 7:55,1441
MAR,treatment,2017,8,1479.693,6/22/2017 20:45,6/23/2017 20:40,1436
MAR,treatment,2017,10,2464.029,6/28/2017 17:50,6/30/2017 21:55,3126
MAR,treatment,2017,12,845.909,7/20/2017 22:50,7/21/2017 23:25,1476
MAR,treatment,2017,14,1054.246,8/3/2017 8:45,8/4/2017 8:30,1426
MAR,treatment,2017,16,2615.159,8/14/2017 6:55,8/15/2017 7:35,1481
MAR,treatment,2017,18,1193.296,8/16/2017 13:05,8/17/2017 13:05,1441
MAR,treatment,2017,20,10363.351,8/20/2017 7:35,8/22/2017 18:35,3541
MAR,treatment,2017,22,31.806,8/27/2017 14:00,8/27/2017 16:20,141
MAR,treatment,2017,24,592.239,9/17/2017 1:55,9/19/2017 12:50,3536
MAR,treatment,2017,26,108.391,9/26/2017 2:35,9/27/2017 2:10,1416
MAR,treatment,2017,28,645.742,10/6/2017 3:30,10/7/2017 11:50,1941
MAR,treatment,2017,30,113.22,10/8/2017 9:55,10/8/2017 15:35,341
MAR,treatment,2017,32,681.922,10/10/2017 11:55,10/11/2017 14:40,1606
MAR,treatment,2017,34,1937.357,10/13/2017 12:25,10/15/2017 2:50,2306
MAR,treatment,2017,36,447.385,10/21/2017 19:30,10/22/2017 23:20,1671
MAR,treatment,2018,2,27.778,7/5/2018 2:05,7/5/2018 3:55,111
MAR,treatment,2018,4,356.821,7/19/2018 2:25,7/19/2018 11:10,526
MAR,treatment,2018,6,6022.144,7/25/2018 21:45,7/26/2018 21:50,1446
MAR,treatment,2018,8,3224.711,7/29/2018 20:10,7/30/2018 10:45,876
MAR,treatment,2018,10,433.206,8/8/2018 6:35,8/8/2018 8:00,86
MAR,treatment,2018,12,444.071,8/21/2018 2:30,8/21/2018 11:00,511
MAR,treatment,2018,14,465.875,8/29/2018 5:05,8/29/2018 10:35,331
MAR,treatment,2018,16,2902.026,9/29/2018 15:10,10/2/2018 13:20,4211
MAR,treatment,2018,18,197.053,10/5/2018 21:20,10/7/2018 2:35,1756
MAR,treatment,2018,20,198.502,10/8/2018 2:50,10/9/2018 13:45,2096
MAR,treatment,2019,2,140.152,4/7/2019 6:15,4/8/2019 11:25,1751
MAR,treatment,2019,4,146.839,4/10/2019 2:30,4/11/2019 20:55,2546
MAR,treatment,2019,6,87.13,5/8/2019 7:55,5/9/2019 3:00,1146
MAR,treatment,2019,8,146.616,5/14/2019 8:45,5/14/2019 19:15,631
MAR,treatment,2019,10,1435.267,5/16/2019 19:55,5/19/2019 20:10,4336
MAR,treatment,2019,12,649.542,5/21/2019 13:20,5/22/2019 18:50,1771
MAR,treatment,2019,14,6796.044,5/24/2019 1:15,5/25/2019 2:20,1506
MAR,treatment,2019,16,105.062,5/27/2019 8:00,5/27/2019 14:10,371
MAR,treatment,2019,18,75.492,5/28/2019 9:00,5/29/2019 11:55,1616
MAR,treatment,2019,20,450.069,6/4/2019 4:55,6/6/2019 6:15,2961
MAR,treatment,2019,22,6.177,6/23/2019 4:05,6/23/2019 9:35,331
MAR,treatment,2019,24,15.596,6/28/2019 9:25,6/28/2019 10:20,56
MAR,treatment,2019,26,258.692,7/3/2019 3:30,7/5/2019 5:15,2986
MAR,treatment,2019,28,209.573,7/17/2019 11:45,7/18/2019 10:45,1381
MAR,treatment,2019,30,135.633,8/5/2019 22:30,8/19/2019 6:00,19171
MAR,treatment,2019,32,19.09,9/7/2019 17:00,9/22/2019 4:00,20821
MAR,treatment,2019,34,0.017,10/1/2019 5:50,10/1/2019 5:50,1
MAR,treatment,2019,36,3.248,10/1/2019 19:10,10/2/2019 0:45,336
MAR,treatment,2019,38,9.043,10/5/2019 8:30,10/5/2019 11:40,191
MAR,treatment,2019,40,481.804,10/9/2019 23:40,10/11/2019 0:05,1466
MAR,treatment,2019,42,1452.672,10/21/2019 1:50,10/22/2019 10:50,1981
MAR,treatment,2020,2,5.698,5/13/2020 17:15,5/14/2020 1:05,471
MAR,treatment,2020,4,97.168,5/17/2020 0:45,5/18/2020 13:35,2211
MAR,treatment,2020,6,51.847,5/23/2020 5:00,5/23/2020 10:45,346
MAR,treatment,2020,8,22.948,5/27/2020 0:40,5/27/2020 8:40,481
MAR,treatment,2020,10,10107.715,5/28/2020 6:30,5/29/2020 8:35,1566
MAR,treatment,2020,12,1336.587,6/9/2020 11:40,6/11/2020 9:00,2721
MAR,treatment,2020,14,182.84,6/19/2020 23:55,6/20/2020 8:45,531
MAR,treatment,2020,16,72.671,6/20/2020 23:25,6/21/2020 2:55,211
MAR,treatment,2020,18,880.651,6/22/2020 4:15,6/23/2020 10:15,1801
MAR,treatment,2020,20,756.181,8/10/2020 12:20,8/11/2020 10:00,1301
MAR,treatment,2020,22,546.084,8/15/2020 5:20,8/16/2020 1:15,1196
MAR,treatment,2020,24,929.162,8/23/2020 4:30,8/23/2020 8:25,236
MAR,treatment,2020,26,81.023,8/29/2020 2:15,8/29/2020 6:45,271
MAR,treatment,2020,28,56.66,8/31/2020 7:25,8/31/2020 21:45,861
MAR,treatment,2020,30,37.964,9/7/2020 22:45,9/8/2020 5:50,426
MAR,treatment,2020,32,0.229,9/8/2020 18:15,9/8/2020 18:15,1
MAR,treatment,2021,2,2343.4,5/3/2021 7:30,5/4/2021 12:35,1746
MAR,treatment,2021,4,868.018,5/19/2021 22:35,5/22/2021 8:05,3451
MAR,treatment,2021,6,325.581,5/27/2021 6:45,5/27/2021 20:40,836
MAR,treatment,2021,8,24.459,7/7/2021 13:45,7/7/2021 19:25,341
MAR,treatment,2021,10,38.491,9/20/2021 17:30,9/20/2021 21:45,256
MAR,treatment,2021,12,148.804,10/11/2021 11:50,10/11/2021 22:55,666
MAR,treatment,2021,14,145.322,10/13/2021 6:15,10/13/2021 22:35,981
MAR,treatment,2021,16,114.662,10/24/2021 9:45,10/25/2021 18:00,1936
MAR,treatment,2021,18,2.381,10/27/2021 13:25,10/27/2021 13:30,6
MCN,control,2017,2,4592.78,4/3/2017 7:35,4/4/2017 5:40,1326
MCN,control,2017,4,10150.095,4/4/2017 23:45,4/5/2017 16:15,991
MCN,control,2017,6,3446.394,4/15/2017 23:45,4/16/2017 6:15,391
MCN,control,2017,8,0.832,4/19/2017 6:05,4/19/2017 6:45,41
MCN,control,2017,10,212.946,4/26/2017 2:05,4/26/2017 15:20,796
MCN,control,2017,12,878.313,4/28/2017 12:35,4/28/2017 18:25,351
MCN,control,2017,14,7672.534,4/29/2017 11:15,5/1/2017 17:30,3256
MCN,control,2017,16,582.594,5/8/2017 8:40,5/8/2017 21:00,741
MCN,control,2017,18,5235.618,5/10/2017 13:20,5/11/2017 13:05,1426
MCN,control,2017,20,12.138,5/19/2017 4:05,5/19/2017 7:10,186
MCN,control,2017,22,863.109,5/26/2017 11:15,5/26/2017 19:00,466
MCN,control,2018,2,525.611,5/2/2018 20:20,5/4/2018 16:10,2631
MCN,control,2018,4,597.682,5/12/2018 8:05,5/13/2018 10:10,1566
MCN,control,2018,6,810.864,5/15/2018 4:55,5/16/2018 5:10,1456
MCN,control,2018,8,2158.134,5/21/2018 3:00,5/21/2018 6:05,186
MCN,control,2018,10,84.446,6/2/2018 7:00,6/2/2018 8:20,81
MCN,control,2018,12,302.286,6/6/2018 20:15,6/7/2018 22:20,1566
MCN,control,2018,14,1458.084,6/11/2018 4:45,6/12/2018 23:15,2551
MCN,control,2018,16,1282.227,6/25/2018 13:55,6/26/2018 14:25,1471
MCN,control,2018,18,20.307,6/28/2018 12:45,6/28/2018 20:55,491
MCN,control,2018,20,13419.568,6/30/2018 22:00,7/1/2018 12:40,881
MCN,control,2018,22,45.282,7/29/2018 1:45,7/29/2018 3:55,131
MCN,control,2018,24,160.01,8/31/2018 6:00,9/8/2018 4:00,11401
MCN,control,2018,26,53108.968,10/5/2018 11:00,10/10/2018 7:35,6996
MCN,control,2019,2,969.678,4/29/2019 3:55,4/29/2019 17:20,806
MCN,control,2019,4,77.984,4/30/2019 6:00,5/1/2019 0:35,1116
MCN,control,2019,6,1.505,5/6/2019 20:20,5/6/2019 21:30,71
MCN,control,2019,8,15.228,5/8/2019 8:35,5/8/2019 14:00,326
MCN,control,2019,10,0.108,5/17/2019 6:30,5/17/2019 7:00,31
MCN,control,2019,12,223.109,5/18/2019 17:40,5/19/2019 9:20,941
MCN,control,2019,14,0.756,5/20/2019 20:55,5/20/2019 21:35,41
MCN,control,2019,16,4384.585,5/21/2019 12:10,5/21/2019 20:25,496
MCN,control,2019,18,1542.632,5/24/2019 7:00,5/24/2019 9:25,146
MCN,control,2019,20,4662.701,5/25/2019 19:25,5/26/2019 6:30,666
MCN,control,2019,22,1336.121,5/27/2019 7:05,5/27/2019 12:45,341
MCN,control,2019,24,3171.187,5/28/2019 8:15,5/29/2019 1:10,1016
MCN,control,2019,26,4.113,6/19/2019 2:50,6/19/2019 10:00,431
MCN,control,2019,28,5.145,6/21/2019 7:50,6/21/2019 11:10,201
MCN,control,2019,30,24.68,6/22/2019 21:40,6/24/2019 0:15,1596
MCN,control,2019,32,721.904,6/25/2019 17:30,6/26/2019 9:35,966
MCN,control,2019,34,32.798,7/17/2019 13:25,7/17/2019 13:40,16
MCN,control,2019,36,161.506,8/20/2019 6:50,8/20/2019 7:10,21
MCN,control,2019,38,20.412,8/20/2019 23:00,8/21/2019 7:10,491
MCN,control,2019,40,924.424,9/21/2019 9:25,9/22/2019 20:20,2096
MCN,control,2019,42,159.977,9/28/2019 19:00,9/30/2019 12:00,2461
MCN,control,2019,44,258.252,10/1/2019 20:50,10/3/2019 0:15,1646
MCN,control,2019,46,46.223,10/10/2019 2:40,10/10/2019 9:25,406
MCN,control,2019,48,4.868,10/21/2019 6:35,10/21/2019 15:40,546
MCN,control,2020,2,7.761,3/28/2020 0:55,3/28/2020 13:25,751
MCN,control,2020,4,37.195,5/14/2020 19:10,5/14/2020 19:30,21
MCN,control,2020,6,0.413,5/17/2020 4:20,5/17/2020 4:55,36
MCN,control,2020,8,56.882,5/28/2020 5:35,5/28/2020 14:35,541
MCN,control,2020,10,6.827,6/22/2020 22:45,6/23/2020 6:25,461
MCN,control,2020,12,65.635,7/15/2020 0:55,7/16/2020 6:50,1796
MCN,control,2020,14,4.923,7/27/2020 2:10,7/27/2020 4:00,111
MCN,control,2020,16,68.818,7/30/2020 14:45,7/31/2020 11:15,1231
MCN,control,2020,18,0.941,8/6/2020 15:00,8/6/2020 15:30,31
MCN,control,2020,20,249.714,9/8/2020 18:35,9/10/2020 16:30,2756
MCN,control,2020,22,61.322,9/11/2020 5:45,9/11/2020 12:45,421
MCN,control,2021,2,2180.942,5/9/2021 1:55,5/9/2021 6:40,286
MCN,control,2021,4,31.8,5/18/2021 8:45,5/18/2021 17:35,531
MCN,control,2021,6,322.668,5/20/2021 2:10,5/21/2021 15:45,2256
MCN,control,2021,8,7927.299,5/22/2021 10:50,5/23/2021 10:45,1436
MCN,control,2021,10,9820.888,5/26/2021 0:55,5/28/2021 6:25,3211
MCN,control,2021,12,108.941,6/19/2021 13:55,6/19/2021 19:30,336
MCN,control,2021,14,135.328,6/20/2021 12:00,6/20/2021 18:35,396
MCN,control,2021,16,239.915,6/24/2021 20:15,6/25/2021 0:00,226
MCN,control,2021,18,21103.183,7/10/2021 3:55,7/11/2021 4:00,1446
MCN,control,2021,20,27780.232,7/14/2021 23:15,7/16/2021 2:35,1641
MCN,control,2021,22,3095.257,7/31/2021 1:50,8/1/2021 5:35,1666
MCN,control,2021,24,437.444,10/14/2021 4:25,10/15/2021 3:00,1356
MCN,control,2021,26,1685.318,10/24/2021 12:00,10/26/2021 11:45,2866
MCN,treatment,2017,2,2052.34,4/3/2017 7:35,4/6/2017 8:25,4371
MCN,treatment,2017,4,54.541,4/10/2017 1:55,4/11/2017 1:25,1411
MCN,treatment,2017,6,18.085,4/14/2017 21:30,4/15/2017 8:05,636
MCN,treatment,2017,8,46.935,4/16/2017 1:25,4/17/2017 0:10,1366
MCN,treatment,2017,10,40.798,4/19/2017 2:20,4/20/2017 6:05,1666
MCN,treatment,2017,12,188.627,4/26/2017 0:00,4/27/2017 6:00,1801
MCN,treatment,2017,14,32339.671,4/28/2017 12:05,5/1/2017 21:35,4891
MCN,treatment,2017,16,6.531,5/8/2017 12:55,5/8/2017 16:25,211
MCN,treatment,2017,18,25209.069,5/10/2017 13:15,5/11/2017 13:30,1456
MCN,treatment,2017,20,892.504,5/19/2017 2:25,5/19/2017 9:40,436
MCN,treatment,2017,22,2.99,5/26/2017 8:00,5/26/2017 9:15,76
MCN,treatment,2017,24,78.667,6/15/2017 23:40,6/16/2017 9:15,576
MCN,treatment,2017,26,8.348,6/16/2017 23:00,6/17/2017 0:20,81
MCN,treatment,2017,28,33.79,6/17/2017 17:40,6/18/2017 7:45,846
MCN,treatment,2017,30,52.854,6/23/2017 1:55,6/23/2017 10:00,486
MCN,treatment,2017,32,11.851,6/26/2017 9:40,6/26/2017 12:05,146
MCN,treatment,2017,34,42.964,6/28/2017 7:55,6/28/2017 14:25,391
MCN,treatment,2017,36,107.729,7/26/2017 22:10,7/27/2017 12:30,861
MCN,treatment,2017,38,267.929,10/14/2017 8:05,10/15/2017 13:35,1771
MCN,treatment,2017,40,544.925,10/21/2017 20:10,10/23/2017 0:20,1691
MCN,treatment,2018,2,3686.862,5/2/2018 22:00,5/4/2018 21:15,2836
MCN,treatment,2018,4,5337.326,5/12/2018 8:00,5/13/2018 10:10,1571
MCN,treatment,2018,6,2678.195,5/15/2018 5:05,5/16/2018 5:10,1446
MCN,treatment,2018,8,11209.275,5/21/2018 1:55,5/21/2018 17:00,906
MCN,treatment,2018,10,1705.19,6/2/2018 6:50,6/2/2018 9:45,176
MCN,treatment,2018,12,274.802,6/6/2018 20:15,6/7/2018 20:20,1446
MCN,treatment,2018,14,6050.478,6/11/2018 4:45,6/12/2018 23:15,2551
MCN,treatment,2018,16,517.853,6/14/2018 11:30,6/15/2018 11:45,1456
MCN,treatment,2018,18,363.225,6/19/2018 12:25,6/20/2018 22:15,2031
MCN,treatment,2018,20,3768.07,6/24/2018 16:00,6/26/2018 19:15,3076
MCN,treatment,2018,22,0.562,6/27/2018 10:25,6/27/2018 10:40,16
MCN,treatment,2018,24,38.885,6/28/2018 13:05,6/29/2018 10:30,1286
MCN,treatment,2018,26,30150.703,6/30/2018 22:05,7/1/2018 6:50,526
MCN,treatment,2018,28,1075.784,7/29/2018 1:40,7/30/2018 2:50,1511
MCN,treatment,2018,30,107.223,8/15/2018 18:20,8/16/2018 4:40,621
MCN,treatment,2018,32,688.829,9/5/2018 13:00,9/7/2018 13:00,2881
MCN,treatment,2018,34,94437.182,10/5/2018 22:25,10/9/2018 21:55,5731
MCN,treatment,2019,2,2986.13,4/29/2019 3:35,4/29/2019 13:25,591
MCN,treatment,2019,4,948.493,4/30/2019 6:15,5/1/2019 0:00,1066
MCN,treatment,2019,6,5.149,5/6/2019 19:35,5/6/2019 21:35,121
MCN,treatment,2019,8,3.282,5/7/2019 17:45,5/7/2019 19:30,106
MCN,treatment,2019,10,284.179,5/8/2019 8:45,5/8/2019 21:30,766
MCN,treatment,2019,12,16.715,5/17/2019 5:55,5/17/2019 12:45,411
MCN,treatment,2019,14,2160.719,5/18/2019 17:30,5/19/2019 10:05,996
MCN,treatment,2019,16,13044.589,5/20/2019 20:45,5/22/2019 1:20,1716
MCN,treatment,2019,18,4892.197,5/24/2019 3:20,5/24/2019 21:25,1086
MCN,treatment,2019,20,70078.567,5/25/2019 19:25,5/29/2019 15:25,5521
MCN,treatment,2019,22,45.77,6/19/2019 3:25,6/19/2019 21:25,1081
MCN,treatment,2019,24,23.053,6/21/2019 8:05,6/21/2019 13:25,321
MCN,treatment,2019,26,1467.42,6/22/2019 9:10,6/23/2019 8:50,1421
MCN,treatment,2019,28,7911.214,6/25/2019 17:30,6/26/2019 14:25,1256
MCN,treatment,2019,30,134.788,7/17/2019 13:25,7/17/2019 13:45,21
MCN,treatment,2019,32,673.846,8/18/2019 6:10,8/19/2019 7:45,1536
MCN,treatment,2019,34,9198.879,8/20/2019 6:40,8/20/2019 23:50,1031
MCN,treatment,2019,36,97.985,9/22/2019 1:35,9/23/2019 11:20,2026
MCN,treatment,2019,38,1028.039,9/28/2019 19:00,9/29/2019 16:00,1261
MCN,treatment,2019,40,11329.139,10/1/2019 21:05,10/3/2019 11:15,2291
MCN,treatment,2019,42,13.795,10/5/2019 11:30,10/5/2019 18:25,416
MCN,treatment,2019,44,8397.35,10/10/2019 0:30,10/10/2019 21:25,1256
MCN,treatment,2019,46,350.061,10/21/2019 2:50,10/21/2019 9:25,396
MCN,treatment,2020,2,400.8,3/28/2020 0:45,3/28/2020 20:30,1186
MCN,treatment,2020,4,54.476,5/5/2020 16:50,5/6/2020 16:45,1436
MCN,treatment,2020,6,26057.42,5/14/2020 5:55,5/15/2020 13:50,1916
MCN,treatment,2020,8,3730.794,5/17/2020 2:35,5/18/2020 3:30,1496
MCN,treatment,2020,10,92.223,5/23/2020 2:05,5/24/2020 4:55,1611
MCN,treatment,2020,12,6.494,5/24/2020 20:45,5/24/2020 22:05,81
MCN,treatment,2020,14,12433.992,5/25/2020 18:00,5/26/2020 17:10,1391
MCN,treatment,2020,16,1.428,5/27/2020 9:45,5/27/2020 11:10,86
MCN,treatment,2020,18,9572.248,5/28/2020 5:35,5/28/2020 9:50,256
MCN,treatment,2020,20,2.06,5/29/2020 4:40,5/29/2020 6:00,81
MCN,treatment,2020,22,0.507,6/5/2020 5:40,6/5/2020 5:50,11
MCN,treatment,2020,24,0.278,6/9/2020 10:40,6/9/2020 10:45,6
MCN,treatment,2020,26,19469.393,6/9/2020 23:10,6/11/2020 8:55,2026
MCN,treatment,2020,28,1.58,6/22/2020 6:40,6/22/2020 7:55,76
MCN,treatment,2020,30,0.775,6/28/2020 8:50,6/28/2020 9:20,31
MCN,treatment,2021,2,1258.642,5/9/2021 2:30,5/9/2021 8:25,356
MCN,treatment,2021,4,52.575,5/15/2021 6:00,5/16/2021 5:50,1431
MCN,treatment,2021,6,103.544,5/16/2021 23:30,5/18/2021 13:00,2251
MCN,treatment,2021,8,6.445,5/20/2021 16:25,5/20/2021 17:15,51
MCN,treatment,2021,10,3.503,6/19/2021 1:20,6/19/2021 2:25,66
MCN,treatment,2021,12,3671.541,6/24/2021 21:15,6/25/2021 2:30,316
MCN,treatment,2021,14,25017.192,7/10/2021 4:50,7/10/2021 23:15,1106
MCN,treatment,2021,16,42031.947,7/14/2021 23:15,7/16/2021 2:35,1641
MCN,treatment,2021,18,215.229,7/31/2021 4:55,8/1/2021 5:35,1481
MCN,treatment,2021,20,4.995,10/24/2021 13:00,10/25/2021 0:00,661
RHO,control,2016,2,1.832,3/13/2016 5:00,3/13/2016 23:20,1101
RHO,control,2016,4,23.741,3/15/2016 15:55,3/16/2016 7:30,936
RHO,control,2016,6,750.519,3/30/2016 20:30,4/1/2016 11:10,2321
RHO,control,2016,8,0.027,4/20/2016 15:30,4/20/2016 15:35,6
RHO,control,2016,10,0.063,4/27/2016 22:05,4/27/2016 22:50,46
RHO,control,2016,12,0.409,4/30/2016 9:40,5/1/2016 15:40,1801
RHO,control,2016,14,1172.206,6/11/2016 4:05,6/12/2016 4:55,1491
RHO,control,2016,16,960.289,6/14/2016 19:50,6/15/2016 20:55,1506
RHO,control,2016,18,219.198,6/20/2016 6:10,6/21/2016 6:15,1446
RHO,control,2016,20,441.597,6/21/2016 19:45,6/22/2016 22:25,1601
RHO,control,2016,22,805.889,6/26/2016 2:15,6/27/2016 3:05,1491
RHO,control,2016,24,442.36,6/30/2016 16:55,7/1/2016 17:00,1446
RHO,control,2016,26,308.4,7/7/2016 6:15,7/8/2016 7:35,1521
RHO,control,2016,28,519.111,7/10/2016 13:25,7/13/2016 0:55,3571
RHO,control,2016,30,798.702,7/17/2016 5:25,7/20/2016 12:30,4746
RHO,control,2016,32,42.421,8/4/2016 19:10,8/5/2016 11:15,966
RHO,control,2016,34,106.661,8/11/2016 20:35,8/11/2016 22:10,96
RHO,control,2016,36,15.215,8/17/2016 4:50,8/17/2016 5:40,51
RHO,control,2016,38,0.193,9/9/2016 16:15,9/9/2016 16:20,6
RHO,control,2016,40,2803.962,9/15/2016 21:30,9/16/2016 12:35,906
RHO,control,2016,42,235.925,9/25/2016 0:00,9/25/2016 0:40,41
RHO,control,2016,44,100.378,11/2/2016 3:15,11/3/2016 4:10,1496
RHO,control,2017,2,51.013,3/29/2017 22:20,3/30/2017 0:05,106
RHO,control,2017,4,194.044,4/30/2017 17:15,5/1/2017 19:40,1586
RHO,control,2017,6,391.23,5/10/2017 7:15,5/10/2017 15:00,466
RHO,control,2017,8,1246.443,5/17/2017 0:40,5/17/2017 1:15,36
RHO,control,2017,10,11445.721,5/17/2017 17:00,5/21/2017 1:50,4851
RHO,control,2017,12,2008.112,5/27/2017 12:30,5/27/2017 15:50,201
RHO,control,2017,14,1502.5,6/16/2017 23:15,6/16/2017 23:45,31
RHO,control,2017,16,113.832,6/19/2017 14:20,6/19/2017 14:30,11
RHO,control,2017,18,1.979,6/20/2017 13:10,6/20/2017 14:10,61
RHO,control,2017,20,3.996,7/22/2017 5:30,7/22/2017 5:40,11
RHO,control,2017,22,302.271,8/14/2017 7:20,8/15/2017 8:25,1506
RHO,control,2017,24,75.531,8/16/2017 12:25,8/16/2017 22:40,616
RHO,control,2017,26,365.4,8/21/2017 5:05,8/22/2017 2:55,1311
RHO,control,2017,28,1008.371,10/6/2017 6:35,10/7/2017 11:45,1751
RHO,control,2017,30,81.456,10/10/2017 13:00,10/11/2017 12:40,1421
RHO,control,2017,32,777.717,10/14/2017 9:55,10/15/2017 17:30,1896
RHO,control,2017,34,145.632,10/21/2017 20:50,10/22/2017 23:00,1571
RHO,control,2018,2,758.573,5/12/2018 3:35,5/12/2018 12:00,506
RHO,control,2018,4,8754.961,6/19/2018 1:50,6/21/2018 17:05,3796
RHO,control,2018,6,15.278,6/24/2018 11:20,6/24/2018 22:25,666
RHO,control,2018,8,40930.402,6/25/2018 17:15,6/27/2018 8:05,2331
RHO,control,2018,10,35798.979,6/30/2018 20:00,7/2/2018 2:45,1846
RHO,control,2018,12,161.602,7/5/2018 2:10,7/5/2018 7:25,316
RHO,control,2018,14,66.969,7/5/2018 22:15,7/6/2018 1:25,191
RHO,control,2018,16,854.509,7/25/2018 22:10,7/26/2018 22:10,1441
RHO,control,2018,18,8033.684,8/5/2018 6:35,8/7/2018 20:10,3696
RHO,control,2018,20,312.653,8/15/2018 9:30,8/15/2018 21:10,701
RHO,control,2018,22,959.682,8/20/2018 2:40,8/21/2018 18:00,2361
RHO,control,2018,24,130.314,8/27/2018 5:05,8/27/2018 19:00,836
RHO,control,2018,26,83.642,8/28/2018 13:45,8/29/2018 2:35,771
RHO,control,2018,28,117.977,8/31/2018 8:25,9/1/2018 7:15,1371
RHO,control,2018,30,36056.416,9/1/2018 19:55,9/6/2018 3:00,6186
RHO,control,2018,32,19228.113,9/18/2018 10:50,9/21/2018 23:55,5106
RHO,control,2018,34,6835.727,9/25/2018 11:10,9/25/2018 20:45,576
RHO,control,2018,36,544.876,9/29/2018 23:00,10/2/2018 14:25,3806
RHO,control,2018,38,92.307,10/3/2018 20:35,10/4/2018 1:35,301
RHO,control,2018,40,529.246,10/5/2018 21:05,10/6/2018 21:05,1441
RHO,control,2018,42,8315.314,10/8/2018 3:55,10/9/2018 14:50,2096
RHO,control,2019,2,51.179,4/7/2019 7:35,4/8/2019 9:10,1536
RHO,control,2019,4,30.045,4/10/2019 2:25,4/10/2019 18:25,961
RHO,control,2019,6,0.309,4/17/2019 16:30,4/17/2019 23:05,396
RHO,control,2019,8,22.855,5/8/2019 8:05,5/9/2019 4:50,1246
RHO,control,2019,10,6.894,5/14/2019 9:25,5/14/2019 19:20,596
RHO,control,2019,12,28.405,5/17/2019 4:55,5/17/2019 16:35,701
RHO,control,2019,14,269.517,5/18/2019 17:15,5/19/2019 7:20,846
RHO,control,2019,16,3381.426,5/21/2019 13:10,5/21/2019 20:50,461
RHO,control,2019,18,10573.189,5/24/2019 1:00,5/24/2019 11:30,631
RHO,control,2019,20,1.841,5/25/2019 0:10,5/25/2019 0:20,11
RHO,control,2019,22,738.565,5/28/2019 15:45,5/29/2019 3:25,701
RHO,control,2019,24,0.207,5/30/2019 0:20,5/30/2019 0:55,36
RHO,control,2019,26,1267.97,6/3/2019 22:05,6/6/2019 5:20,3316
RHO,control,2019,28,1682.111,6/15/2019 17:55,6/16/2019 18:20,1466
RHO,control,2019,30,39638.763,6/21/2019 8:00,6/23/2019 22:50,3771
RHO,control,2019,32,49.424,6/24/2019 19:10,6/24/2019 20:10,61
RHO,control,2019,34,1182.125,6/28/2019 9:50,6/29/2019 9:55,1446
RHO,control,2019,36,1744.423,7/3/2019 3:05,7/4/2019 15:55,2211
RHO,control,2019,38,284.601,8/20/2019 5:45,8/20/2019 6:35,51
RHO,control,2019,40,23.028,8/20/2019 20:35,8/21/2019 6:15,581
RHO,control,2019,42,7623.591,10/1/2019 5:35,10/3/2019 17:20,3586
RHO,control,2019,44,4137.033,10/5/2019 7:35,10/6/2019 11:00,1646
RHO,control,2019,46,6055.452,10/10/2019 8:24,10/10/2019 10:34,131
RHO,control,2020,2,8.782,3/28/2020 4:50,3/28/2020 19:10,861
RHO,control,2020,4,5091.656,5/17/2020 3:10,5/18/2020 3:50,1481
RHO,control,2020,6,378.02,5/23/2020 4:35,5/26/2020 14:50,4936
RHO,control,2020,8,2.734,5/28/2020 6:35,5/28/2020 6:40,6
RHO,control,2020,10,342.835,6/3/2020 5:05,6/3/2020 5:30,26
RHO,control,2020,12,2085.566,6/9/2020 13:05,6/9/2020 15:25,141
RHO,control,2020,14,2327.317,6/10/2020 6:45,6/10/2020 12:55,371
RHO,control,2020,16,480.141,6/19/2020 17:40,6/20/2020 16:50,1391
RHO,control,2020,18,185.925,6/22/2020 10:45,6/22/2020 21:10,626
RHO,control,2020,20,333.782,6/26/2020 6:35,6/27/2020 8:05,1531
RHO,control,2020,22,0.057,7/11/2020 18:10,7/11/2020 18:10,1
RHO,control,2020,24,3.748,7/14/2020 17:15,7/14/2020 21:15,241
RHO,control,2020,26,37.279,7/21/2020 21:55,7/22/2020 17:15,1161
RHO,control,2020,28,28.153,8/10/2020 11:40,8/11/2020 11:45,1446
RHO,control,2020,30,125.143,9/7/2020 23:30,9/10/2020 16:05,3876
RHO,control,2020,32,73.706,9/11/2020 8:40,9/12/2020 22:40,2281
RHO,control,2021,2,3056.672,5/15/2021 17:55,5/16/2021 18:10,1456
RHO,control,2021,4,87.763,5/20/2021 4:20,5/22/2021 0:20,2641
RHO,control,2021,6,98.596,5/27/2021 7:50,5/28/2021 5:45,1316
RHO,control,2021,8,7402.286,7/14/2021 20:35,7/14/2021 22:05,91
RHO,control,2021,10,275.65,7/31/2021 2:35,8/1/2021 2:40,1446
RHO,control,2021,12,0.183,8/5/2021 11:05,8/5/2021 11:45,41
RHO,control,2021,14,46.882,9/3/2021 4:20,9/4/2021 6:00,1541
RHO,treatment,2016,2,16.254,3/13/2016 3:30,3/14/2016 2:45,1396
RHO,treatment,2016,4,3.726,3/15/2016 15:00,3/15/2016 17:30,151
RHO,treatment,2016,6,484.06,3/30/2016 20:45,4/1/2016 11:10,2306
RHO,treatment,2016,8,5.263,4/20/2016 16:20,4/21/2016 3:35,676
RHO,treatment,2016,10,0.543,4/21/2016 22:45,4/22/2016 1:45,181
RHO,treatment,2016,12,0.308,4/27/2016 21:30,4/27/2016 21:55,26
RHO,treatment,2016,14,7.948,4/30/2016 10:40,4/30/2016 18:10,451
RHO,treatment,2016,16,110.999,6/11/2016 3:55,6/11/2016 10:20,386
RHO,treatment,2016,18,20.35,6/15/2016 2:05,6/15/2016 8:30,386
RHO,treatment,2016,20,6.517,6/20/2016 6:15,6/20/2016 8:40,146
RHO,treatment,2016,22,93.297,6/21/2016 19:50,6/22/2016 12:20,991
RHO,treatment,2016,24,201.717,6/26/2016 2:25,6/27/2016 3:05,1481
RHO,treatment,2016,26,109.365,6/30/2016 16:50,7/1/2016 17:00,1451
RHO,treatment,2016,28,11.119,7/7/2016 6:15,7/7/2016 9:15,181
RHO,treatment,2016,30,11.665,7/10/2016 13:25,7/10/2016 21:00,456
RHO,treatment,2016,32,47.238,7/11/2016 10:25,7/12/2016 8:55,1351
RHO,treatment,2016,34,294.193,7/17/2016 5:25,7/20/2016 13:45,4821
RHO,treatment,2016,36,13.091,8/2/2016 7:30,8/2/2016 12:05,276
RHO,treatment,2016,38,66.012,8/4/2016 15:55,8/5/2016 9:10,1036
RHO,treatment,2016,40,197.895,8/11/2016 5:10,8/12/2016 17:20,2171
RHO,treatment,2016,42,26.111,8/17/2016 3:50,8/17/2016 6:20,151
RHO,treatment,2016,44,39.935,8/19/2016 19:55,8/20/2016 9:20,806
RHO,treatment,2016,46,19.673,8/20/2016 22:30,8/21/2016 6:15,466
RHO,treatment,2016,48,10.82,8/26/2016 20:20,8/27/2016 6:40,621
RHO,treatment,2016,50,139.794,9/15/2016 21:20,9/16/2016 6:30,551
RHO,treatment,2016,52,5.611,9/16/2016 20:40,9/16/2016 23:35,176
RHO,treatment,2016,54,25.275,9/23/2016 8:00,9/23/2016 13:25,326
RHO,treatment,2016,56,16.384,9/24/2016 1:50,9/24/2016 9:55,486
RHO,treatment,2016,58,121.267,9/24/2016 22:05,9/26/2016 2:10,1686
RHO,treatment,2016,60,108.807,10/5/2016 0:10,10/6/2016 0:35,1466
RHO,treatment,2016,62,6.99,10/10/2016 21:45,10/11/2016 1:45,241
RHO,treatment,2016,64,3.104,11/2/2016 2:35,11/2/2016 4:20,106
RHO,treatment,2017,2,359.755,3/29/2017 12:50,3/30/2017 11:05,1336
RHO,treatment,2017,4,30.449,4/3/2017 9:15,4/4/2017 5:10,1196
RHO,treatment,2017,6,367.116,4/30/2017 16:35,5/1/2017 9:25,1011
RHO,treatment,2017,8,123.327,5/10/2017 6:00,5/10/2017 17:10,671
RHO,treatment,2017,10,296.827,5/17/2017 0:40,5/19/2017 0:30,2871
RHO,treatment,2017,12,0.706,5/24/2017 4:25,5/24/2017 4:50,26
RHO,treatment,2017,14,839.92,5/27/2017 12:30,5/27/2017 15:30,181
RHO,treatment,2017,16,627.016,6/16/2017 23:10,6/17/2017 0:50,101
RHO,treatment,2017,18,5.649,6/19/2017 14:15,6/19/2017 15:15,61
RHO,treatment,2017,20,3.51,6/28/2017 4:25,6/28/2017 7:20,176
RHO,treatment,2017,22,57.247,7/12/2017 17:30,7/13/2017 12:55,1166
RHO,treatment,2017,24,150.173,7/20/2017 22:20,7/23/2017 5:05,3286
RHO,treatment,2017,26,816.639,9/17/2017 1:10,9/19/2017 12:25,3556
RHO,treatment,2017,28,664.625,9/25/2017 19:05,9/27/2017 1:40,1836
RHO,treatment,2017,30,47.893,10/3/2017 20:30,10/4/2017 21:45,1516
RHO,treatment,2017,32,145.134,10/6/2017 2:30,10/8/2017 1:45,2836
RHO,treatment,2017,34,56.364,10/10/2017 8:00,10/11/2017 12:40,1721
RHO,treatment,2018,2,0.381,5/1/2018 23:10,5/1/2018 23:15,6
RHO,treatment,2018,4,35.226,5/3/2018 20:15,5/3/2018 21:50,96
RHO,treatment,2018,6,15755.143,6/14/2018 4:25,6/15/2018 0:30,1206
RHO,treatment,2018,8,5.067,6/19/2018 1:20,6/19/2018 5:50,271
RHO,treatment,2018,10,2520.362,6/20/2018 3:55,6/20/2018 21:40,1066
RHO,treatment,2018,12,3.208,6/21/2018 16:30,6/21/2018 17:40,71
RHO,treatment,2018,14,17.743,6/24/2018 11:50,6/24/2018 12:35,46
RHO,treatment,2018,16,14650.939,6/25/2018 21:50,6/27/2018 5:10,1881
RHO,treatment,2018,18,9258.3,6/30/2018 20:15,7/1/2018 13:30,1036
RHO,treatment,2018,20,125.991,7/5/2018 1:40,7/5/2018 2:20,41
RHO,treatment,2018,22,5127.146,7/13/2018 15:35,7/14/2018 23:15,1901
RHO,treatment,2018,24,218.236,7/25/2018 22:05,7/26/2018 22:10,1446
RHO,treatment,2018,26,2436.335,8/5/2018 6:20,8/7/2018 14:15,3356
RHO,treatment,2018,28,2.718,8/20/2018 2:40,8/20/2018 4:50,131
RHO,treatment,2018,30,1.642,8/31/2018 6:35,8/31/2018 9:15,161
RHO,treatment,2018,32,2.655,9/1/2018 4:00,9/1/2018 6:15,136
RHO,treatment,2018,34,5913.671,9/1/2018 20:00,9/2/2018 5:45,586
RHO,treatment,2018,36,4106.091,9/3/2018 6:00,9/3/2018 19:25,806
RHO,treatment,2018,38,1961.964,9/4/2018 18:35,9/5/2018 17:15,1361
RHO,treatment,2018,40,4323.81,9/18/2018 10:40,9/19/2018 15:15,1716
RHO,treatment,2018,42,1261.667,9/20/2018 22:30,9/21/2018 15:10,1001
RHO,treatment,2018,44,3528.499,9/25/2018 11:10,9/26/2018 12:25,1516
RHO,treatment,2018,46,131.975,9/30/2018 21:25,9/30/2018 23:55,151
RHO,treatment,2018,48,56.701,10/1/2018 15:20,10/1/2018 19:25,246
RHO,treatment,2018,50,231.64,10/3/2018 20:35,10/3/2018 22:10,96
RHO,treatment,2018,52,922.349,10/5/2018 17:15,10/6/2018 3:50,636
RHO,treatment,2018,54,6437.921,10/8/2018 3:55,10/9/2018 14:45,2091
RHO,treatment,2019,2,647.804,4/7/2019 5:55,4/8/2019 17:05,2111
RHO,treatment,2019,4,395.592,4/10/2019 1:35,4/11/2019 23:00,2726
RHO,treatment,2019,6,1.389,4/17/2019 16:30,4/17/2019 16:45,16
RHO,treatment,2019,8,0.789,5/6/2019 0:20,5/6/2019 0:45,26
RHO,treatment,2019,10,0.035,5/8/2019 3:50,5/8/2019 3:50,1
RHO,treatment,2019,12,0.216,5/14/2019 8:55,5/14/2019 9:25,31
RHO,treatment,2019,14,244.87,5/17/2019 4:25,5/17/2019 18:50,866
RHO,treatment,2019,16,2794.517,5/18/2019 17:00,5/19/2019 5:35,756
RHO,treatment,2019,18,3238.151,5/21/2019 13:40,5/21/2019 23:25,586
RHO,treatment,2019,20,7660.874,5/24/2019 2:25,5/24/2019 11:05,521
RHO,treatment,2019,22,11.434,5/24/2019 23:50,5/25/2019 0:30,41
RHO,treatment,2019,24,888.548,5/28/2019 15:35,5/29/2019 2:30,656
RHO,treatment,2019,26,0.454,6/3/2019 22:05,6/3/2019 22:10,6
RHO,treatment,2019,28,252.014,6/5/2019 6:55,6/5/2019 8:35,101
RHO,treatment,2019,30,0.035,6/6/2019 3:35,6/6/2019 3:35,1
RHO,treatment,2019,32,5592.628,6/21/2019 7:55,6/23/2019 21:25,3691
RHO,treatment,2019,34,309.166,6/24/2019 19:15,6/25/2019 19:10,1436
RHO,treatment,2019,36,4.156,6/28/2019 9:50,6/28/2019 12:05,136
RHO,treatment,2019,38,410.733,7/2/2019 19:20,7/3/2019 4:10,531
RHO,treatment,2019,40,27.424,7/3/2019 17:05,7/4/2019 9:35,991
RHO,treatment,2019,42,7.444,7/17/2019 11:30,7/17/2019 15:25,236
RHO,treatment,2019,44,268.188,9/15/2019 12:40,9/15/2019 17:20,281
RHO,treatment,2019,46,277.847,9/22/2019 1:20,9/22/2019 6:55,336
RHO,treatment,2019,48,196.23,9/27/2019 14:15,9/28/2019 12:45,1351
RHO,treatment,2019,50,3695.449,10/1/2019 5:30,10/3/2019 17:15,3586
RHO,treatment,2019,52,1554.822,10/5/2019 6:10,10/6/2019 9:55,1666
RHO,treatment,2019,54,464.757,10/9/2019 21:20,10/11/2019 8:40,2121
RHO,treatment,2019,56,361.224,10/21/2019 1:25,10/22/2019 11:50,2066
RHO,treatment,2020,2,3.992,3/28/2020 3:45,3/28/2020 16:25,761
RHO,treatment,2020,4,0.825,5/13/2020 16:40,5/14/2020 0:35,476
RHO,treatment,2020,6,365.834,5/14/2020 14:50,5/14/2020 15:40,51
RHO,treatment,2020,8,1325.837,5/15/2020 15:00,5/15/2020 18:15,196
RHO,treatment,2020,10,354.509,5/17/2020 3:15,5/17/2020 5:00,106
RHO,treatment,2020,12,427.156,5/23/2020 4:15,5/28/2020 12:20,7686
RHO,treatment,2020,14,366.205,6/3/2020 5:25,6/4/2020 4:55,1411
RHO,treatment,2020,16,802.885,6/5/2020 5:30,6/6/2020 5:30,1441
RHO,treatment,2020,18,1261.998,6/9/2020 9:40,6/10/2020 14:30,1731
RHO,treatment,2020,20,3.721,6/19/2020 17:35,6/20/2020 4:50,676
RHO,treatment,2020,22,4.14,6/22/2020 13:05,6/22/2020 14:15,71
RHO,treatment,2020,24,249.077,8/31/2020 7:05,9/1/2020 7:00,1436
RHO,treatment,2020,26,663.494,9/7/2020 21:40,9/10/2020 16:05,3986
RHO,treatment,2020,28,472.686,9/11/2020 8:35,9/13/2020 5:05,2671
RHO,treatment,2021,2,589.492,5/15/2021 12:55,5/15/2021 19:20,386
RHO,treatment,2021,4,0.181,5/20/2021 3:40,5/20/2021 3:50,11
RHO,treatment,2021,6,0.229,5/21/2021 0:20,5/21/2021 0:20,1
RHO,treatment,2021,8,0.427,8/21/2021 1:00,8/21/2021 1:05,6
RHO,treatment,2021,10,0.291,8/31/2021 0:05,8/31/2021 0:05,1
WHI,control,2016,2,29.712,7/7/2016 4:10,7/7/2016 10:10,361
WHI,control,2016,4,34.355,7/11/2016 23:35,7/12/2016 9:05,571
WHI,control,2016,6,36.144,7/13/2016 22:00,7/14/2016 16:50,1131
WHI,control,2016,8,1501.864,7/17/2016 16:55,7/20/2016 9:55,3901
WHI,control,2016,10,1383.846,8/1/2016 5:55,8/3/2016 6:00,2886
WHI,control,2016,12,669.637,8/11/2016 17:35,8/12/2016 22:55,1761
WHI,control,2016,14,43.681,9/9/2016 16:15,9/10/2016 9:05,1011
WHI,control,2016,16,109.655,9/15/2016 21:40,9/17/2016 3:45,1806
WHI,control,2016,18,8031.466,9/24/2016 17:30,9/26/2016 6:10,2201
WHI,control,2016,20,492.659,10/4/2016 20:40,10/5/2016 23:15,1596
WHI,control,2016,22,161.896,10/6/2016 14:45,10/7/2016 21:25,1841
WHI,control,2017,2,9050.414,6/30/2017 20:30,7/1/2017 20:25,1436
WHI,control,2017,4,21259.113,7/2/2017 10:10,7/4/2017 18:05,3356
WHI,control,2017,6,1374.624,7/11/2017 2:50,7/12/2017 2:50,1441
WHI,control,2017,8,6237.239,7/12/2017 15:35,7/13/2017 10:40,1146
WHI,control,2017,10,2748.722,7/18/2017 10:20,7/20/2017 1:15,2336
WHI,control,2017,12,17242.745,7/20/2017 19:55,7/22/2017 16:25,2671
WHI,control,2017,14,5578.862,7/26/2017 7:10,7/27/2017 8:05,1496
WHI,control,2017,16,4806.839,8/3/2017 5:30,8/4/2017 6:50,1521
WHI,control,2018,2,50.964,5/3/2018 19:50,5/3/2018 20:30,41
WHI,control,2018,4,4992.789,6/19/2018 8:45,6/19/2018 11:55,191
WHI,control,2018,6,15533.897,6/20/2018 17:20,6/22/2018 14:40,2721
WHI,control,2018,8,17555.539,6/24/2018 15:50,6/25/2018 16:45,1496
WHI,control,2018,10,2860.777,6/26/2018 20:55,6/27/2018 8:10,676
WHI,control,2018,12,15888.063,6/30/2018 20:20,7/2/2018 3:35,1876
WHI,control,2018,14,15510.971,7/4/2018 23:05,7/5/2018 23:40,1476
WHI,control,2018,16,3971.241,7/13/2018 16:50,7/14/2018 21:30,1721
WHI,control,2018,18,3113.856,8/15/2018 17:30,8/17/2018 8:35,2346
WHI,control,2018,20,16843.681,8/20/2018 0:00,8/21/2018 12:40,2201
WHI,control,2018,22,7309.405,8/24/2018 0:30,8/25/2018 0:25,1436
WHI,control,2018,24,2527.04,8/27/2018 2:05,8/27/2018 8:40,396
WHI,control,2018,26,68.743,8/27/2018 21:25,8/28/2018 2:05,281
WHI,control,2018,28,8892.101,8/28/2018 15:20,8/29/2018 9:35,1096
WHI,control,2018,30,28449.563,9/1/2018 7:30,9/6/2018 9:35,7326
WHI,control,2018,32,2448.571,9/18/2018 14:30,9/19/2018 11:00,1231
WHI,control,2018,34,6704.479,9/20/2018 20:35,9/22/2018 0:20,1666
WHI,control,2018,36,10224.331,9/25/2018 9:15,9/26/2018 10:55,1541
WHI,control,2018,38,11937.446,10/1/2018 11:00,10/1/2018 12:30,91
WHI,control,2018,40,3457.227,10/8/2018 18:10,10/8/2018 20:45,156
WHI,control,2018,42,13306.934,10/9/2018 12:55,10/9/2018 23:50,656
WHI,control,2019,2,237.448,5/24/2019 2:00,5/28/2019 10:00,6241
WHI,control,2019,4,4483.814,8/20/2019 4:05,8/20/2019 5:55,111
WHI,control,2019,6,15.823,8/22/2019 5:45,8/22/2019 7:25,101
WHI,control,2019,8,10569.938,10/9/2019 20:05,10/10/2019 18:30,1346
WHI,treatment,2016,2,1893.7,7/12/2016 0:55,7/12/2016 9:10,496
WHI,treatment,2016,4,1388.416,7/14/2016 2:10,7/14/2016 7:30,321
WHI,treatment,2016,6,1898.804,9/9/2016 23:35,9/10/2016 18:50,1156
WHI,treatment,2016,8,1356.803,9/13/2016 1:25,9/14/2016 3:20,1556
WHI,treatment,2016,10,1527.916,9/16/2016 7:00,9/17/2016 3:45,1246
WHI,treatment,2016,12,3113.629,9/25/2016 7:45,9/26/2016 6:10,1346
WHI,treatment,2016,14,3242.136,10/5/2016 1:55,10/5/2016 23:15,1281
WHI,treatment,2016,16,4499.093,10/6/2016 21:05,10/7/2016 21:25,1461
WHI,treatment,2017,2,1482.882,4/30/2017 15:50,5/1/2017 4:30,761
WHI,treatment,2017,4,28.769,5/19/2017 2:35,5/19/2017 3:55,81
WHI,treatment,2017,6,291.746,5/20/2017 0:45,5/20/2017 11:05,621
WHI,treatment,2017,8,4014.714,8/3/2017 22:00,8/4/2017 6:50,531
WHI,treatment,2017,10,788.535,9/17/2017 6:40,9/17/2017 8:30,111
WHI,treatment,2017,12,371.732,9/17/2017 22:45,9/17/2017 23:40,56
WHI,treatment,2017,14,1495.678,10/4/2017 2:45,10/4/2017 8:15,331
WHI,treatment,2017,16,155.209,10/8/2017 8:00,10/8/2017 8:25,26
WHI,treatment,2017,18,11213.478,10/10/2017 4:35,10/11/2017 9:20,1726
WHI,treatment,2018,2,3958.067,5/3/2018 11:45,5/3/2018 21:20,576
WHI,treatment,2018,4,27.988,5/29/2018 19:00,5/30/2018 13:30,1111
WHI,treatment,2018,6,20.953,6/2/2018 4:55,6/2/2018 13:55,541
WHI,treatment,2018,8,23983.284,6/19/2018 6:05,6/19/2018 20:20,856
WHI,treatment,2018,10,49.811,6/20/2018 14:10,6/20/2018 14:35,26
WHI,treatment,2018,12,17500.742,6/24/2018 15:50,6/24/2018 21:10,321
WHI,treatment,2018,14,3605.013,6/30/2018 21:00,7/1/2018 4:55,476
WHI,treatment,2018,16,2557.92,7/4/2018 23:35,7/5/2018 0:35,61
WHI,treatment,2018,18,1173.609,9/25/2018 9:55,9/25/2018 11:15,81
WHI,treatment,2018,20,22808.552,10/1/2018 11:05,10/1/2018 12:55,111
WHI,treatment,2018,22,9464.307,10/8/2018 6:25,10/8/2018 20:55,871
WHI,treatment,2018,24,12523.72,10/9/2018 9:10,10/9/2018 20:05,656
WHI,treatment,2019,2,760.283,5/22/2019 3:00,5/28/2019 9:00,9001
WHI,treatment,2019,4,0.602,6/19/2019 1:00,6/21/2019 11:00,3481
WHI,treatment,2019,6,323.308,7/20/2019 18:05,7/21/2019 18:25,1461
WHI,treatment,2019,8,13551.214,8/20/2019 4:05,8/20/2019 5:50,106
WHI,treatment,2019,10,1150.074,10/1/2019 20:00,10/2/2019 0:30,271
WHI,treatment,2019,12,22.368,10/2/2019 14:00,10/2/2019 14:30,31
WHI,treatment,2019,14,587.591,10/5/2019 9:10,10/5/2019 10:35,86
WHI,treatment,2019,16,31719.929,10/9/2019 20:00,10/10/2019 17:30,1291
WHI,treatment,2020,2,289.362,5/16/2020 22:55,5/17/2020 22:50,1436
WHI,treatment,2020,4,10585.428,5/23/2020 7:40,5/27/2020 19:30,6471
WOR,control,2016,2,220.6,3/15/2016 6:20,3/16/2016 7:05,1486
WOR,control,2016,4,2.461,3/30/2016 21:50,3/31/2016 2:35,286
WOR,control,2016,6,400.326,4/1/2016 0:05,4/1/2016 12:25,741
WOR,control,2016,8,0.981,4/21/2016 12:05,4/21/2016 12:45,41
WOR,control,2016,10,155.277,8/11/2016 3:35,8/11/2016 10:00,386
WOR,control,2016,12,0.07,8/13/2016 1:10,8/13/2016 1:40,31
WOR,control,2016,14,11.557,8/19/2016 19:25,8/20/2016 9:20,836
WOR,control,2016,16,105.029,8/29/2016 17:10,8/30/2016 13:55,1246
WOR,control,2016,18,470.253,9/7/2016 19:35,9/8/2016 13:45,1091
WOR,control,2016,20,67.393,9/9/2016 15:25,9/10/2016 9:50,1106
WOR,control,2016,22,135.678,9/16/2016 2:15,9/17/2016 4:20,1566
WOR,control,2016,24,21759.852,9/22/2016 22:15,9/24/2016 7:00,1966
WOR,control,2016,26,653.72,9/24/2016 19:40,9/25/2016 4:10,511
WOR,control,2017,2,585.056,3/29/2017 14:10,3/30/2017 22:10,1921
WOR,control,2017,4,71.907,4/3/2017 10:25,4/3/2017 12:50,146
WOR,control,2017,6,686.241,4/30/2017 19:50,5/2/2017 4:45,1976
WOR,control,2017,8,0.07,5/19/2017 12:40,5/19/2017 12:45,6
WOR,control,2017,10,636.395,8/3/2017 23:30,8/4/2017 7:40,491
WOR,control,2017,12,1601.099,8/14/2017 5:15,8/15/2017 6:25,1511
WOR,control,2017,14,1537.275,8/16/2017 16:05,8/17/2017 16:00,1436
WOR,control,2017,16,2137.816,8/20/2017 6:00,8/21/2017 18:35,2196
WOR,control,2017,18,7.86,8/22/2017 11:25,8/22/2017 18:00,396
WOR,control,2017,20,0.088,10/15/2017 1:25,10/15/2017 2:05,41
WOR,control,2018,2,5566.28,5/3/2018 12:30,5/4/2018 2:20,831
WOR,control,2018,4,,6/6/2018 18:00,6/7/2018 17:55,1436
WOR,control,2018,5,,6/14/2018 3:15,6/14/2018 14:50,696
WOR,control,2018,6,,6/18/2018 19:45,6/19/2018 14:10,1106
WOR,control,2018,7,,6/19/2018 19:15,6/22/2018 3:00,3346
WOR,control,2018,8,,6/25/2018 17:40,6/26/2018 3:45,606
WOR,control,2018,9,,6/30/2018 17:55,7/1/2018 4:40,646
WOR,control,2018,10,,7/4/2018 17:00,7/5/2018 11:35,1116
WOR,control,2018,11,,8/16/2018 11:55,8/16/2018 13:45,111
WOR,control,2018,12,0.292,8/27/2018 4:30,8/27/2018 4:45,16
WOR,control,2018,13,41.723,8/28/2018 13:30,8/29/2018 4:15,886
WOR,control,2018,14,27778.088,8/31/2018 6:35,9/3/2018 13:40,4746
WOR,control,2018,15,8322.151,9/4/2018 18:10,9/6/2018 0:45,1836
WOR,control,2018,16,8580.907,9/25/2018 11:05,9/25/2018 13:20,136
WOR,control,2018,17,17517.722,10/1/2018 11:10,10/1/2018 21:30,621
WOR,control,2019,2,651.397,4/7/2019 16:20,4/8/2019 15:40,1401
WOR,control,2019,4,23770.585,5/24/2019 0:00,5/24/2019 9:05,546
WOR,control,2019,6,15.857,5/27/2019 7:15,5/27/2019 11:30,256
WOR,control,2019,8,42.784,5/28/2019 8:30,5/29/2019 15:00,1831
WOR,control,2019,10,1169.809,6/21/2019 7:45,6/21/2019 15:50,486
WOR,control,2019,12,0.638,6/22/2019 10:20,6/22/2019 11:10,51
WOR,control,2019,14,5.412,6/23/2019 1:30,6/23/2019 10:35,546
WOR,control,2019,16,6841.219,7/2/2019 18:45,7/4/2019 11:05,2421
WOR,control,2019,18,44.247,7/28/2019 23:35,7/29/2019 13:30,836
WOR,control,2019,20,3.039,8/12/2019 6:30,8/12/2019 12:00,331
WOR,control,2019,22,3.981,9/8/2019 2:50,9/8/2019 17:50,901
WOR,control,2019,24,1.486,9/10/2019 7:00,9/10/2019 9:00,121
WOR,control,2019,26,127.207,9/11/2019 22:35,9/13/2019 13:20,2326
WOR,control,2019,28,23.833,9/14/2019 17:40,9/14/2019 20:30,171
WOR,control,2019,30,628.062,9/21/2019 17:15,9/23/2019 10:55,2501
WOR,control,2019,32,9.595,9/29/2019 11:30,9/30/2019 1:15,826
WOR,control,2019,34,33.79,10/1/2019 18:50,10/2/2019 15:35,1246
WOR,control,2019,36,6.618,10/21/2019 6:40,10/21/2019 6:50,11
WOR,control,2020,2,3.369,5/28/2020 3:55,5/28/2020 9:00,306
WOR,control,2020,4,327.488,7/14/2020 19:15,7/16/2020 6:10,2096
WOR,control,2020,6,133.76,7/29/2020 19:50,7/30/2020 11:30,941
WOR,control,2020,8,109,8/10/2020 11:25,8/11/2020 9:15,1311
WOR,control,2020,10,14.125,8/15/2020 0:05,8/15/2020 8:35,511
WOR,control,2021,2,5.191,8/31/2021 1:50,8/31/2021 10:00,491
WOR,control,2021,4,0.651,9/3/2021 5:10,9/3/2021 6:00,51
WOR,treatment,2016,2,0.971,3/15/2016 6:20,3/15/2016 6:35,16
WOR,treatment,2016,4,316.77,3/30/2016 19:35,4/1/2016 12:20,2446
WOR,treatment,2016,6,2.573,4/27/2016 7:35,4/27/2016 21:30,836
WOR,treatment,2016,8,35.034,4/30/2016 10:20,5/1/2016 15:35,1756
WOR,treatment,2016,10,181.624,5/9/2016 7:55,5/10/2016 7:55,1441
WOR,treatment,2016,12,69.666,5/11/2016 10:40,5/12/2016 8:45,1326
WOR,treatment,2016,14,29.601,5/13/2016 13:25,5/13/2016 22:05,521
WOR,treatment,2016,16,99.746,5/24/2016 2:20,5/24/2016 9:40,441
WOR,treatment,2016,18,98.035,5/25/2016 1:45,5/25/2016 11:00,556
WOR,treatment,2016,20,995.239,5/26/2016 0:30,5/29/2016 12:35,5046
WOR,treatment,2016,22,2697.468,5/30/2016 20:35,6/15/2016 10:55,22461
WOR,treatment,2016,24,26.91,6/22/2016 8:05,6/22/2016 12:50,286
WOR,treatment,2016,26,356.48,6/26/2016 3:25,6/26/2016 10:35,431
WOR,treatment,2016,28,113.402,6/26/2016 22:40,6/27/2016 3:20,281
WOR,treatment,2016,30,226.191,7/6/2016 6:30,7/6/2016 13:40,431
WOR,treatment,2016,32,706.399,7/7/2016 4:00,7/8/2016 4:00,1441
WOR,treatment,2016,34,313.167,7/10/2016 9:45,7/11/2016 9:20,1416
WOR,treatment,2016,36,473.931,7/12/2016 1:45,7/12/2016 10:15,511
WOR,treatment,2016,38,452.47,7/17/2016 5:45,7/17/2016 13:30,466
WOR,treatment,2016,40,4.618,7/18/2016 6:50,7/18/2016 6:50,1
WOR,treatment,2016,42,4.843,7/19/2016 18:05,7/19/2016 18:05,1
WOR,treatment,2016,44,208.032,7/20/2016 10:20,7/20/2016 12:00,101
WOR,treatment,2016,46,286.859,8/19/2016 13:25,8/20/2016 21:45,1941
WOR,treatment,2016,48,273.653,8/26/2016 21:15,8/27/2016 21:10,1436
WOR,treatment,2016,50,95.56,8/29/2016 17:00,8/30/2016 4:05,666
WOR,treatment,2016,52,82.638,9/7/2016 15:05,9/8/2016 3:50,766
WOR,treatment,2016,54,108.571,9/9/2016 15:20,9/10/2016 9:30,1091
WOR,treatment,2016,56,119.933,9/15/2016 20:40,9/17/2016 4:20,1901
WOR,treatment,2016,58,34854.789,9/22/2016 5:35,9/23/2016 20:00,2306
WOR,treatment,2016,60,6.947,9/24/2016 19:30,9/25/2016 4:10,521
WOR,treatment,2016,62,81.819,10/16/2016 14:05,10/16/2016 18:40,276
WOR,treatment,2016,64,15.604,10/26/2016 1:20,10/26/2016 8:40,441
WOR,treatment,2017,2,32.169,3/29/2017 11:10,3/30/2017 15:50,1721
WOR,treatment,2017,4,40.724,4/3/2017 10:25,4/4/2017 10:35,1451
WOR,treatment,2017,6,286.422,4/14/2017 16:15,4/16/2017 1:35,2001
WOR,treatment,2017,8,474.937,4/18/2017 10:30,4/20/2017 18:30,3361
WOR,treatment,2017,10,145.466,4/28/2017 13:45,4/29/2017 11:35,1311
WOR,treatment,2017,12,544.68,4/30/2017 9:55,5/2/2017 4:45,2571
WOR,treatment,2017,14,411.633,5/10/2017 5:15,5/11/2017 12:50,1896
WOR,treatment,2017,16,614.659,5/16/2017 21:50,5/20/2017 21:40,5751
WOR,treatment,2017,18,0.282,5/22/2017 22:25,5/22/2017 22:30,6
WOR,treatment,2017,20,5.93,5/23/2017 12:40,5/23/2017 18:15,336
WOR,treatment,2017,22,6.816,5/24/2017 11:20,5/24/2017 14:10,171
WOR,treatment,2017,24,42.018,5/27/2017 12:20,5/27/2017 20:35,496
WOR,treatment,2017,26,11.976,5/28/2017 9:05,5/28/2017 13:05,241
WOR,treatment,2017,28,5.032,6/14/2017 4:00,6/14/2017 12:25,506
WOR,treatment,2017,30,52.654,6/16/2017 21:45,6/17/2017 21:45,1441
WOR,treatment,2017,32,93.239,6/28/2017 3:55,6/28/2017 12:40,526
WOR,treatment,2017,34,8.713,7/20/2017 21:45,7/21/2017 3:10,326
WOR,treatment,2017,36,159.187,8/1/2017 22:35,8/3/2017 14:55,2421
WOR,treatment,2017,38,177.564,8/14/2017 5:40,8/15/2017 5:50,1451
WOR,treatment,2017,40,166.964,8/16/2017 16:05,8/17/2017 0:30,506
WOR,treatment,2017,42,592.762,8/20/2017 6:45,8/22/2017 2:25,2621
WOR,treatment,2018,2,16.691,5/2/2018 4:35,5/2/2018 5:10,36
WOR,treatment,2018,4,69.227,5/4/2018 3:30,5/4/2018 7:55,266
WOR,treatment,2018,6,382.998,5/10/2018 8:25,5/10/2018 20:20,716
WOR,treatment,2018,8,500.603,8/16/2018 12:00,8/17/2018 19:00,1861
WOR,treatment,2018,10,139.048,8/27/2018 4:15,8/27/2018 14:00,586
WOR,treatment,2018,12,1.016,8/28/2018 16:35,8/28/2018 16:40,6
WOR,treatment,2018,14,38.847,8/31/2018 6:30,8/31/2018 14:20,471
WOR,treatment,2018,16,1.381,9/1/2018 5:15,9/1/2018 5:25,11
WOR,treatment,2018,18,40030.336,9/1/2018 23:20,9/2/2018 13:10,831
WOR,treatment,2018,20,79.611,9/3/2018 7:05,9/4/2018 2:05,1141
WOR,treatment,2018,22,6386.101,9/4/2018 18:10,9/4/2018 21:35,206
WOR,treatment,2018,24,1201.873,9/5/2018 9:40,9/5/2018 17:20,461
WOR,treatment,2018,26,303.037,9/18/2018 15:15,9/21/2018 10:20,4026
WOR,treatment,2018,28,8615.366,9/25/2018 10:40,9/25/2018 14:25,226
WOR,treatment,2018,30,53.919,9/29/2018 16:35,9/30/2018 4:00,686
WOR,treatment,2018,32,21482.993,10/1/2018 7:30,10/1/2018 21:45,856
WOR,treatment,2018,34,551.793,10/6/2018 10:55,10/8/2018 13:45,3051
WOR,treatment,2019,2,331.648,4/7/2019 16:10,4/8/2019 16:25,1456
WOR,treatment,2019,4,26.376,4/30/2019 15:35,4/30/2019 21:45,371
WOR,treatment,2019,6,27.694,5/1/2019 11:40,5/1/2019 19:15,456
WOR,treatment,2019,8,89.608,5/8/2019 7:40,5/8/2019 21:20,821
WOR,treatment,2019,10,43.327,5/14/2019 8:10,5/14/2019 16:50,521
WOR,treatment,2019,12,184.262,5/21/2019 15:05,5/21/2019 16:05,61
WOR,treatment,2019,14,34544.681,5/23/2019 23:55,5/24/2019 16:20,986
WOR,treatment,2019,16,0.505,5/27/2019 7:10,5/27/2019 8:55,106
WOR,treatment,2019,18,80.677,5/28/2019 7:35,5/29/2019 17:10,2016
WOR,treatment,2019,20,78.441,6/15/2019 17:00,6/16/2019 18:00,1501
WOR,treatment,2019,22,5039.6,6/21/2019 6:20,6/21/2019 15:35,556
WOR,treatment,2019,24,13.717,6/22/2019 23:45,6/23/2019 18:25,1121
WOR,treatment,2019,26,0.181,6/24/2019 18:35,6/24/2019 18:50,16
WOR,treatment,2019,28,15.558,6/25/2019 10:20,6/25/2019 13:00,161
WOR,treatment,2019,30,14950.446,7/3/2019 5:10,7/3/2019 17:30,741
WOR,treatment,2019,32,0.054,7/5/2019 13:00,7/5/2019 13:00,1
WOR,treatment,2019,34,2.503,8/10/2019 7:50,8/10/2019 13:25,336
WOR,treatment,2019,36,8.513,8/12/2019 14:05,8/12/2019 18:40,276
WOR,treatment,2019,38,21.776,8/18/2019 2:50,8/18/2019 15:25,756
WOR,treatment,2019,40,15.588,8/20/2019 5:00,8/20/2019 16:55,716
WOR,treatment,2019,42,115.627,8/29/2019 7:00,8/29/2019 19:35,756
WOR,treatment,2019,44,210.432,9/8/2019 2:35,9/10/2019 19:20,3886
WOR,treatment,2019,46,57.029,9/11/2019 7:55,9/11/2019 18:10,616
WOR,treatment,2019,48,5.479,9/12/2019 17:05,9/12/2019 20:20,196
WOR,treatment,2019,50,8.762,9/14/2019 17:40,9/14/2019 20:20,161
WOR,treatment,2019,52,3.938,9/18/2019 12:10,9/18/2019 14:55,166
WOR,treatment,2019,54,10.962,9/19/2019 14:35,9/19/2019 19:25,291
WOR,treatment,2019,56,79.044,9/21/2019 17:15,9/22/2019 21:00,1666
WOR,treatment,2019,58,0.07,9/23/2019 10:50,9/23/2019 10:55,6
WOR,treatment,2019,60,0.447,10/9/2019 20:55,10/9/2019 21:20,26
WOR,treatment,2019,62,2.135,10/10/2019 12:50,10/10/2019 13:05,16
WOR,treatment,2019,64,1095.795,10/21/2019 0:55,10/21/2019 20:15,1161
WOR,treatment,2020,2,2.222,3/28/2020 15:45,3/28/2020 16:45,61
WOR,treatment,2020,4,0.261,4/22/2020 18:55,4/22/2020 19:00,6
WOR,treatment,2020,6,278.536,5/25/2020 19:05,5/25/2020 20:05,61
WOR,treatment,2020,8,42.051,5/26/2020 16:35,5/26/2020 17:30,56
WOR,treatment,2020,10,0.427,7/11/2020 18:30,7/11/2020 18:45,16
WOR,treatment,2020,12,104.987,7/14/2020 18:50,7/15/2020 21:45,1616
WOR,treatment,2020,14,1.86,7/21/2020 20:25,7/22/2020 10:00,816
WOR,treatment,2020,16,17.427,7/29/2020 19:45,7/30/2020 12:25,1001
WOR,treatment,2020,18,6.717,8/6/2020 16:15,8/6/2020 19:35,201
WOR,treatment,2020,20,1.525,8/7/2020 8:05,8/7/2020 9:35,91
WOR,treatment,2020,22,14.38,8/10/2020 11:05,8/10/2020 15:00,236
WOR,treatment,2020,24,1.653,8/11/2020 8:20,8/11/2020 9:55,96
WOR,treatment,2020,26,0.904,8/14/2020 23:50,8/14/2020 23:55,6
WOR,treatment,2020,28,0.092,8/22/2020 9:10,8/22/2020 9:10,1
WOR,treatment,2020,30,22.212,8/31/2020 6:20,8/31/2020 12:40,381
WOR,treatment,2020,32,80.075,9/1/2020 11:35,9/2/2020 11:35,1441
WOR,treatment,2020,34,680.49,9/8/2020 15:40,9/12/2020 22:25,6166
WOR,treatment,2021,2,1321.033,5/18/2021 12:05,5/21/2021 22:25,4941
WOR,treatment,2021,4,3.369,9/21/2021 11:35,9/21/2021 11:40,6
