"Year","SiteID","Treatment","eventid","flow","flow_time","eventStart","eventEnd"
2016,"ARM","control",2,0.054,1,2016-03-15 03:10:00,2016-03-15 03:10:00
2016,"ARM","control",4,23.836,526,2016-04-20 05:20:00,2016-04-20 14:05:00
2016,"ARM","control",6,14.077,516,2016-04-21 02:40:00,2016-04-21 11:15:00
2016,"ARM","control",8,7085.378,2511,2016-04-27 00:55:00,2016-04-28 18:45:00
2016,"ARM","control",10,6969.413,1796,2016-04-30 03:45:00,2016-05-01 09:40:00
2016,"ARM","control",12,13617.388,4641,2016-05-09 03:25:00,2016-05-12 08:45:00
2016,"ARM","control",14,80.18,326,2016-05-24 12:05:00,2016-05-24 17:30:00
2016,"ARM","control",16,22129.4,5101,2016-05-25 13:40:00,2016-05-29 02:40:00
2016,"ARM","control",18,36.649,356,2016-05-31 11:55:00,2016-05-31 17:50:00
2016,"ARM","control",20,13.621,36,2016-06-04 13:30:00,2016-06-04 14:05:00
2016,"ARM","control",22,6.432,31,2016-07-12 01:00:00,2016-07-12 01:30:00
2016,"ARM","control",24,4408.917,1106,2016-07-18 00:50:00,2016-07-18 19:15:00
2016,"ARM","control",26,112.234,1246,2016-07-19 13:15:00,2016-07-20 10:00:00
2016,"ARM","control",28,2059.948,3071,2016-07-31 05:20:00,2016-08-02 08:30:00
2016,"ARM","control",30,706.038,1571,2016-08-11 21:20:00,2016-08-12 23:30:00
2016,"ARM","control",32,83.806,381,2016-08-23 23:10:00,2016-08-24 05:30:00
2016,"ARM","control",34,294.917,961,2016-08-29 07:40:00,2016-08-29 23:40:00
2016,"ARM","control",36,152.976,226,2016-09-05 11:45:00,2016-09-05 15:30:00
2016,"ARM","control",38,132.87,1016,2016-09-07 09:05:00,2016-09-08 02:00:00
2016,"ARM","control",40,155.004,1456,2016-09-09 15:25:00,2016-09-10 15:40:00
2016,"ARM","control",42,23.121,596,2016-09-13 02:25:00,2016-09-13 12:20:00
2016,"ARM","control",44,20.8,26,2016-09-16 02:00:00,2016-09-16 02:25:00
2016,"ARM","control",46,15.173,171,2016-10-05 13:45:00,2016-10-05 16:35:00
2016,"ARM","control",48,244.709,736,2016-10-06 14:20:00,2016-10-07 02:35:00
2016,"ARM","control",50,19.059,51,2016-10-26 00:40:00,2016-10-26 01:30:00
2016,"ARM","control",52,38.686,96,2016-11-02 03:55:00,2016-11-02 05:30:00
2017,"ARM","control",2,16.769,76,2017-04-03 06:40:00,2017-04-03 07:55:00
2017,"ARM","control",4,678.997,2476,2017-04-14 14:10:00,2017-04-16 07:25:00
2017,"ARM","control",6,92.776,226,2017-04-18 09:20:00,2017-04-18 13:05:00
2017,"ARM","control",8,1.981,166,2017-04-19 10:10:00,2017-04-19 12:55:00
2017,"ARM","control",10,332.418,2221,2017-04-30 09:00:00,2017-05-01 22:00:00
2017,"ARM","control",12,813.535,1691,2017-05-10 06:55:00,2017-05-11 11:05:00
2017,"ARM","control",14,15942.344,6481,2017-05-16 20:15:00,2017-05-21 08:15:00
2017,"ARM","control",16,700.477,1456,2017-05-27 10:00:00,2017-05-28 10:15:00
2017,"ARM","control",18,62.927,646,2017-06-02 03:55:00,2017-06-02 14:40:00
2017,"ARM","control",20,187.058,96,2017-06-14 08:10:00,2017-06-14 09:45:00
2017,"ARM","control",22,16066.336,1666,2017-06-16 17:30:00,2017-06-17 21:15:00
2018,"ARM","control",2,31.341,1391,2018-05-02 20:10:00,2018-05-03 19:20:00
2018,"ARM","control",4,27.622,401,2018-06-02 01:55:00,2018-06-02 08:35:00
2018,"ARM","control",6,1612.401,2626,2018-06-10 07:20:00,2018-06-12 03:05:00
2018,"ARM","control",8,251.312,571,2018-06-19 04:50:00,2018-06-19 14:20:00
2018,"ARM","control",10,14.749,686,2018-06-21 21:25:00,2018-06-22 08:50:00
2018,"ARM","control",12,421.114,181,2018-09-02 05:25:00,2018-09-02 08:25:00
2018,"ARM","control",14,129.87,236,2018-09-03 02:30:00,2018-09-03 06:25:00
2018,"ARM","control",16,5056.601,1276,2018-09-04 15:15:00,2018-09-05 12:30:00
2018,"ARM","control",18,75.582,156,2018-09-07 05:40:00,2018-09-07 08:15:00
2018,"ARM","control",20,5369.519,1516,2018-10-08 17:15:00,2018-10-09 18:30:00
2019,"ARM","control",2,30.307,966,2019-04-10 23:35:00,2019-04-11 15:40:00
2019,"ARM","control",4,4.544,371,2019-05-21 12:55:00,2019-05-21 19:05:00
2019,"ARM","control",6,681.16,661,2019-05-23 23:40:00,2019-05-24 10:40:00
2019,"ARM","control",8,6.683,106,2019-05-26 02:55:00,2019-05-26 04:40:00
2019,"ARM","control",10,4.329,201,2019-05-27 05:50:00,2019-05-27 09:10:00
2019,"ARM","control",12,2623.566,1161,2019-05-28 03:20:00,2019-05-28 22:40:00
2019,"ARM","control",14,69.939,836,2019-06-03 13:50:00,2019-06-04 03:45:00
2019,"ARM","control",16,757.608,1546,2019-06-18 16:25:00,2019-06-19 18:10:00
2019,"ARM","control",18,198.894,376,2019-06-21 06:35:00,2019-06-21 12:50:00
2019,"ARM","control",20,0.035,1,2019-06-22 13:10:00,2019-06-22 13:10:00
2019,"ARM","control",22,452.92,461,2019-07-16 06:45:00,2019-07-16 14:25:00
2019,"ARM","control",24,25.06,191,2019-09-19 15:25:00,2019-09-19 18:35:00
2019,"ARM","control",26,725.6,676,2019-09-21 22:45:00,2019-09-22 10:00:00
2019,"ARM","control",28,3036.538,71,2019-09-24 22:55:00,2019-09-25 00:05:00
2019,"ARM","control",30,171.48,1161,2019-09-29 15:20:00,2019-09-30 10:40:00
2019,"ARM","control",32,6322.056,1416,2019-10-01 17:35:00,2019-10-02 17:10:00
2019,"ARM","control",34,1455.414,216,2019-10-05 08:15:00,2019-10-05 11:50:00
2019,"ARM","control",36,1428.299,796,2019-10-10 04:25:00,2019-10-10 17:40:00
2020,"ARM","control",2,98.667,1321,2020-05-16 21:45:00,2020-05-17 19:45:00
2020,"ARM","control",4,1883.429,3296,2020-05-23 01:15:00,2020-05-25 08:10:00
2020,"ARM","control",6,2669.072,2671,2020-05-25 21:05:00,2020-05-27 17:35:00
2020,"ARM","control",8,42.841,586,2020-06-09 21:55:00,2020-06-10 07:40:00
2020,"ARM","control",10,774.21,1526,2020-07-23 09:05:00,2020-07-24 10:30:00
2020,"ARM","control",12,1235.201,1541,2020-07-26 10:35:00,2020-07-27 12:15:00
2020,"ARM","control",14,1198.22,1976,2020-07-29 14:55:00,2020-07-30 23:50:00
2020,"ARM","control",16,631.058,1441,2020-08-01 17:15:00,2020-08-02 17:15:00
2020,"ARM","control",18,127.677,1586,2020-09-09 02:50:00,2020-09-10 05:15:00
2021,"ARM","control",2,966.235,1656,2021-05-08 21:40:00,2021-05-10 01:15:00
2021,"ARM","control",4,65.278,1446,2021-05-27 04:40:00,2021-05-28 04:45:00
2021,"ARM","control",6,83.208,486,2021-06-25 00:55:00,2021-06-25 09:00:00
2021,"ARM","control",8,0.25,1,2021-06-26 04:25:00,2021-06-26 04:25:00
2021,"ARM","control",10,254.104,381,2021-07-07 13:35:00,2021-07-07 19:55:00
2021,"ARM","control",12,420.996,2016,2021-07-10 00:05:00,2021-07-11 09:40:00
2021,"ARM","control",14,463.173,1386,2021-07-15 08:00:00,2021-07-16 07:05:00
2021,"ARM","control",16,29.041,221,2021-07-31 06:30:00,2021-07-31 10:10:00
2021,"ARM","control",18,30.994,371,2021-07-31 23:25:00,2021-08-01 05:35:00
2021,"ARM","control",20,1232.368,2526,2021-08-06 09:35:00,2021-08-08 03:40:00
2021,"ARM","control",22,166.816,1216,2021-08-31 01:35:00,2021-08-31 21:50:00
2021,"ARM","control",24,1.297,11,2021-09-30 04:40:00,2021-09-30 04:50:00
2021,"ARM","control",26,2.457,511,2021-10-24 10:05:00,2021-10-24 18:35:00
2016,"ARM","strips",2,0.146,6,2016-03-15 02:05:00,2016-03-15 02:10:00
2016,"ARM","strips",4,341.139,596,2016-04-27 19:00:00,2016-04-28 04:55:00
2016,"ARM","strips",6,802.293,691,2016-04-30 08:15:00,2016-04-30 19:45:00
2016,"ARM","strips",8,1604.461,826,2016-05-26 19:00:00,2016-05-27 08:45:00
2016,"ARM","strips",10,3.639,311,2016-06-26 02:20:00,2016-06-26 07:30:00
2016,"ARM","strips",12,0.25,1,2016-06-27 15:20:00,2016-06-27 15:20:00
2016,"ARM","strips",14,30.976,751,2016-07-02 08:30:00,2016-07-02 21:00:00
2016,"ARM","strips",16,5.724,41,2016-07-07 02:10:00,2016-07-07 02:50:00
2016,"ARM","strips",18,33.185,1196,2016-07-11 23:05:00,2016-07-12 19:00:00
2016,"ARM","strips",20,1.321,166,2016-07-18 03:10:00,2016-07-18 05:55:00
2016,"ARM","strips",22,5.829,206,2016-08-11 21:10:00,2016-08-12 00:35:00
2016,"ARM","strips",24,5.485,846,2016-08-19 18:00:00,2016-08-20 08:05:00
2016,"ARM","strips",26,8.406,91,2016-08-23 23:05:00,2016-08-24 00:35:00
2016,"ARM","strips",28,1.939,11,2016-09-13 02:25:00,2016-09-13 02:35:00
2016,"ARM","strips",30,1.064,146,2016-09-16 00:45:00,2016-09-16 03:10:00
2016,"ARM","strips",32,76.057,1211,2016-10-04 16:25:00,2016-10-05 12:35:00
2016,"ARM","strips",34,6.285,541,2016-10-06 11:35:00,2016-10-06 20:35:00
2017,"ARM","strips",2,34.053,426,2017-04-19 14:35:00,2017-04-19 21:40:00
2017,"ARM","strips",4,44.534,651,2017-04-30 17:10:00,2017-05-01 04:00:00
2017,"ARM","strips",6,65.423,661,2017-05-10 07:25:00,2017-05-10 18:25:00
2017,"ARM","strips",8,6.53,191,2017-05-17 11:10:00,2017-05-17 14:20:00
2017,"ARM","strips",10,261.986,336,2017-05-20 08:25:00,2017-05-20 14:00:00
2017,"ARM","strips",12,3436.717,576,2017-06-16 20:50:00,2017-06-17 06:25:00
2017,"ARM","strips",14,7.225,201,2017-08-15 10:15:00,2017-08-15 13:35:00
2017,"ARM","strips",16,139.139,451,2017-09-25 16:20:00,2017-09-25 23:50:00
2017,"ARM","strips",18,0.907,21,2017-10-06 22:55:00,2017-10-06 23:15:00
2018,"ARM","strips",2,85.459,341,2018-05-03 16:10:00,2018-05-03 21:50:00
2018,"ARM","strips",4,0.178,86,2018-05-14 19:05:00,2018-05-14 20:30:00
2018,"ARM","strips",6,27.157,226,2018-05-30 13:55:00,2018-05-30 17:40:00
2018,"ARM","strips",8,881.493,1501,2018-06-02 01:55:00,2018-06-03 02:55:00
2018,"ARM","strips",10,3072.437,3626,2018-06-10 07:05:00,2018-06-12 19:30:00
2018,"ARM","strips",12,109.202,1126,2018-06-18 18:25:00,2018-06-19 13:10:00
2018,"ARM","strips",14,4.215,41,2018-07-01 01:35:00,2018-07-01 02:15:00
2018,"ARM","strips",16,40.713,256,2018-07-13 15:45:00,2018-07-13 20:00:00
2018,"ARM","strips",18,60.99,416,2018-08-14 21:55:00,2018-08-15 04:50:00
2018,"ARM","strips",20,1.619,116,2018-08-16 07:50:00,2018-08-16 09:45:00
2018,"ARM","strips",22,1.432,211,2018-08-19 23:55:00,2018-08-20 03:25:00
2018,"ARM","strips",24,13.52,481,2018-09-01 01:50:00,2018-09-01 09:50:00
2018,"ARM","strips",26,23.584,646,2018-09-01 23:05:00,2018-09-02 09:50:00
2018,"ARM","strips",28,9.653,511,2018-09-03 01:55:00,2018-09-03 10:25:00
2018,"ARM","strips",30,167.882,1291,2018-09-04 14:25:00,2018-09-05 11:55:00
2018,"ARM","strips",32,7.006,426,2018-09-21 01:40:00,2018-09-21 08:45:00
2018,"ARM","strips",34,67.828,956,2018-09-25 09:55:00,2018-09-26 01:50:00
2018,"ARM","strips",36,17.428,641,2018-10-07 16:00:00,2018-10-08 02:40:00
2018,"ARM","strips",38,1.219,86,2018-10-09 04:25:00,2018-10-09 05:50:00
2019,"ARM","strips",2,1.149,76,2019-05-19 06:40:00,2019-05-19 07:55:00
2019,"ARM","strips",4,61.779,901,2019-05-21 17:25:00,2019-05-22 08:25:00
2019,"ARM","strips",6,88.478,1006,2019-05-23 22:35:00,2019-05-24 15:20:00
2019,"ARM","strips",8,4437.795,656,2019-05-28 06:25:00,2019-05-28 17:20:00
2019,"ARM","strips",10,20.115,341,2019-06-01 15:00:00,2019-06-01 20:40:00
2019,"ARM","strips",12,30.841,501,2019-06-03 13:20:00,2019-06-03 21:40:00
2019,"ARM","strips",14,8.02,471,2019-06-18 17:55:00,2019-06-19 01:45:00
2019,"ARM","strips",16,44.391,656,2019-06-21 09:15:00,2019-06-21 20:10:00
2019,"ARM","strips",18,154.361,801,2019-06-22 08:25:00,2019-06-22 21:45:00
2019,"ARM","strips",20,44.496,1376,2019-06-23 19:15:00,2019-06-24 18:10:00
2019,"ARM","strips",22,378.771,1431,2019-06-25 20:50:00,2019-06-26 20:40:00
2019,"ARM","strips",24,217.782,1496,2019-07-03 18:50:00,2019-07-04 19:45:00
2019,"ARM","strips",26,36.706,96,2019-07-16 06:35:00,2019-07-16 08:10:00
2019,"ARM","strips",28,175.196,996,2019-07-31 11:00:00,2019-08-01 03:35:00
2019,"ARM","strips",30,750.139,2231,2019-08-11 07:35:00,2019-08-12 20:45:00
2019,"ARM","strips",32,95.802,926,2019-08-18 05:20:00,2019-08-18 20:45:00
2019,"ARM","strips",34,146.414,1491,2019-08-21 07:00:00,2019-08-22 07:50:00
2019,"ARM","strips",36,188.098,1726,2019-09-10 03:35:00,2019-09-11 08:20:00
2019,"ARM","strips",38,33.464,526,2019-09-12 14:55:00,2019-09-12 23:40:00
2019,"ARM","strips",40,377.857,1956,2019-09-14 12:00:00,2019-09-15 20:35:00
2019,"ARM","strips",42,115.869,811,2019-09-19 07:10:00,2019-09-19 20:40:00
2019,"ARM","strips",44,192.931,2121,2019-09-21 22:10:00,2019-09-23 09:30:00
2019,"ARM","strips",46,32.586,786,2019-09-24 21:20:00,2019-09-25 10:25:00
2019,"ARM","strips",48,377.764,1091,2019-09-29 15:45:00,2019-09-30 09:55:00
2019,"ARM","strips",50,585.174,1456,2019-10-05 08:05:00,2019-10-06 08:20:00
2019,"ARM","strips",52,142.015,616,2019-10-10 04:30:00,2019-10-10 14:45:00
2020,"ARM","strips",2,0.333,1,2020-05-08 11:55:00,2020-05-08 11:55:00
2020,"ARM","strips",4,779.07,911,2020-05-23 00:05:00,2020-05-23 15:15:00
2020,"ARM","strips",6,1006.582,1506,2020-05-24 07:05:00,2020-05-25 08:10:00
2020,"ARM","strips",8,525.465,1546,2020-05-25 21:50:00,2020-05-26 23:35:00
2020,"ARM","strips",10,258.318,926,2020-06-09 21:45:00,2020-06-10 13:10:00
2020,"ARM","strips",12,208.025,616,2020-07-01 02:25:00,2020-07-01 12:40:00
2020,"ARM","strips",14,23.122,281,2020-07-23 09:15:00,2020-07-23 13:55:00
2020,"ARM","strips",16,0.905,881,2020-07-26 10:40:00,2020-07-27 01:20:00
2020,"ARM","strips",18,2.239,236,2020-07-30 02:25:00,2020-07-30 06:20:00
2020,"ARM","strips",20,694.198,3426,2020-09-08 14:40:00,2020-09-10 23:45:00
2020,"ARM","strips",22,115.71,1441,2020-09-11 22:00:00,2020-09-12 22:00:00
2021,"ARM","strips",2,10.028,51,2021-05-09 01:15:00,2021-05-09 02:05:00
2021,"ARM","strips",4,36.263,606,2021-05-27 04:25:00,2021-05-27 14:30:00
2021,"ARM","strips",6,116.144,1026,2021-06-18 23:35:00,2021-06-19 16:40:00
2021,"ARM","strips",8,0.108,6,2021-06-24 10:40:00,2021-06-24 10:45:00
2021,"ARM","strips",10,8.436,91,2021-07-10 00:00:00,2021-07-10 01:30:00
2016,"EIA","control",2,33.323,661,2016-05-03 23:55:00,2016-05-04 10:55:00
2016,"EIA","control",4,1034.998,2271,2016-05-28 00:10:00,2016-05-29 14:00:00
2016,"EIA","control",6,805.954,1466,2016-05-31 20:15:00,2016-06-01 20:40:00
2016,"EIA","control",8,1059.208,2486,2016-06-04 01:50:00,2016-06-05 19:15:00
2016,"EIA","control",10,535.846,1441,2016-06-11 02:25:00,2016-06-12 02:25:00
2016,"EIA","control",12,723.868,1556,2016-06-14 20:25:00,2016-06-15 22:20:00
2016,"EIA","control",14,76336.211,2341,2016-06-22 01:20:00,2016-06-23 16:20:00
2016,"EIA","control",16,531.147,1046,2016-06-26 03:15:00,2016-06-26 20:40:00
2016,"EIA","control",18,214.404,1191,2016-06-30 02:50:00,2016-06-30 22:40:00
2016,"EIA","control",20,27.898,56,2016-07-06 02:40:00,2016-07-06 03:35:00
2016,"EIA","control",22,27.516,306,2016-07-06 16:50:00,2016-07-06 21:55:00
2016,"EIA","control",24,753.772,1476,2016-07-10 12:35:00,2016-07-11 13:10:00
2016,"EIA","control",26,394.726,1596,2016-07-12 01:50:00,2016-07-13 04:25:00
2016,"EIA","control",28,107.905,716,2016-07-17 05:25:00,2016-07-17 17:20:00
2016,"EIA","control",30,173.38,1446,2016-07-19 14:15:00,2016-07-20 14:20:00
2016,"EIA","control",32,169.28,1231,2016-07-22 00:45:00,2016-07-22 21:15:00
2016,"EIA","control",34,386.868,1336,2016-08-04 20:15:00,2016-08-05 18:30:00
2016,"EIA","control",36,58415.639,2071,2016-08-11 10:15:00,2016-08-12 20:45:00
2016,"EIA","control",38,88.682,966,2016-08-20 03:00:00,2016-08-20 19:05:00
2016,"EIA","control",40,234.196,1286,2016-08-24 02:55:00,2016-08-25 00:20:00
2016,"EIA","control",42,360.943,1086,2016-08-27 02:55:00,2016-08-27 21:00:00
2016,"EIA","control",44,23041.334,1816,2016-09-07 08:20:00,2016-09-08 14:35:00
2016,"EIA","control",46,2097.214,756,2016-09-15 23:35:00,2016-09-16 12:10:00
2016,"EIA","control",48,42933.249,1561,2016-09-23 03:15:00,2016-09-24 05:15:00
2016,"EIA","control",50,2062.346,1511,2016-10-26 06:00:00,2016-10-27 07:10:00
2016,"EIA","control",52,22.933,296,2016-11-02 02:55:00,2016-11-02 07:50:00
2017,"EIA","control",2,74.251,2201,2017-07-21 15:40:00,2017-07-23 04:20:00
2018,"EIA","control",2,0.981,81,2018-05-20 05:55:00,2018-05-20 07:15:00
2018,"EIA","control",4,0.832,56,2018-05-21 02:35:00,2018-05-21 03:30:00
2018,"EIA","control",6,141.785,836,2018-05-26 01:25:00,2018-05-26 15:20:00
2018,"EIA","control",8,1.657,6,2018-05-30 01:20:00,2018-05-30 01:25:00
2018,"EIA","control",10,25590.214,2351,2018-06-09 08:50:00,2018-06-11 00:00:00
2018,"EIA","control",12,296.93,1506,2018-06-14 11:25:00,2018-06-15 12:30:00
2018,"EIA","control",14,76910.36,5166,2018-06-18 22:50:00,2018-06-22 12:55:00
2018,"EIA","control",16,359.023,1761,2018-06-30 22:30:00,2018-07-02 03:50:00
2018,"EIA","control",18,1283.546,1556,2018-07-14 02:35:00,2018-07-15 04:30:00
2018,"EIA","control",20,3569.179,1791,2018-07-19 05:20:00,2018-07-20 11:10:00
2018,"EIA","control",22,60.505,766,2018-07-25 22:45:00,2018-07-26 11:30:00
2018,"EIA","control",24,1793.067,1461,2018-07-30 16:00:00,2018-07-31 16:20:00
2018,"EIA","control",26,942.167,2016,2018-08-07 09:20:00,2018-08-08 18:55:00
2018,"EIA","control",28,2553.594,4166,2018-08-15 06:25:00,2018-08-18 03:50:00
2018,"EIA","control",30,1843.503,2401,2018-08-20 05:20:00,2018-08-21 21:20:00
2018,"EIA","control",32,1952.394,2416,2018-08-24 05:30:00,2018-08-25 21:45:00
2018,"EIA","control",34,1230.705,3591,2018-08-27 06:25:00,2018-08-29 18:15:00
2018,"EIA","control",36,14865.17,4736,2018-09-01 03:20:00,2018-09-04 10:15:00
2018,"EIA","control",38,301.551,446,2018-09-05 13:30:00,2018-09-05 20:55:00
2018,"EIA","control",40,16266.427,3671,2018-09-18 11:55:00,2018-09-21 01:05:00
2018,"EIA","control",42,29.976,246,2018-09-25 13:25:00,2018-09-25 17:30:00
2018,"EIA","control",44,279.401,1656,2018-10-01 16:00:00,2018-10-02 19:35:00
2018,"EIA","control",46,56.332,261,2018-10-03 21:50:00,2018-10-04 02:10:00
2018,"EIA","control",48,1001.934,1926,2018-10-05 18:35:00,2018-10-07 02:40:00
2018,"EIA","control",50,37123.009,4791,2018-10-07 18:40:00,2018-10-11 02:30:00
2016,"EIA","strips",2,1813.154,2226,2016-04-06 00:10:00,2016-04-07 13:15:00
2016,"EIA","strips",4,1.933,171,2016-04-28 12:55:00,2016-04-28 15:45:00
2016,"EIA","strips",6,954.611,1576,2016-04-30 11:50:00,2016-05-01 14:05:00
2016,"EIA","strips",8,0.492,31,2016-05-04 00:00:00,2016-05-04 00:30:00
2016,"EIA","strips",10,22.828,956,2016-05-09 18:25:00,2016-05-10 10:20:00
2016,"EIA","strips",12,1.184,311,2016-05-26 05:40:00,2016-05-26 10:50:00
2016,"EIA","strips",14,473.256,2181,2016-05-28 00:15:00,2016-05-29 12:35:00
2016,"EIA","strips",16,64.62,1706,2016-05-30 20:25:00,2016-06-01 00:50:00
2016,"EIA","strips",18,4179.549,2486,2016-06-04 01:50:00,2016-06-05 19:15:00
2016,"EIA","strips",20,752.142,1436,2016-06-06 11:15:00,2016-06-07 11:10:00
2016,"EIA","strips",22,149.554,1446,2016-06-09 04:50:00,2016-06-10 04:55:00
2016,"EIA","strips",24,40.952,451,2016-06-11 02:15:00,2016-06-11 09:45:00
2016,"EIA","strips",26,12.93,651,2016-06-14 12:25:00,2016-06-14 23:15:00
2016,"EIA","strips",28,118876.945,3566,2016-06-22 01:00:00,2016-06-24 12:25:00
2016,"EIA","strips",30,1954.077,1571,2016-06-26 03:00:00,2016-06-27 05:10:00
2016,"EIA","strips",32,387.357,1766,2016-06-30 02:15:00,2016-07-01 07:40:00
2016,"EIA","strips",34,4.646,36,2016-07-06 02:45:00,2016-07-06 03:20:00
2016,"EIA","strips",36,339.15,1526,2016-07-17 05:20:00,2016-07-18 06:45:00
2016,"EIA","strips",38,273.577,1456,2016-07-19 14:05:00,2016-07-20 14:20:00
2016,"EIA","strips",40,1241.188,1506,2016-07-22 00:30:00,2016-07-23 01:35:00
2016,"EIA","strips",42,3.151,71,2016-07-29 14:00:00,2016-07-29 15:10:00
2016,"EIA","strips",44,194.991,236,2016-08-04 20:30:00,2016-08-05 00:25:00
2016,"EIA","strips",46,101778.842,1656,2016-08-11 20:10:00,2016-08-12 23:45:00
2016,"EIA","strips",48,13.569,1416,2016-08-20 00:10:00,2016-08-20 23:45:00
2016,"EIA","strips",50,5.765,51,2016-08-24 03:10:00,2016-08-24 04:00:00
2016,"EIA","strips",52,0.108,6,2016-08-27 02:40:00,2016-08-27 02:45:00
2016,"EIA","strips",54,31307.731,1476,2016-09-08 01:25:00,2016-09-09 02:00:00
2016,"EIA","strips",56,28.964,146,2016-09-09 18:45:00,2016-09-09 21:10:00
2016,"EIA","strips",58,9250.862,1556,2016-09-15 23:35:00,2016-09-17 01:30:00
2016,"EIA","strips",60,77675.695,1576,2016-09-23 03:00:00,2016-09-24 05:15:00
2016,"EIA","strips",62,478.87,1436,2016-10-06 20:05:00,2016-10-07 20:00:00
2016,"EIA","strips",64,6819.468,1621,2016-10-26 04:10:00,2016-10-27 07:10:00
2016,"EIA","strips",66,5712.529,1806,2016-11-02 00:20:00,2016-11-03 06:25:00
2017,"EIA","strips",2,0.092,1,2017-10-04 06:40:00,2017-10-04 06:40:00
2018,"EIA","strips",2,257.183,1506,2018-05-12 04:25:00,2018-05-13 05:30:00
2018,"EIA","strips",4,264.609,1536,2018-05-14 05:00:00,2018-05-15 06:35:00
2018,"EIA","strips",6,825.463,2926,2018-05-20 05:40:00,2018-05-22 06:25:00
2018,"EIA","strips",8,941.541,1456,2018-05-26 01:30:00,2018-05-27 01:45:00
2018,"EIA","strips",10,4.211,156,2018-05-30 10:45:00,2018-05-30 13:20:00
2018,"EIA","strips",12,29124.341,2361,2018-06-09 08:40:00,2018-06-11 00:00:00
2018,"EIA","strips",14,366.979,1506,2018-06-14 11:25:00,2018-06-15 12:30:00
2018,"EIA","strips",16,7572.156,2681,2018-06-18 22:55:00,2018-06-20 19:35:00
2018,"EIA","strips",18,90949.729,641,2018-06-21 07:50:00,2018-06-21 18:30:00
2018,"EIA","strips",20,2.09,46,2018-06-22 13:50:00,2018-06-22 14:35:00
2018,"EIA","strips",22,807.32,2216,2018-06-26 00:00:00,2018-06-27 12:55:00
2018,"EIA","strips",24,180.836,901,2018-07-01 03:25:00,2018-07-01 18:25:00
2018,"EIA","strips",26,546.209,2021,2018-08-07 09:15:00,2018-08-08 18:55:00
2018,"EIA","strips",28,1038.31,3886,2018-08-15 11:05:00,2018-08-18 03:50:00
2018,"EIA","strips",30,1296.116,2401,2018-08-20 05:20:00,2018-08-21 21:20:00
2018,"EIA","strips",32,1686.685,2501,2018-08-24 05:30:00,2018-08-25 23:10:00
2018,"EIA","strips",34,853.347,2661,2018-08-27 06:25:00,2018-08-29 02:45:00
2018,"EIA","strips",36,820.629,1411,2018-09-01 03:10:00,2018-09-02 02:40:00
2018,"EIA","strips",38,5623.476,1891,2018-09-03 02:45:00,2018-09-04 10:15:00
2018,"EIA","strips",40,4201.292,1746,2018-09-05 07:20:00,2018-09-06 12:25:00
2018,"EIA","strips",42,15563.181,1481,2018-09-19 11:40:00,2018-09-20 12:20:00
2018,"EIA","strips",44,8.627,196,2018-09-25 13:25:00,2018-09-25 16:40:00
2018,"EIA","strips",46,148.573,1696,2018-10-01 15:20:00,2018-10-02 19:35:00
2018,"EIA","strips",48,2386.567,1611,2018-10-05 23:50:00,2018-10-07 02:40:00
2018,"EIA","strips",50,60937.901,3686,2018-10-07 19:50:00,2018-10-10 09:15:00
2016,"HOE","control",2,26.497,481,2016-09-09 05:00:00,2016-09-09 13:00:00
2016,"HOE","control",4,3.422,1081,2016-09-09 15:00:00,2016-09-10 09:00:00
2016,"HOE","control",6,372.238,1441,2016-09-14 23:00:00,2016-09-15 23:00:00
2016,"HOE","control",8,2000.941,2151,2016-09-24 16:50:00,2016-09-26 04:40:00
2016,"HOE","control",10,4046.198,1036,2016-10-04 18:25:00,2016-10-05 11:40:00
2016,"HOE","control",12,1009.896,1026,2016-10-06 19:00:00,2016-10-07 12:05:00
2016,"HOE","control",14,1084.536,1331,2016-10-25 18:20:00,2016-10-26 16:30:00
2017,"HOE","control",2,3145.306,3976,2017-04-17 19:15:00,2017-04-20 13:30:00
2017,"HOE","control",4,2330.136,1801,2017-04-25 11:35:00,2017-04-26 17:35:00
2017,"HOE","control",6,2383.903,1096,2017-04-30 19:55:00,2017-05-01 14:10:00
2017,"HOE","control",8,33.243,111,2017-05-15 12:45:00,2017-05-15 14:35:00
2017,"HOE","control",10,1341.035,3296,2017-05-16 08:40:00,2017-05-18 15:35:00
2017,"HOE","control",12,13551.175,2131,2017-05-20 01:10:00,2017-05-21 12:40:00
2017,"HOE","control",14,1300.84,1471,2017-05-22 16:30:00,2017-05-23 17:00:00
2017,"HOE","control",16,454.954,966,2017-05-29 17:00:00,2017-05-30 09:05:00
2017,"HOE","control",18,65.502,156,2017-06-03 16:30:00,2017-06-03 19:05:00
2017,"HOE","control",20,80.603,331,2017-06-12 11:45:00,2017-06-12 17:15:00
2017,"HOE","control",22,329.731,606,2017-06-14 00:20:00,2017-06-14 10:25:00
2017,"HOE","control",24,1356.251,2336,2017-06-17 19:00:00,2017-06-19 09:55:00
2017,"HOE","control",26,6132.195,1766,2017-06-28 01:15:00,2017-06-29 06:40:00
2017,"HOE","control",28,3508.331,1436,2017-06-29 19:40:00,2017-06-30 19:35:00
2017,"HOE","control",30,440.237,1436,2017-07-21 08:30:00,2017-07-22 08:25:00
2017,"HOE","control",32,611.552,1461,2017-07-26 06:00:00,2017-07-27 06:20:00
2017,"HOE","control",34,7477.344,3571,2017-08-01 17:40:00,2017-08-04 05:10:00
2017,"HOE","control",36,869.714,1501,2017-08-09 09:10:00,2017-08-10 10:10:00
2017,"HOE","control",38,1318.782,1606,2017-08-21 12:00:00,2017-08-22 14:45:00
2018,"HOE","control",2,5.944,826,2018-06-08 18:45:00,2018-06-09 08:30:00
2018,"HOE","control",4,3.472,81,2018-06-14 08:20:00,2018-06-14 09:40:00
2018,"HOE","control",6,715.401,1116,2018-06-17 23:35:00,2018-06-18 18:10:00
2018,"HOE","control",8,2.064,41,2018-06-19 10:50:00,2018-06-19 11:30:00
2018,"HOE","control",10,21627.68,2391,2018-06-20 15:45:00,2018-06-22 07:35:00
2018,"HOE","control",12,27089.94,2471,2018-06-24 17:35:00,2018-06-26 10:45:00
2018,"HOE","control",14,13311.517,1846,2018-07-01 00:50:00,2018-07-02 07:35:00
2018,"HOE","control",16,136.219,1341,2018-07-04 11:05:00,2018-07-05 09:25:00
2018,"HOE","control",18,2923.217,1506,2018-07-13 10:35:00,2018-07-14 11:40:00
2018,"HOE","control",20,64.038,51,2018-07-25 18:05:00,2018-07-25 18:55:00
2018,"HOE","control",22,89.809,26,2018-08-04 10:05:00,2018-08-04 10:30:00
2018,"HOE","control",24,2886.819,5331,2018-09-02 02:10:00,2018-09-05 19:00:00
2018,"HOE","control",26,22709.749,4856,2018-09-17 14:00:00,2018-09-20 22:55:00
2018,"HOE","control",28,194.69,1236,2018-10-12 11:35:00,2018-10-13 08:10:00
2019,"HOE","control",1,0.073,1,2019-04-26 14:50:00,2019-04-26 14:50:00
2019,"HOE","control",3,1.32,36,2019-04-26 15:00:00,2019-04-26 15:35:00
2019,"HOE","control",5,0.47,36,2019-04-26 15:50:00,2019-04-26 16:25:00
2019,"HOE","control",7,15.306,361,2019-04-27 01:00:00,2019-04-27 07:00:00
2019,"HOE","control",9,18533.064,118191,2019-04-27 09:00:00,2019-07-18 10:50:00
2019,"HOE","control",11,248.009,216,2019-07-20 17:30:00,2019-07-20 21:05:00
2019,"HOE","control",13,116.326,66,2019-10-01 13:45:00,2019-10-01 14:50:00
2019,"HOE","control",15,817.875,336,2019-10-05 03:35:00,2019-10-05 09:10:00
2020,"HOE","control",2,6281.642,1526,2020-05-16 23:25:00,2020-05-18 00:50:00
2020,"HOE","control",4,39.004,276,2020-05-23 04:30:00,2020-05-23 09:05:00
2020,"HOE","control",6,183.668,396,2020-05-24 03:10:00,2020-05-24 09:45:00
2020,"HOE","control",8,8.802,111,2020-05-25 05:40:00,2020-05-25 07:30:00
2020,"HOE","control",10,15.035,351,2020-06-03 01:40:00,2020-06-03 07:30:00
2020,"HOE","control",12,22.181,386,2020-06-10 01:10:00,2020-06-10 07:35:00
2020,"HOE","control",14,1.472,76,2020-06-22 05:45:00,2020-06-22 07:00:00
2020,"HOE","control",16,1.384,46,2020-06-25 22:50:00,2020-06-25 23:35:00
2020,"HOE","control",18,0.111,1,2020-09-11 19:10:00,2020-09-11 19:10:00
2020,"HOE","control",20,4.631,406,2020-09-27 20:55:00,2020-09-28 03:40:00
2021,"HOE","control",2,0.111,1,2021-05-19 17:45:00,2021-05-19 17:45:00
2021,"HOE","control",4,0.279,36,2021-05-25 04:05:00,2021-05-25 04:40:00
2021,"HOE","control",6,68.923,121,2021-05-27 08:50:00,2021-05-27 10:50:00
2021,"HOE","control",8,36.569,2666,2021-06-27 12:20:00,2021-06-29 08:45:00
2021,"HOE","control",10,15.179,786,2021-07-06 16:20:00,2021-07-07 05:25:00
2021,"HOE","control",12,0.619,181,2021-07-09 02:20:00,2021-07-09 05:20:00
2021,"HOE","control",14,4.574,141,2021-07-10 12:45:00,2021-07-10 15:05:00
2021,"HOE","control",16,5.014,371,2021-07-14 07:35:00,2021-07-14 13:45:00
2021,"HOE","control",18,0.054,1,2021-07-24 05:30:00,2021-07-24 05:30:00
2021,"HOE","control",20,1.056,56,2021-07-30 14:20:00,2021-07-30 15:15:00
2021,"HOE","control",22,8.151,26,2021-08-20 17:15:00,2021-08-20 17:40:00
2021,"HOE","control",24,35.272,996,2021-08-23 20:40:00,2021-08-24 13:15:00
2021,"HOE","control",26,46.307,256,2021-08-26 08:40:00,2021-08-26 12:55:00
2021,"HOE","control",28,166.531,791,2021-08-27 01:45:00,2021-08-27 14:55:00
2021,"HOE","control",30,14.01,276,2021-08-28 03:05:00,2021-08-28 07:40:00
2021,"HOE","control",32,140.669,241,2021-08-28 22:30:00,2021-08-29 02:30:00
2021,"HOE","control",34,2.649,61,2021-08-30 20:05:00,2021-08-30 21:05:00
2021,"HOE","control",36,82.73,971,2021-09-02 11:30:00,2021-09-03 03:40:00
2021,"HOE","control",38,3.492,21,2021-09-05 16:20:00,2021-09-05 16:40:00
2021,"HOE","control",40,16.514,296,2021-09-17 04:30:00,2021-09-17 09:25:00
2021,"HOE","control",42,47.589,621,2021-09-20 05:25:00,2021-09-20 15:45:00
2021,"HOE","control",44,630.489,796,2021-09-30 22:45:00,2021-10-01 12:00:00
2016,"HOE","strips",2,5.058,76,2016-10-26 16:55:00,2016-10-26 18:10:00
2017,"HOE","strips",2,7.182,1,2017-06-18 18:40:00,2017-06-18 18:40:00
2018,"HOE","strips",2,43736.276,411,2018-06-20 22:40:00,2018-06-21 05:30:00
2018,"HOE","strips",4,72920.742,931,2018-06-24 18:35:00,2018-06-25 10:05:00
2018,"HOE","strips",6,37740.114,246,2018-06-25 22:35:00,2018-06-26 02:40:00
2018,"HOE","strips",8,9.444,1,2018-06-26 16:10:00,2018-06-26 16:10:00
2018,"HOE","strips",10,45926.228,771,2018-07-01 01:40:00,2018-07-01 14:30:00
2018,"HOE","strips",12,31.388,1,2018-07-02 03:20:00,2018-07-02 03:20:00
2018,"HOE","strips",14,109.914,316,2018-07-04 11:50:00,2018-07-04 17:05:00
2018,"HOE","strips",16,88518.424,906,2018-09-20 03:00:00,2018-09-20 18:05:00
2019,"HOE","strips",2,15798.13,541,2019-05-27 08:00:00,2019-05-27 17:00:00
2019,"HOE","strips",4,981.064,161,2019-10-05 06:05:00,2019-10-05 08:45:00
2020,"HOE","strips",2,105.616,766,2020-05-17 16:10:00,2020-05-18 04:55:00
2020,"HOE","strips",4,0.046,501,2020-05-24 00:05:00,2020-05-24 08:25:00
2020,"HOE","strips",6,0.075,531,2020-05-24 20:55:00,2020-05-25 05:45:00
2020,"HOE","strips",8,0.006,266,2020-05-25 18:45:00,2020-05-25 23:10:00
2020,"HOE","strips",10,0.027,521,2020-05-26 16:35:00,2020-05-27 01:15:00
2020,"HOE","strips",12,0.002,1,2020-06-02 18:45:00,2020-06-02 18:45:00
2020,"HOE","strips",14,0.015,16,2020-06-05 00:10:00,2020-06-05 00:25:00
2020,"HOE","strips",16,0.049,356,2020-06-09 21:30:00,2020-06-10 03:25:00
2020,"HOE","strips",18,0.027,261,2020-06-18 21:05:00,2020-06-19 01:25:00
2020,"HOE","strips",20,0.11,116,2020-06-21 16:50:00,2020-06-21 18:45:00
2020,"HOE","strips",22,0.034,41,2020-06-25 22:35:00,2020-06-25 23:15:00
2020,"HOE","strips",24,0.006,16,2020-06-26 19:35:00,2020-06-26 19:50:00
2020,"HOE","strips",26,0.865,1476,2020-07-01 05:25:00,2020-07-02 06:00:00
2020,"HOE","strips",28,0.044,51,2020-07-06 08:25:00,2020-07-06 09:15:00
2020,"HOE","strips",30,0.015,36,2020-07-07 02:05:00,2020-07-07 02:40:00
2020,"HOE","strips",32,0.318,951,2020-07-11 14:25:00,2020-07-12 06:15:00
2020,"HOE","strips",34,14.727,1616,2020-07-26 04:00:00,2020-07-27 06:55:00
2020,"HOE","strips",36,0.082,121,2020-08-06 04:30:00,2020-08-06 06:30:00
2020,"HOE","strips",38,0.095,606,2020-08-06 19:15:00,2020-08-07 05:20:00
2020,"HOE","strips",40,0.213,1096,2020-08-09 04:10:00,2020-08-09 22:25:00
2020,"HOE","strips",42,0.29,1491,2020-08-21 03:15:00,2020-08-22 04:05:00
2020,"HOE","strips",44,0.63,1456,2020-08-28 06:00:00,2020-08-29 06:15:00
2020,"HOE","strips",46,0.321,1126,2020-08-31 06:15:00,2020-09-01 01:00:00
2020,"HOE","strips",48,0.259,541,2020-09-12 21:15:00,2020-09-13 06:15:00
2020,"HOE","strips",50,0.027,236,2020-10-11 20:45:00,2020-10-12 00:40:00
2021,"HOE","strips",2,1.231,1491,2021-04-08 01:40:00,2021-04-09 02:30:00
2021,"HOE","strips",4,0.653,1426,2021-04-25 12:15:00,2021-04-26 12:00:00
2021,"HOE","strips",6,0.971,1436,2021-04-27 20:55:00,2021-04-28 20:50:00
2021,"HOE","strips",8,1.288,1426,2021-05-08 15:15:00,2021-05-09 15:00:00
2021,"HOE","strips",10,2.136,1446,2021-05-15 02:55:00,2021-05-16 03:00:00
2021,"HOE","strips",12,5.494,3686,2021-05-19 13:05:00,2021-05-22 02:30:00
2021,"HOE","strips",14,3.09,1516,2021-05-25 03:20:00,2021-05-26 04:35:00
2021,"HOE","strips",16,10.711,1816,2021-05-27 02:35:00,2021-05-28 08:50:00
2021,"HOE","strips",18,7.085,1491,2021-08-20 16:35:00,2021-08-21 17:25:00
2021,"HOE","strips",20,11.261,2286,2021-08-23 20:40:00,2021-08-25 10:45:00
2021,"HOE","strips",22,11.969,2821,2021-08-26 08:40:00,2021-08-28 07:40:00
2021,"HOE","strips",24,38.432,1586,2021-08-28 22:25:00,2021-08-30 00:50:00
2021,"HOE","strips",26,6.931,1436,2021-08-30 20:05:00,2021-08-31 20:00:00
2021,"HOE","strips",28,10.753,2296,2021-09-02 11:30:00,2021-09-04 01:45:00
2021,"HOE","strips",30,9.41,1456,2021-09-05 16:15:00,2021-09-06 16:30:00
2021,"HOE","strips",32,6.933,1436,2021-09-17 04:30:00,2021-09-18 04:25:00
2021,"HOE","strips",34,5.664,1686,2021-09-20 05:25:00,2021-09-21 09:30:00
2021,"HOE","strips",36,598.846,761,2021-09-30 22:40:00,2021-10-01 11:20:00
2021,"MCN","control",2,2180.942,286,2021-05-09 01:55:00,2021-05-09 06:40:00
2021,"MCN","control",4,31.8,531,2021-05-18 08:45:00,2021-05-18 17:35:00
2021,"MCN","control",6,322.668,2256,2021-05-20 02:10:00,2021-05-21 15:45:00
2021,"MCN","control",8,7927.299,1436,2021-05-22 10:50:00,2021-05-23 10:45:00
2021,"MCN","control",10,9820.888,3211,2021-05-26 00:55:00,2021-05-28 06:25:00
2021,"MCN","control",12,108.941,336,2021-06-19 13:55:00,2021-06-19 19:30:00
2021,"MCN","control",14,135.328,396,2021-06-20 12:00:00,2021-06-20 18:35:00
2021,"MCN","control",16,239.915,226,2021-06-24 20:15:00,2021-06-25 00:00:00
2021,"MCN","control",18,21103.183,1446,2021-07-10 03:55:00,2021-07-11 04:00:00
2021,"MCN","control",20,27780.232,1641,2021-07-14 23:15:00,2021-07-16 02:35:00
2021,"MCN","control",22,3095.257,1666,2021-07-31 01:50:00,2021-08-01 05:35:00
2021,"MCN","control",24,437.444,1356,2021-10-14 04:25:00,2021-10-15 03:00:00
2021,"MCN","control",26,1685.318,2866,2021-10-24 12:00:00,2021-10-26 11:45:00
2021,"MCN","strips",2,1258.642,356,2021-05-09 02:30:00,2021-05-09 08:25:00
2021,"MCN","strips",4,52.575,1431,2021-05-15 06:00:00,2021-05-16 05:50:00
2021,"MCN","strips",6,103.544,2251,2021-05-16 23:30:00,2021-05-18 13:00:00
2021,"MCN","strips",8,6.445,51,2021-05-20 16:25:00,2021-05-20 17:15:00
2021,"MCN","strips",10,3.503,66,2021-06-19 01:20:00,2021-06-19 02:25:00
2021,"MCN","strips",12,3671.541,316,2021-06-24 21:15:00,2021-06-25 02:30:00
2021,"MCN","strips",14,25017.192,1106,2021-07-10 04:50:00,2021-07-10 23:15:00
2021,"MCN","strips",16,42031.947,1641,2021-07-14 23:15:00,2021-07-16 02:35:00
2021,"MCN","strips",18,215.229,1481,2021-07-31 04:55:00,2021-08-01 05:35:00
2021,"MCN","strips",20,4.995,661,2021-10-24 13:00:00,2021-10-25 00:00:00
2018,"RHO","control",2,758.573,506,2018-05-12 03:35:00,2018-05-12 12:00:00
2018,"RHO","control",4,8754.961,3796,2018-06-19 01:50:00,2018-06-21 17:05:00
2018,"RHO","control",6,15.278,666,2018-06-24 11:20:00,2018-06-24 22:25:00
2018,"RHO","control",8,40930.402,2331,2018-06-25 17:15:00,2018-06-27 08:05:00
2018,"RHO","control",10,35798.979,1846,2018-06-30 20:00:00,2018-07-02 02:45:00
2018,"RHO","control",12,161.602,316,2018-07-05 02:10:00,2018-07-05 07:25:00
2018,"RHO","control",14,66.969,191,2018-07-05 22:15:00,2018-07-06 01:25:00
2018,"RHO","control",16,854.509,1441,2018-07-25 22:10:00,2018-07-26 22:10:00
2018,"RHO","control",18,8033.684,3696,2018-08-05 06:35:00,2018-08-07 20:10:00
2018,"RHO","control",20,312.653,701,2018-08-15 09:30:00,2018-08-15 21:10:00
2018,"RHO","control",22,959.682,2361,2018-08-20 02:40:00,2018-08-21 18:00:00
2018,"RHO","control",24,130.314,836,2018-08-27 05:05:00,2018-08-27 19:00:00
2018,"RHO","control",26,83.642,771,2018-08-28 13:45:00,2018-08-29 02:35:00
2018,"RHO","control",28,117.977,1371,2018-08-31 08:25:00,2018-09-01 07:15:00
2018,"RHO","control",30,36056.416,6186,2018-09-01 19:55:00,2018-09-06 03:00:00
2018,"RHO","control",32,19228.113,5106,2018-09-18 10:50:00,2018-09-21 23:55:00
2018,"RHO","control",34,6835.727,576,2018-09-25 11:10:00,2018-09-25 20:45:00
2018,"RHO","control",36,544.876,3806,2018-09-29 23:00:00,2018-10-02 14:25:00
2018,"RHO","control",38,92.307,301,2018-10-03 20:35:00,2018-10-04 01:35:00
2018,"RHO","control",40,529.246,1441,2018-10-05 21:05:00,2018-10-06 21:05:00
2018,"RHO","control",42,8315.314,2096,2018-10-08 03:55:00,2018-10-09 14:50:00
2019,"RHO","control",2,51.179,1536,2019-04-07 07:35:00,2019-04-08 09:10:00
2019,"RHO","control",4,30.045,961,2019-04-10 02:25:00,2019-04-10 18:25:00
2019,"RHO","control",6,0.309,396,2019-04-17 16:30:00,2019-04-17 23:05:00
2019,"RHO","control",8,22.855,1246,2019-05-08 08:05:00,2019-05-09 04:50:00
2019,"RHO","control",10,6.894,596,2019-05-14 09:25:00,2019-05-14 19:20:00
2019,"RHO","control",12,28.405,701,2019-05-17 04:55:00,2019-05-17 16:35:00
2019,"RHO","control",14,269.517,846,2019-05-18 17:15:00,2019-05-19 07:20:00
2019,"RHO","control",16,3381.426,461,2019-05-21 13:10:00,2019-05-21 20:50:00
2019,"RHO","control",18,10573.189,631,2019-05-24 01:00:00,2019-05-24 11:30:00
2019,"RHO","control",20,1.841,11,2019-05-25 00:10:00,2019-05-25 00:20:00
2019,"RHO","control",22,738.565,701,2019-05-28 15:45:00,2019-05-29 03:25:00
2019,"RHO","control",24,0.207,36,2019-05-30 00:20:00,2019-05-30 00:55:00
2019,"RHO","control",26,1267.97,3316,2019-06-03 22:05:00,2019-06-06 05:20:00
2019,"RHO","control",28,1682.111,1466,2019-06-15 17:55:00,2019-06-16 18:20:00
2019,"RHO","control",30,39638.763,3771,2019-06-21 08:00:00,2019-06-23 22:50:00
2019,"RHO","control",32,49.424,61,2019-06-24 19:10:00,2019-06-24 20:10:00
2019,"RHO","control",34,1182.125,1446,2019-06-28 09:50:00,2019-06-29 09:55:00
2019,"RHO","control",36,1744.423,2211,2019-07-03 03:05:00,2019-07-04 15:55:00
2019,"RHO","control",38,284.601,51,2019-08-20 05:45:00,2019-08-20 06:35:00
2019,"RHO","control",40,23.028,581,2019-08-20 20:35:00,2019-08-21 06:15:00
2019,"RHO","control",42,7623.591,3586,2019-10-01 05:35:00,2019-10-03 17:20:00
2019,"RHO","control",44,4137.033,1646,2019-10-05 07:35:00,2019-10-06 11:00:00
2019,"RHO","control",46,6055.452,131,2019-10-10 08:24:00,2019-10-10 10:34:00
2020,"RHO","control",2,8.782,861,2020-03-28 04:50:00,2020-03-28 19:10:00
2020,"RHO","control",4,5091.656,1481,2020-05-17 03:10:00,2020-05-18 03:50:00
2020,"RHO","control",6,378.02,4936,2020-05-23 04:35:00,2020-05-26 14:50:00
2020,"RHO","control",8,2.734,6,2020-05-28 06:35:00,2020-05-28 06:40:00
2020,"RHO","control",10,342.835,26,2020-06-03 05:05:00,2020-06-03 05:30:00
2020,"RHO","control",12,2085.566,141,2020-06-09 13:05:00,2020-06-09 15:25:00
2020,"RHO","control",14,2327.317,371,2020-06-10 06:45:00,2020-06-10 12:55:00
2020,"RHO","control",16,480.141,1391,2020-06-19 17:40:00,2020-06-20 16:50:00
2020,"RHO","control",18,185.925,626,2020-06-22 10:45:00,2020-06-22 21:10:00
2020,"RHO","control",20,333.782,1531,2020-06-26 06:35:00,2020-06-27 08:05:00
2020,"RHO","control",22,0.057,1,2020-07-11 18:10:00,2020-07-11 18:10:00
2020,"RHO","control",24,3.748,241,2020-07-14 17:15:00,2020-07-14 21:15:00
2020,"RHO","control",26,37.279,1161,2020-07-21 21:55:00,2020-07-22 17:15:00
2020,"RHO","control",28,28.153,1446,2020-08-10 11:40:00,2020-08-11 11:45:00
2020,"RHO","control",30,125.143,3876,2020-09-07 23:30:00,2020-09-10 16:05:00
2020,"RHO","control",32,73.706,2281,2020-09-11 08:40:00,2020-09-12 22:40:00
2021,"RHO","control",2,3056.672,1456,2021-05-15 17:55:00,2021-05-16 18:10:00
2021,"RHO","control",4,87.763,2641,2021-05-20 04:20:00,2021-05-22 00:20:00
2021,"RHO","control",6,98.596,1316,2021-05-27 07:50:00,2021-05-28 05:45:00
2021,"RHO","control",8,7402.286,91,2021-07-14 20:35:00,2021-07-14 22:05:00
2021,"RHO","control",10,275.65,1446,2021-07-31 02:35:00,2021-08-01 02:40:00
2021,"RHO","control",12,0.183,41,2021-08-05 11:05:00,2021-08-05 11:45:00
2021,"RHO","control",14,46.882,1541,2021-09-03 04:20:00,2021-09-04 06:00:00
2018,"RHO","strips",2,0.381,6,2018-05-01 23:10:00,2018-05-01 23:15:00
2018,"RHO","strips",4,35.226,96,2018-05-03 20:15:00,2018-05-03 21:50:00
2018,"RHO","strips",6,15755.143,1206,2018-06-14 04:25:00,2018-06-15 00:30:00
2018,"RHO","strips",8,5.067,271,2018-06-19 01:20:00,2018-06-19 05:50:00
2018,"RHO","strips",10,2520.362,1066,2018-06-20 03:55:00,2018-06-20 21:40:00
2018,"RHO","strips",12,3.208,71,2018-06-21 16:30:00,2018-06-21 17:40:00
2018,"RHO","strips",14,17.743,46,2018-06-24 11:50:00,2018-06-24 12:35:00
2018,"RHO","strips",16,14650.939,1881,2018-06-25 21:50:00,2018-06-27 05:10:00
2018,"RHO","strips",18,9258.3,1036,2018-06-30 20:15:00,2018-07-01 13:30:00
2018,"RHO","strips",20,125.991,41,2018-07-05 01:40:00,2018-07-05 02:20:00
2018,"RHO","strips",22,5127.146,1901,2018-07-13 15:35:00,2018-07-14 23:15:00
2018,"RHO","strips",24,218.236,1446,2018-07-25 22:05:00,2018-07-26 22:10:00
2018,"RHO","strips",26,2436.335,3356,2018-08-05 06:20:00,2018-08-07 14:15:00
2018,"RHO","strips",28,2.718,131,2018-08-20 02:40:00,2018-08-20 04:50:00
2018,"RHO","strips",30,1.642,161,2018-08-31 06:35:00,2018-08-31 09:15:00
2018,"RHO","strips",32,2.655,136,2018-09-01 04:00:00,2018-09-01 06:15:00
2018,"RHO","strips",34,5913.671,586,2018-09-01 20:00:00,2018-09-02 05:45:00
2018,"RHO","strips",36,4106.091,806,2018-09-03 06:00:00,2018-09-03 19:25:00
2018,"RHO","strips",38,1961.964,1361,2018-09-04 18:35:00,2018-09-05 17:15:00
2018,"RHO","strips",40,4323.81,1716,2018-09-18 10:40:00,2018-09-19 15:15:00
2018,"RHO","strips",42,1261.667,1001,2018-09-20 22:30:00,2018-09-21 15:10:00
2018,"RHO","strips",44,3528.499,1516,2018-09-25 11:10:00,2018-09-26 12:25:00
2018,"RHO","strips",46,131.975,151,2018-09-30 21:25:00,2018-09-30 23:55:00
2018,"RHO","strips",48,56.701,246,2018-10-01 15:20:00,2018-10-01 19:25:00
2018,"RHO","strips",50,231.64,96,2018-10-03 20:35:00,2018-10-03 22:10:00
2018,"RHO","strips",52,922.349,636,2018-10-05 17:15:00,2018-10-06 03:50:00
2018,"RHO","strips",54,6437.921,2091,2018-10-08 03:55:00,2018-10-09 14:45:00
2019,"RHO","strips",2,647.804,2111,2019-04-07 05:55:00,2019-04-08 17:05:00
2019,"RHO","strips",4,395.592,2726,2019-04-10 01:35:00,2019-04-11 23:00:00
2019,"RHO","strips",6,1.389,16,2019-04-17 16:30:00,2019-04-17 16:45:00
2019,"RHO","strips",8,0.789,26,2019-05-06 00:20:00,2019-05-06 00:45:00
2019,"RHO","strips",10,0.035,1,2019-05-08 03:50:00,2019-05-08 03:50:00
2019,"RHO","strips",12,0.216,31,2019-05-14 08:55:00,2019-05-14 09:25:00
2019,"RHO","strips",14,244.87,866,2019-05-17 04:25:00,2019-05-17 18:50:00
2019,"RHO","strips",16,2794.517,756,2019-05-18 17:00:00,2019-05-19 05:35:00
2019,"RHO","strips",18,3238.151,586,2019-05-21 13:40:00,2019-05-21 23:25:00
2019,"RHO","strips",20,7660.874,521,2019-05-24 02:25:00,2019-05-24 11:05:00
2019,"RHO","strips",22,11.434,41,2019-05-24 23:50:00,2019-05-25 00:30:00
2019,"RHO","strips",24,888.548,656,2019-05-28 15:35:00,2019-05-29 02:30:00
2019,"RHO","strips",26,0.454,6,2019-06-03 22:05:00,2019-06-03 22:10:00
2019,"RHO","strips",28,252.014,101,2019-06-05 06:55:00,2019-06-05 08:35:00
2019,"RHO","strips",30,0.035,1,2019-06-06 03:35:00,2019-06-06 03:35:00
2019,"RHO","strips",32,5592.628,3691,2019-06-21 07:55:00,2019-06-23 21:25:00
2019,"RHO","strips",34,309.166,1436,2019-06-24 19:15:00,2019-06-25 19:10:00
2019,"RHO","strips",36,4.156,136,2019-06-28 09:50:00,2019-06-28 12:05:00
2019,"RHO","strips",38,410.733,531,2019-07-02 19:20:00,2019-07-03 04:10:00
2019,"RHO","strips",40,27.424,991,2019-07-03 17:05:00,2019-07-04 09:35:00
2019,"RHO","strips",42,7.444,236,2019-07-17 11:30:00,2019-07-17 15:25:00
2019,"RHO","strips",44,268.188,281,2019-09-15 12:40:00,2019-09-15 17:20:00
2019,"RHO","strips",46,277.847,336,2019-09-22 01:20:00,2019-09-22 06:55:00
2019,"RHO","strips",48,196.23,1351,2019-09-27 14:15:00,2019-09-28 12:45:00
2019,"RHO","strips",50,3695.449,3586,2019-10-01 05:30:00,2019-10-03 17:15:00
2019,"RHO","strips",52,1554.822,1666,2019-10-05 06:10:00,2019-10-06 09:55:00
2019,"RHO","strips",54,464.757,2121,2019-10-09 21:20:00,2019-10-11 08:40:00
2019,"RHO","strips",56,361.224,2066,2019-10-21 01:25:00,2019-10-22 11:50:00
2020,"RHO","strips",2,3.992,761,2020-03-28 03:45:00,2020-03-28 16:25:00
2020,"RHO","strips",4,0.825,476,2020-05-13 16:40:00,2020-05-14 00:35:00
2020,"RHO","strips",6,365.834,51,2020-05-14 14:50:00,2020-05-14 15:40:00
2020,"RHO","strips",8,1325.837,196,2020-05-15 15:00:00,2020-05-15 18:15:00
2020,"RHO","strips",10,354.509,106,2020-05-17 03:15:00,2020-05-17 05:00:00
2020,"RHO","strips",12,427.156,7686,2020-05-23 04:15:00,2020-05-28 12:20:00
2020,"RHO","strips",14,366.205,1411,2020-06-03 05:25:00,2020-06-04 04:55:00
2020,"RHO","strips",16,802.885,1441,2020-06-05 05:30:00,2020-06-06 05:30:00
2020,"RHO","strips",18,1261.998,1731,2020-06-09 09:40:00,2020-06-10 14:30:00
2020,"RHO","strips",20,3.721,676,2020-06-19 17:35:00,2020-06-20 04:50:00
2020,"RHO","strips",22,4.14,71,2020-06-22 13:05:00,2020-06-22 14:15:00
2020,"RHO","strips",24,249.077,1436,2020-08-31 07:05:00,2020-09-01 07:00:00
2020,"RHO","strips",26,663.494,3986,2020-09-07 21:40:00,2020-09-10 16:05:00
2020,"RHO","strips",28,472.686,2671,2020-09-11 08:35:00,2020-09-13 05:05:00
2021,"RHO","strips",2,589.492,386,2021-05-15 12:55:00,2021-05-15 19:20:00
2021,"RHO","strips",4,0.181,11,2021-05-20 03:40:00,2021-05-20 03:50:00
2021,"RHO","strips",6,0.229,1,2021-05-21 00:20:00,2021-05-21 00:20:00
2021,"RHO","strips",8,0.427,6,2021-08-21 01:00:00,2021-08-21 01:05:00
2021,"RHO","strips",10,0.291,1,2021-08-31 00:05:00,2021-08-31 00:05:00
2016,"WHI","control",2,29.712,361,2016-07-07 04:10:00,2016-07-07 10:10:00
2016,"WHI","control",4,34.355,571,2016-07-11 23:35:00,2016-07-12 09:05:00
2016,"WHI","control",6,36.144,1131,2016-07-13 22:00:00,2016-07-14 16:50:00
2016,"WHI","control",8,1501.864,3901,2016-07-17 16:55:00,2016-07-20 09:55:00
2016,"WHI","control",10,1383.846,2886,2016-08-01 05:55:00,2016-08-03 06:00:00
2016,"WHI","control",12,669.637,1761,2016-08-11 17:35:00,2016-08-12 22:55:00
2016,"WHI","control",14,43.681,1011,2016-09-09 16:15:00,2016-09-10 09:05:00
2016,"WHI","control",16,109.655,1806,2016-09-15 21:40:00,2016-09-17 03:45:00
2016,"WHI","control",18,8031.466,2201,2016-09-24 17:30:00,2016-09-26 06:10:00
2016,"WHI","control",20,492.659,1596,2016-10-04 20:40:00,2016-10-05 23:15:00
2016,"WHI","control",22,161.896,1841,2016-10-06 14:45:00,2016-10-07 21:25:00
2017,"WHI","control",2,9050.414,1436,2017-06-30 20:30:00,2017-07-01 20:25:00
2017,"WHI","control",4,21259.113,3356,2017-07-02 10:10:00,2017-07-04 18:05:00
2017,"WHI","control",6,1374.624,1441,2017-07-11 02:50:00,2017-07-12 02:50:00
2017,"WHI","control",8,6237.239,1146,2017-07-12 15:35:00,2017-07-13 10:40:00
2017,"WHI","control",10,2748.722,2336,2017-07-18 10:20:00,2017-07-20 01:15:00
2017,"WHI","control",12,17242.745,2671,2017-07-20 19:55:00,2017-07-22 16:25:00
2017,"WHI","control",14,5578.862,1496,2017-07-26 07:10:00,2017-07-27 08:05:00
2017,"WHI","control",16,4806.839,1521,2017-08-03 05:30:00,2017-08-04 06:50:00
2018,"WHI","control",2,50.964,41,2018-05-03 19:50:00,2018-05-03 20:30:00
2018,"WHI","control",4,4992.789,191,2018-06-19 08:45:00,2018-06-19 11:55:00
2018,"WHI","control",6,15533.897,2721,2018-06-20 17:20:00,2018-06-22 14:40:00
2018,"WHI","control",8,17555.539,1496,2018-06-24 15:50:00,2018-06-25 16:45:00
2018,"WHI","control",10,2860.777,676,2018-06-26 20:55:00,2018-06-27 08:10:00
2018,"WHI","control",12,15888.063,1876,2018-06-30 20:20:00,2018-07-02 03:35:00
2018,"WHI","control",14,15510.971,1476,2018-07-04 23:05:00,2018-07-05 23:40:00
2018,"WHI","control",16,3971.241,1721,2018-07-13 16:50:00,2018-07-14 21:30:00
2018,"WHI","control",18,3113.856,2346,2018-08-15 17:30:00,2018-08-17 08:35:00
2018,"WHI","control",20,16843.681,2201,2018-08-20 00:00:00,2018-08-21 12:40:00
2018,"WHI","control",22,7309.405,1436,2018-08-24 00:30:00,2018-08-25 00:25:00
2018,"WHI","control",24,2527.04,396,2018-08-27 02:05:00,2018-08-27 08:40:00
2018,"WHI","control",26,68.743,281,2018-08-27 21:25:00,2018-08-28 02:05:00
2018,"WHI","control",28,8892.101,1096,2018-08-28 15:20:00,2018-08-29 09:35:00
2018,"WHI","control",30,28449.563,7326,2018-09-01 07:30:00,2018-09-06 09:35:00
2018,"WHI","control",32,2448.571,1231,2018-09-18 14:30:00,2018-09-19 11:00:00
2018,"WHI","control",34,6704.479,1666,2018-09-20 20:35:00,2018-09-22 00:20:00
2018,"WHI","control",36,10224.331,1541,2018-09-25 09:15:00,2018-09-26 10:55:00
2018,"WHI","control",38,11937.446,91,2018-10-01 11:00:00,2018-10-01 12:30:00
2018,"WHI","control",40,3457.227,156,2018-10-08 18:10:00,2018-10-08 20:45:00
2018,"WHI","control",42,13306.934,656,2018-10-09 12:55:00,2018-10-09 23:50:00
2019,"WHI","control",2,237.448,6241,2019-05-24 02:00:00,2019-05-28 10:00:00
2019,"WHI","control",4,4483.814,111,2019-08-20 04:05:00,2019-08-20 05:55:00
2019,"WHI","control",6,15.823,101,2019-08-22 05:45:00,2019-08-22 07:25:00
2019,"WHI","control",8,10569.938,1346,2019-10-09 20:05:00,2019-10-10 18:30:00
2016,"WHI","strips",2,1893.7,496,2016-07-12 00:55:00,2016-07-12 09:10:00
2016,"WHI","strips",4,1388.416,321,2016-07-14 02:10:00,2016-07-14 07:30:00
2016,"WHI","strips",6,1898.804,1156,2016-09-09 23:35:00,2016-09-10 18:50:00
2016,"WHI","strips",8,1356.803,1556,2016-09-13 01:25:00,2016-09-14 03:20:00
2016,"WHI","strips",10,1527.916,1246,2016-09-16 07:00:00,2016-09-17 03:45:00
2016,"WHI","strips",12,3113.629,1346,2016-09-25 07:45:00,2016-09-26 06:10:00
2016,"WHI","strips",14,3242.136,1281,2016-10-05 01:55:00,2016-10-05 23:15:00
2016,"WHI","strips",16,4499.093,1461,2016-10-06 21:05:00,2016-10-07 21:25:00
2017,"WHI","strips",2,1482.882,761,2017-04-30 15:50:00,2017-05-01 04:30:00
2017,"WHI","strips",4,28.769,81,2017-05-19 02:35:00,2017-05-19 03:55:00
2017,"WHI","strips",6,291.746,621,2017-05-20 00:45:00,2017-05-20 11:05:00
2017,"WHI","strips",8,4014.714,531,2017-08-03 22:00:00,2017-08-04 06:50:00
2017,"WHI","strips",10,788.535,111,2017-09-17 06:40:00,2017-09-17 08:30:00
2017,"WHI","strips",12,371.732,56,2017-09-17 22:45:00,2017-09-17 23:40:00
2017,"WHI","strips",14,1495.678,331,2017-10-04 02:45:00,2017-10-04 08:15:00
2017,"WHI","strips",16,155.209,26,2017-10-08 08:00:00,2017-10-08 08:25:00
2017,"WHI","strips",18,11213.478,1726,2017-10-10 04:35:00,2017-10-11 09:20:00
2018,"WHI","strips",2,3958.067,576,2018-05-03 11:45:00,2018-05-03 21:20:00
2018,"WHI","strips",4,27.988,1111,2018-05-29 19:00:00,2018-05-30 13:30:00
2018,"WHI","strips",6,20.953,541,2018-06-02 04:55:00,2018-06-02 13:55:00
2018,"WHI","strips",8,23983.284,856,2018-06-19 06:05:00,2018-06-19 20:20:00
2018,"WHI","strips",10,49.811,26,2018-06-20 14:10:00,2018-06-20 14:35:00
2018,"WHI","strips",12,17500.742,321,2018-06-24 15:50:00,2018-06-24 21:10:00
2018,"WHI","strips",14,3605.013,476,2018-06-30 21:00:00,2018-07-01 04:55:00
2018,"WHI","strips",16,2557.92,61,2018-07-04 23:35:00,2018-07-05 00:35:00
2018,"WHI","strips",18,1173.609,81,2018-09-25 09:55:00,2018-09-25 11:15:00
2018,"WHI","strips",20,22808.552,111,2018-10-01 11:05:00,2018-10-01 12:55:00
2018,"WHI","strips",22,9464.307,871,2018-10-08 06:25:00,2018-10-08 20:55:00
2018,"WHI","strips",24,12523.72,656,2018-10-09 09:10:00,2018-10-09 20:05:00
2019,"WHI","strips",2,760.283,9001,2019-05-22 03:00:00,2019-05-28 09:00:00
2019,"WHI","strips",4,0.602,3481,2019-06-19 01:00:00,2019-06-21 11:00:00
2019,"WHI","strips",6,323.308,1461,2019-07-20 18:05:00,2019-07-21 18:25:00
2019,"WHI","strips",8,13551.214,106,2019-08-20 04:05:00,2019-08-20 05:50:00
2019,"WHI","strips",10,1150.074,271,2019-10-01 20:00:00,2019-10-02 00:30:00
2019,"WHI","strips",12,22.368,31,2019-10-02 14:00:00,2019-10-02 14:30:00
2019,"WHI","strips",14,587.591,86,2019-10-05 09:10:00,2019-10-05 10:35:00
2019,"WHI","strips",16,31719.929,1291,2019-10-09 20:00:00,2019-10-10 17:30:00
2020,"WHI","strips",2,289.362,1436,2020-05-16 22:55:00,2020-05-17 22:50:00
2020,"WHI","strips",4,10585.428,6471,2020-05-23 07:40:00,2020-05-27 19:30:00
2016,"WOR","control",2,220.6,1486,2016-03-15 06:20:00,2016-03-16 07:05:00
2016,"WOR","control",4,2.461,286,2016-03-30 21:50:00,2016-03-31 02:35:00
2016,"WOR","control",6,400.326,741,2016-04-01 00:05:00,2016-04-01 12:25:00
2016,"WOR","control",8,0.981,41,2016-04-21 12:05:00,2016-04-21 12:45:00
2016,"WOR","control",10,155.277,386,2016-08-11 03:35:00,2016-08-11 10:00:00
2016,"WOR","control",12,0.07,31,2016-08-13 01:10:00,2016-08-13 01:40:00
2016,"WOR","control",14,11.557,836,2016-08-19 19:25:00,2016-08-20 09:20:00
2016,"WOR","control",16,105.029,1246,2016-08-29 17:10:00,2016-08-30 13:55:00
2016,"WOR","control",18,470.253,1091,2016-09-07 19:35:00,2016-09-08 13:45:00
2016,"WOR","control",20,67.393,1106,2016-09-09 15:25:00,2016-09-10 09:50:00
2016,"WOR","control",22,135.678,1566,2016-09-16 02:15:00,2016-09-17 04:20:00
2016,"WOR","control",24,21759.852,1966,2016-09-22 22:15:00,2016-09-24 07:00:00
2016,"WOR","control",26,653.72,511,2016-09-24 19:40:00,2016-09-25 04:10:00
2017,"WOR","control",2,585.056,1921,2017-03-29 14:10:00,2017-03-30 22:10:00
2017,"WOR","control",4,71.907,146,2017-04-03 10:25:00,2017-04-03 12:50:00
2017,"WOR","control",6,686.241,1976,2017-04-30 19:50:00,2017-05-02 04:45:00
2017,"WOR","control",8,0.07,6,2017-05-19 12:40:00,2017-05-19 12:45:00
2017,"WOR","control",10,636.395,491,2017-08-03 23:30:00,2017-08-04 07:40:00
2017,"WOR","control",12,1601.099,1511,2017-08-14 05:15:00,2017-08-15 06:25:00
2017,"WOR","control",14,1537.275,1436,2017-08-16 16:05:00,2017-08-17 16:00:00
2017,"WOR","control",16,2137.816,2196,2017-08-20 06:00:00,2017-08-21 18:35:00
2017,"WOR","control",18,7.86,396,2017-08-22 11:25:00,2017-08-22 18:00:00
2017,"WOR","control",20,0.088,41,2017-10-15 01:25:00,2017-10-15 02:05:00
2018,"WOR","control",2,5566.28,831,2018-05-03 12:30:00,2018-05-04 02:20:00
2018,"WOR","control",6,0.292,16,2018-08-27 04:30:00,2018-08-27 04:45:00
2018,"WOR","control",8,41.723,886,2018-08-28 13:30:00,2018-08-29 04:15:00
2018,"WOR","control",10,27778.088,4746,2018-08-31 06:35:00,2018-09-03 13:40:00
2018,"WOR","control",12,8322.151,1836,2018-09-04 18:10:00,2018-09-06 00:45:00
2018,"WOR","control",14,8580.907,136,2018-09-25 11:05:00,2018-09-25 13:20:00
2018,"WOR","control",16,17517.722,621,2018-10-01 11:10:00,2018-10-01 21:30:00
2019,"WOR","control",2,651.397,1401,2019-04-07 16:20:00,2019-04-08 15:40:00
2019,"WOR","control",4,23770.585,546,2019-05-24 00:00:00,2019-05-24 09:05:00
2019,"WOR","control",6,15.857,256,2019-05-27 07:15:00,2019-05-27 11:30:00
2019,"WOR","control",8,42.784,1831,2019-05-28 08:30:00,2019-05-29 15:00:00
2019,"WOR","control",10,1169.809,486,2019-06-21 07:45:00,2019-06-21 15:50:00
2019,"WOR","control",12,0.638,51,2019-06-22 10:20:00,2019-06-22 11:10:00
2019,"WOR","control",14,5.412,546,2019-06-23 01:30:00,2019-06-23 10:35:00
2019,"WOR","control",16,6841.219,2421,2019-07-02 18:45:00,2019-07-04 11:05:00
2019,"WOR","control",18,44.247,836,2019-07-28 23:35:00,2019-07-29 13:30:00
2019,"WOR","control",20,3.039,331,2019-08-12 06:30:00,2019-08-12 12:00:00
2019,"WOR","control",22,3.981,901,2019-09-08 02:50:00,2019-09-08 17:50:00
2019,"WOR","control",24,1.486,121,2019-09-10 07:00:00,2019-09-10 09:00:00
2019,"WOR","control",26,127.207,2326,2019-09-11 22:35:00,2019-09-13 13:20:00
2019,"WOR","control",28,23.833,171,2019-09-14 17:40:00,2019-09-14 20:30:00
2019,"WOR","control",30,628.062,2501,2019-09-21 17:15:00,2019-09-23 10:55:00
2019,"WOR","control",32,9.595,826,2019-09-29 11:30:00,2019-09-30 01:15:00
2019,"WOR","control",34,33.79,1246,2019-10-01 18:50:00,2019-10-02 15:35:00
2019,"WOR","control",36,6.618,11,2019-10-21 06:40:00,2019-10-21 06:50:00
2020,"WOR","control",2,3.369,306,2020-05-28 03:55:00,2020-05-28 09:00:00
2020,"WOR","control",4,327.488,2096,2020-07-14 19:15:00,2020-07-16 06:10:00
2020,"WOR","control",6,133.76,941,2020-07-29 19:50:00,2020-07-30 11:30:00
2020,"WOR","control",8,109,1311,2020-08-10 11:25:00,2020-08-11 09:15:00
2020,"WOR","control",10,14.125,511,2020-08-15 00:05:00,2020-08-15 08:35:00
2021,"WOR","control",2,5.191,491,2021-08-31 01:50:00,2021-08-31 10:00:00
2021,"WOR","control",4,0.651,51,2021-09-03 05:10:00,2021-09-03 06:00:00
2016,"WOR","strips",2,0.971,16,2016-03-15 06:20:00,2016-03-15 06:35:00
2016,"WOR","strips",4,316.77,2446,2016-03-30 19:35:00,2016-04-01 12:20:00
2016,"WOR","strips",6,2.573,836,2016-04-27 07:35:00,2016-04-27 21:30:00
2016,"WOR","strips",8,35.034,1756,2016-04-30 10:20:00,2016-05-01 15:35:00
2016,"WOR","strips",10,181.624,1441,2016-05-09 07:55:00,2016-05-10 07:55:00
2016,"WOR","strips",12,69.666,1326,2016-05-11 10:40:00,2016-05-12 08:45:00
2016,"WOR","strips",14,29.601,521,2016-05-13 13:25:00,2016-05-13 22:05:00
2016,"WOR","strips",16,99.746,441,2016-05-24 02:20:00,2016-05-24 09:40:00
2016,"WOR","strips",18,98.035,556,2016-05-25 01:45:00,2016-05-25 11:00:00
2016,"WOR","strips",20,995.239,5046,2016-05-26 00:30:00,2016-05-29 12:35:00
2016,"WOR","strips",22,2697.468,22461,2016-05-30 20:35:00,2016-06-15 10:55:00
2016,"WOR","strips",24,26.91,286,2016-06-22 08:05:00,2016-06-22 12:50:00
2016,"WOR","strips",26,356.48,431,2016-06-26 03:25:00,2016-06-26 10:35:00
2016,"WOR","strips",28,113.402,281,2016-06-26 22:40:00,2016-06-27 03:20:00
2016,"WOR","strips",30,226.191,431,2016-07-06 06:30:00,2016-07-06 13:40:00
2016,"WOR","strips",32,706.399,1441,2016-07-07 04:00:00,2016-07-08 04:00:00
2016,"WOR","strips",34,313.167,1416,2016-07-10 09:45:00,2016-07-11 09:20:00
2016,"WOR","strips",36,473.931,511,2016-07-12 01:45:00,2016-07-12 10:15:00
2016,"WOR","strips",38,452.47,466,2016-07-17 05:45:00,2016-07-17 13:30:00
2016,"WOR","strips",40,4.618,1,2016-07-18 06:50:00,2016-07-18 06:50:00
2016,"WOR","strips",42,4.843,1,2016-07-19 18:05:00,2016-07-19 18:05:00
2016,"WOR","strips",44,208.032,101,2016-07-20 10:20:00,2016-07-20 12:00:00
2016,"WOR","strips",46,286.859,1941,2016-08-19 13:25:00,2016-08-20 21:45:00
2016,"WOR","strips",48,273.653,1436,2016-08-26 21:15:00,2016-08-27 21:10:00
2016,"WOR","strips",50,95.56,666,2016-08-29 17:00:00,2016-08-30 04:05:00
2016,"WOR","strips",52,82.638,766,2016-09-07 15:05:00,2016-09-08 03:50:00
2016,"WOR","strips",54,108.571,1091,2016-09-09 15:20:00,2016-09-10 09:30:00
2016,"WOR","strips",56,119.933,1901,2016-09-15 20:40:00,2016-09-17 04:20:00
2016,"WOR","strips",58,34854.789,2306,2016-09-22 05:35:00,2016-09-23 20:00:00
2016,"WOR","strips",60,6.947,521,2016-09-24 19:30:00,2016-09-25 04:10:00
2016,"WOR","strips",62,81.819,276,2016-10-16 14:05:00,2016-10-16 18:40:00
2016,"WOR","strips",64,15.604,441,2016-10-26 01:20:00,2016-10-26 08:40:00
2017,"WOR","strips",2,32.169,1721,2017-03-29 11:10:00,2017-03-30 15:50:00
2017,"WOR","strips",4,40.724,1451,2017-04-03 10:25:00,2017-04-04 10:35:00
2017,"WOR","strips",6,286.422,2001,2017-04-14 16:15:00,2017-04-16 01:35:00
2017,"WOR","strips",8,474.937,3361,2017-04-18 10:30:00,2017-04-20 18:30:00
2017,"WOR","strips",10,145.466,1311,2017-04-28 13:45:00,2017-04-29 11:35:00
2017,"WOR","strips",12,544.68,2571,2017-04-30 09:55:00,2017-05-02 04:45:00
2017,"WOR","strips",14,411.633,1896,2017-05-10 05:15:00,2017-05-11 12:50:00
2017,"WOR","strips",16,614.659,5751,2017-05-16 21:50:00,2017-05-20 21:40:00
2017,"WOR","strips",18,0.282,6,2017-05-22 22:25:00,2017-05-22 22:30:00
2017,"WOR","strips",20,5.93,336,2017-05-23 12:40:00,2017-05-23 18:15:00
2017,"WOR","strips",22,6.816,171,2017-05-24 11:20:00,2017-05-24 14:10:00
2017,"WOR","strips",24,42.018,496,2017-05-27 12:20:00,2017-05-27 20:35:00
2017,"WOR","strips",26,11.976,241,2017-05-28 09:05:00,2017-05-28 13:05:00
2017,"WOR","strips",28,5.032,506,2017-06-14 04:00:00,2017-06-14 12:25:00
2017,"WOR","strips",30,52.654,1441,2017-06-16 21:45:00,2017-06-17 21:45:00
2017,"WOR","strips",32,93.239,526,2017-06-28 03:55:00,2017-06-28 12:40:00
2017,"WOR","strips",34,8.713,326,2017-07-20 21:45:00,2017-07-21 03:10:00
2017,"WOR","strips",36,159.187,2421,2017-08-01 22:35:00,2017-08-03 14:55:00
2017,"WOR","strips",38,177.564,1451,2017-08-14 05:40:00,2017-08-15 05:50:00
2017,"WOR","strips",40,166.964,506,2017-08-16 16:05:00,2017-08-17 00:30:00
2017,"WOR","strips",42,592.762,2621,2017-08-20 06:45:00,2017-08-22 02:25:00
2018,"WOR","strips",2,16.691,36,2018-05-02 04:35:00,2018-05-02 05:10:00
2018,"WOR","strips",4,69.227,266,2018-05-04 03:30:00,2018-05-04 07:55:00
2018,"WOR","strips",6,382.998,716,2018-05-10 08:25:00,2018-05-10 20:20:00
2018,"WOR","strips",8,500.603,1861,2018-08-16 12:00:00,2018-08-17 19:00:00
2018,"WOR","strips",10,139.048,586,2018-08-27 04:15:00,2018-08-27 14:00:00
2018,"WOR","strips",12,1.016,6,2018-08-28 16:35:00,2018-08-28 16:40:00
2018,"WOR","strips",14,38.847,471,2018-08-31 06:30:00,2018-08-31 14:20:00
2018,"WOR","strips",16,1.381,11,2018-09-01 05:15:00,2018-09-01 05:25:00
2018,"WOR","strips",18,40030.336,831,2018-09-01 23:20:00,2018-09-02 13:10:00
2018,"WOR","strips",20,79.611,1141,2018-09-03 07:05:00,2018-09-04 02:05:00
2018,"WOR","strips",22,6386.101,206,2018-09-04 18:10:00,2018-09-04 21:35:00
2018,"WOR","strips",24,1201.873,461,2018-09-05 09:40:00,2018-09-05 17:20:00
2018,"WOR","strips",26,303.037,4026,2018-09-18 15:15:00,2018-09-21 10:20:00
2018,"WOR","strips",28,8615.366,226,2018-09-25 10:40:00,2018-09-25 14:25:00
2018,"WOR","strips",30,53.919,686,2018-09-29 16:35:00,2018-09-30 04:00:00
2018,"WOR","strips",32,21482.993,856,2018-10-01 07:30:00,2018-10-01 21:45:00
2018,"WOR","strips",34,551.793,3051,2018-10-06 10:55:00,2018-10-08 13:45:00
2019,"WOR","strips",2,331.648,1456,2019-04-07 16:10:00,2019-04-08 16:25:00
2019,"WOR","strips",4,26.376,371,2019-04-30 15:35:00,2019-04-30 21:45:00
2019,"WOR","strips",6,27.694,456,2019-05-01 11:40:00,2019-05-01 19:15:00
2019,"WOR","strips",8,89.608,821,2019-05-08 07:40:00,2019-05-08 21:20:00
2019,"WOR","strips",10,43.327,521,2019-05-14 08:10:00,2019-05-14 16:50:00
2019,"WOR","strips",12,184.262,61,2019-05-21 15:05:00,2019-05-21 16:05:00
2019,"WOR","strips",14,34544.681,986,2019-05-23 23:55:00,2019-05-24 16:20:00
2019,"WOR","strips",16,0.505,106,2019-05-27 07:10:00,2019-05-27 08:55:00
2019,"WOR","strips",18,80.677,2016,2019-05-28 07:35:00,2019-05-29 17:10:00
2019,"WOR","strips",20,78.441,1501,2019-06-15 17:00:00,2019-06-16 18:00:00
2019,"WOR","strips",22,5039.6,556,2019-06-21 06:20:00,2019-06-21 15:35:00
2019,"WOR","strips",24,13.717,1121,2019-06-22 23:45:00,2019-06-23 18:25:00
2019,"WOR","strips",26,0.181,16,2019-06-24 18:35:00,2019-06-24 18:50:00
2019,"WOR","strips",28,15.558,161,2019-06-25 10:20:00,2019-06-25 13:00:00
2019,"WOR","strips",30,14950.446,741,2019-07-03 05:10:00,2019-07-03 17:30:00
2019,"WOR","strips",32,0.054,1,2019-07-05 13:00:00,2019-07-05 13:00:00
2019,"WOR","strips",34,2.503,336,2019-08-10 07:50:00,2019-08-10 13:25:00
2019,"WOR","strips",36,8.513,276,2019-08-12 14:05:00,2019-08-12 18:40:00
2019,"WOR","strips",38,21.776,756,2019-08-18 02:50:00,2019-08-18 15:25:00
2019,"WOR","strips",40,15.588,716,2019-08-20 05:00:00,2019-08-20 16:55:00
2019,"WOR","strips",42,115.627,756,2019-08-29 07:00:00,2019-08-29 19:35:00
2019,"WOR","strips",44,210.432,3886,2019-09-08 02:35:00,2019-09-10 19:20:00
2019,"WOR","strips",46,57.029,616,2019-09-11 07:55:00,2019-09-11 18:10:00
2019,"WOR","strips",48,5.479,196,2019-09-12 17:05:00,2019-09-12 20:20:00
2019,"WOR","strips",50,8.762,161,2019-09-14 17:40:00,2019-09-14 20:20:00
2019,"WOR","strips",52,3.938,166,2019-09-18 12:10:00,2019-09-18 14:55:00
2019,"WOR","strips",54,10.962,291,2019-09-19 14:35:00,2019-09-19 19:25:00
2019,"WOR","strips",56,79.044,1666,2019-09-21 17:15:00,2019-09-22 21:00:00
2019,"WOR","strips",58,0.07,6,2019-09-23 10:50:00,2019-09-23 10:55:00
2019,"WOR","strips",60,0.447,26,2019-10-09 20:55:00,2019-10-09 21:20:00
2019,"WOR","strips",62,2.135,16,2019-10-10 12:50:00,2019-10-10 13:05:00
2019,"WOR","strips",64,1095.795,1161,2019-10-21 00:55:00,2019-10-21 20:15:00
2020,"WOR","strips",2,2.222,61,2020-03-28 15:45:00,2020-03-28 16:45:00
2020,"WOR","strips",4,0.261,6,2020-04-22 18:55:00,2020-04-22 19:00:00
2020,"WOR","strips",6,278.536,61,2020-05-25 19:05:00,2020-05-25 20:05:00
2020,"WOR","strips",8,42.051,56,2020-05-26 16:35:00,2020-05-26 17:30:00
2020,"WOR","strips",10,0.427,16,2020-07-11 18:30:00,2020-07-11 18:45:00
2020,"WOR","strips",12,104.987,1616,2020-07-14 18:50:00,2020-07-15 21:45:00
2020,"WOR","strips",14,1.86,816,2020-07-21 20:25:00,2020-07-22 10:00:00
2020,"WOR","strips",16,17.427,1001,2020-07-29 19:45:00,2020-07-30 12:25:00
2020,"WOR","strips",18,6.717,201,2020-08-06 16:15:00,2020-08-06 19:35:00
2020,"WOR","strips",20,1.525,91,2020-08-07 08:05:00,2020-08-07 09:35:00
2020,"WOR","strips",22,14.38,236,2020-08-10 11:05:00,2020-08-10 15:00:00
2020,"WOR","strips",24,1.653,96,2020-08-11 08:20:00,2020-08-11 09:55:00
2020,"WOR","strips",26,0.904,6,2020-08-14 23:50:00,2020-08-14 23:55:00
2020,"WOR","strips",28,0.092,1,2020-08-22 09:10:00,2020-08-22 09:10:00
2020,"WOR","strips",30,22.212,381,2020-08-31 06:20:00,2020-08-31 12:40:00
2020,"WOR","strips",32,80.075,1441,2020-09-01 11:35:00,2020-09-02 11:35:00
2020,"WOR","strips",34,680.49,6166,2020-09-08 15:40:00,2020-09-12 22:25:00
2021,"WOR","strips",2,1321.033,4941,2021-05-18 12:05:00,2021-05-21 22:25:00
2021,"WOR","strips",4,3.369,6,2021-09-21 11:35:00,2021-09-21 11:40:00
