"","date","SiteID","Treatment","Year","sampleID"
"1",2016-04-27 16:39:00,"ARM","control",2016,"1001"
"2",2016-04-30 09:27:00,"ARM","control",2016,"1001"
"3",2016-05-09 03:36:00,"ARM","control",2016,"1006"
"4",2016-05-09 07:59:00,"ARM","control",2016,"1006"
"5",2016-05-09 22:21:00,"ARM","control",2016,"1006"
"6",2016-05-10 12:04:00,"ARM","control",2016,"1006"
"7",2016-05-10 13:04:00,"ARM","control",2016,"1006"
"8",2016-05-10 13:19:00,"ARM","control",2016,"1006"
"9",2016-05-10 16:58:00,"ARM","control",2016,"1006"
"10",2016-05-11 08:12:00,"ARM","control",2016,"1006"
"11",2016-05-11 10:18:00,"ARM","control",2016,"1006"
"12",2016-05-19 13:11:00,"ARM","control",2016,"1008"
"13",2016-05-20 16:28:00,"ARM","control",2016,"1008"
"14",2016-05-21 16:12:00,"ARM","control",2016,"1008"
"15",2016-05-26 02:14:00,"ARM","control",2016,"1008"
"16",2016-05-26 11:09:00,"ARM","control",2016,"1008"
"17",2016-05-26 12:17:00,"ARM","control",2016,"1008"
"18",2016-05-26 13:14:00,"ARM","control",2016,"1008"
"19",2016-05-26 13:47:00,"ARM","control",2016,"1008"
"20",2016-05-26 14:33:00,"ARM","control",2016,"1008"
"21",2016-05-26 16:04:00,"ARM","control",2016,"1008"
"22",2016-05-26 16:23:00,"ARM","control",2016,"1008"
"23",2016-05-26 16:34:00,"ARM","control",2016,"1008"
"24",2016-05-26 16:53:00,"ARM","control",2016,"1008"
"25",2016-05-27 13:28:00,"ARM","control",2016,"1008"
"26",2016-05-27 14:12:00,"ARM","control",2016,"1008"
"27",2016-05-27 14:44:00,"ARM","control",2016,"1008"
"28",2016-05-28 11:39:00,"ARM","control",2016,"1008"
"29",2016-05-28 12:13:00,"ARM","control",2016,"1008"
"30",2016-05-28 12:34:00,"ARM","control",2016,"1008"
"31",2016-05-28 12:52:00,"ARM","control",2016,"1008"
"32",2016-05-28 13:26:00,"ARM","control",2016,"1008"
"33",2016-05-29 11:36:00,"ARM","control",2016,"1008"
"34",2016-05-29 11:49:00,"ARM","control",2016,"1008"
"35",2016-05-29 11:56:00,"ARM","control",2016,"1008"
"36",2016-05-29 12:01:00,"ARM","control",2016,"1008"
"37",2016-05-29 12:04:00,"ARM","control",2016,"1008"
"38",2016-05-29 12:09:00,"ARM","control",2016,"1008"
"39",2016-05-29 12:16:00,"ARM","control",2016,"1008"
"40",2016-05-29 12:21:00,"ARM","control",2016,"1008"
"41",2016-05-29 12:27:00,"ARM","control",2016,"1008"
"42",2016-05-29 12:34:00,"ARM","control",2016,"1008"
"43",2016-05-29 12:42:00,"ARM","control",2016,"1008"
"44",2016-05-29 12:49:00,"ARM","control",2016,"1008"
"45",2016-05-29 12:59:00,"ARM","control",2016,"1008"
"46",2016-05-29 13:07:00,"ARM","control",2016,"1008"
"47",2016-05-29 13:21:00,"ARM","control",2016,"1008"
"48",2016-07-18 03:27:00,"ARM","control",2016,"1016"
"49",2016-07-18 05:52:00,"ARM","control",2016,"1016"
"50",2016-09-16 02:11:00,"ARM","control",2016,"1034"
"51",2017-05-10 10:48:00,"ARM","control",2017,"2007"
"52",2017-05-16 21:26:00,"ARM","control",2017,"2011"
"53",2017-05-16 22:16:00,"ARM","control",2017,"2011"
"54",2017-05-17 00:01:00,"ARM","control",2017,"2011"
"55",2017-05-17 15:33:00,"ARM","control",2017,"2012"
"56",2017-05-18 23:19:00,"ARM","control",2017,"2014"
"57",2017-05-19 03:02:00,"ARM","control",2017,"2014"
"58",2017-05-19 21:51:00,"ARM","control",2017,"2014"
"59",2017-05-20 06:18:00,"ARM","control",2017,"2014"
"60",2017-05-20 06:37:00,"ARM","control",2017,"2014"
"61",2017-06-14 08:09:00,"ARM","control",2017,"2020"
"62",2017-06-14 08:44:00,"ARM","control",2017,"2020"
"63",2017-06-16 20:54:00,"ARM","control",2017,"2022"
"64",2017-06-16 21:08:00,"ARM","control",2017,"2022"
"65",2017-06-16 21:15:00,"ARM","control",2017,"2022"
"66",2017-06-16 21:22:00,"ARM","control",2017,"2022"
"67",2017-06-16 21:37:00,"ARM","control",2017,"2022"
"68",2018-09-02 05:31:00,"ARM","control",2018,"3046"
"69",2018-09-04 15:17:00,"ARM","control",2018,"3047"
"70",2018-09-05 02:31:00,"ARM","control",2018,"3048"
"71",2018-09-05 07:27:00,"ARM","control",2018,"3048"
"72",2018-10-08 17:21:00,"ARM","control",2018,"3075"
"73",2018-10-08 19:22:00,"ARM","control",2018,"3075"
"74",2019-05-24 01:21:00,"ARM","control",2019,"4013"
"75",2019-05-28 06:06:00,"ARM","control",2019,"4017"
"76",2019-07-16 06:43:00,"ARM","control",2019,"4043"
"77",2019-09-21 22:42:00,"ARM","control",2019,"4051"
"78",2019-09-22 09:22:00,"ARM","control",2019,"4051"
"79",2019-09-24 22:51:00,"ARM","control",2019,"4053"
"80",2019-10-01 17:31:00,"ARM","control",2019,"4056"
"81",2019-10-01 22:10:00,"ARM","control",2019,"4056"
"82",2019-10-05 08:12:00,"ARM","control",2019,"4063"
"83",2019-10-10 04:27:00,"ARM","control",2019,"4065"
"84",2019-10-10 07:09:00,"ARM","control",2019,"4065"
"85",2016-04-30 09:32:00,"ARM","strips",2016,"1000"
"86",2016-04-30 09:36:00,"ARM","strips",2016,"1000"
"87",2016-05-26 19:17:00,"ARM","strips",2016,"1007"
"88",2016-05-26 21:39:00,"ARM","strips",2016,"1007"
"89",2017-05-20 09:31:00,"ARM","strips",2017,"2015"
"90",2017-06-16 21:16:00,"ARM","strips",2017,"2021"
"91",2019-05-28 06:22:00,"ARM","strips",2019,"4016"
"92",2019-05-28 08:42:00,"ARM","strips",2019,"4016"
"93",2016-06-22 01:57:00,"EIA","control",2016,"1011"
"94",2016-06-22 02:20:00,"EIA","control",2016,"1011"
"95",2016-06-22 02:26:00,"EIA","control",2016,"1011"
"96",2016-06-22 02:32:00,"EIA","control",2016,"1011"
"97",2016-06-22 02:37:00,"EIA","control",2016,"1011"
"98",2016-06-22 02:42:00,"EIA","control",2016,"1011"
"99",2016-06-22 02:47:00,"EIA","control",2016,"1011"
"100",2016-06-22 02:53:00,"EIA","control",2016,"1011"
"101",2016-06-22 02:59:00,"EIA","control",2016,"1011"
"102",2016-06-22 03:07:00,"EIA","control",2016,"1011"
"103",2016-06-22 03:18:00,"EIA","control",2016,"1011"
"104",2016-06-22 03:27:00,"EIA","control",2016,"1011"
"105",2016-06-22 03:33:00,"EIA","control",2016,"1011"
"106",2016-06-22 04:22:00,"EIA","control",2016,"1011"
"107",2016-06-22 04:40:00,"EIA","control",2016,"1011"
"108",2016-06-22 05:23:00,"EIA","control",2016,"1011"
"109",2016-06-22 06:00:00,"EIA","control",2016,"1011"
"110",2016-06-22 09:22:00,"EIA","control",2016,"1011"
"111",2016-06-22 11:52:00,"EIA","control",2016,"1011"
"112",2016-08-11 20:18:00,"EIA","control",2016,"1020"
"113",2016-08-11 22:51:00,"EIA","control",2016,"1020"
"114",2016-08-12 01:22:00,"EIA","control",2016,"1020"
"115",2016-08-12 03:53:00,"EIA","control",2016,"1020"
"116",2016-09-08 01:34:00,"EIA","control",2016,"1024"
"117",2016-09-08 02:40:00,"EIA","control",2016,"1024"
"118",2016-09-16 00:02:00,"EIA","control",2016,"1027"
"119",2016-09-23 03:41:00,"EIA","control",2016,"1032"
"120",2016-09-23 09:16:00,"EIA","control",2016,"1032"
"121",2018-06-09 23:02:00,"EIA","control",2018,"3012"
"122",2018-06-10 03:00:00,"EIA","control",2018,"3012"
"123",2018-06-19 11:11:00,"EIA","control",2018,"3020"
"124",2018-06-19 11:21:00,"EIA","control",2018,"3020"
"125",2018-06-21 11:31:00,"EIA","control",2018,"3026"
"126",2018-06-21 17:55:00,"EIA","control",2018,"3026"
"127",2018-09-03 05:56:00,"EIA","control",2018,"3052"
"128",2018-09-03 11:07:00,"EIA","control",2018,"3052"
"129",2018-09-19 14:24:00,"EIA","control",2018,"3060"
"130",2018-09-19 16:04:00,"EIA","control",2018,"3060"
"131",2018-10-07 20:26:00,"EIA","control",2018,"3072"
"132",2018-10-08 04:51:00,"EIA","control",2018,"3072"
"133",2018-10-08 11:08:00,"EIA","control",2018,"3072"
"134",2018-10-10 05:33:00,"EIA","control",2018,"3081"
"135",2016-04-30 14:11:00,"EIA","strips",2016,"1002"
"136",2016-04-30 14:59:00,"EIA","strips",2016,"1002"
"137",2016-06-04 01:56:00,"EIA","strips",2016,"1009"
"138",2016-06-04 18:54:00,"EIA","strips",2016,"1009"
"139",2016-06-22 01:21:00,"EIA","strips",2016,"1010"
"140",2016-06-22 02:22:00,"EIA","strips",2016,"1010"
"141",2016-06-22 02:40:00,"EIA","strips",2016,"1010"
"142",2016-06-22 02:54:00,"EIA","strips",2016,"1010"
"143",2016-06-22 03:07:00,"EIA","strips",2016,"1010"
"144",2016-06-22 03:21:00,"EIA","strips",2016,"1010"
"145",2016-06-22 03:34:00,"EIA","strips",2016,"1010"
"146",2016-06-22 03:46:00,"EIA","strips",2016,"1010"
"147",2016-06-22 03:57:00,"EIA","strips",2016,"1010"
"148",2016-06-22 04:08:00,"EIA","strips",2016,"1010"
"149",2016-06-22 04:22:00,"EIA","strips",2016,"1010"
"150",2016-06-22 04:37:00,"EIA","strips",2016,"1010"
"151",2016-06-22 04:55:00,"EIA","strips",2016,"1010"
"152",2016-06-22 05:11:00,"EIA","strips",2016,"1010"
"153",2016-06-22 05:24:00,"EIA","strips",2016,"1010"
"154",2016-06-22 05:37:00,"EIA","strips",2016,"1010"
"155",2016-06-22 05:51:00,"EIA","strips",2016,"1010"
"156",2016-06-22 06:09:00,"EIA","strips",2016,"1010"
"157",2016-06-22 06:34:00,"EIA","strips",2016,"1010"
"158",2016-06-22 07:23:00,"EIA","strips",2016,"1010"
"159",2016-06-22 09:01:00,"EIA","strips",2016,"1010"
"160",2016-06-22 10:12:00,"EIA","strips",2016,"1010"
"161",2016-06-22 13:06:00,"EIA","strips",2016,"1010"
"162",2016-06-22 22:22:00,"EIA","strips",2016,"1010"
"163",2016-06-23 07:18:00,"EIA","strips",2016,"1010"
"164",2016-06-23 07:42:00,"EIA","strips",2016,"1010"
"165",2016-06-23 07:46:00,"EIA","strips",2016,"1010"
"166",2016-06-23 07:57:00,"EIA","strips",2016,"1010"
"167",2016-06-23 08:08:00,"EIA","strips",2016,"1010"
"168",2016-06-23 08:12:00,"EIA","strips",2016,"1010"
"169",2016-06-26 04:33:00,"EIA","strips",2016,"1012"
"170",2016-07-17 05:41:00,"EIA","strips",2016,"1015"
"171",2016-07-22 01:21:00,"EIA","strips",2016,"1017"
"172",2016-08-04 20:59:00,"EIA","strips",2016,"1017"
"173",2016-08-11 20:11:00,"EIA","strips",2016,"1019"
"174",2016-08-11 21:36:00,"EIA","strips",2016,"1019"
"175",2016-08-11 22:35:00,"EIA","strips",2016,"1019"
"176",2016-08-11 23:04:00,"EIA","strips",2016,"1019"
"177",2016-08-11 23:33:00,"EIA","strips",2016,"1019"
"178",2016-08-12 00:40:00,"EIA","strips",2016,"1019"
"179",2016-08-12 05:06:00,"EIA","strips",2016,"1019"
"180",2016-08-12 11:55:00,"EIA","strips",2016,"1022"
"181",2016-08-12 22:24:00,"EIA","strips",2016,"1022"
"182",2016-08-12 22:27:00,"EIA","strips",2016,"1022"
"183",2016-09-08 01:31:00,"EIA","strips",2016,"1023"
"184",2016-09-08 06:28:00,"EIA","strips",2016,"1023"
"185",2016-09-15 23:51:00,"EIA","strips",2016,"1026"
"186",2016-09-16 01:36:00,"EIA","strips",2016,"1026"
"187",2016-09-23 03:26:00,"EIA","strips",2016,"1031"
"188",2016-09-23 05:06:00,"EIA","strips",2016,"1031"
"189",2016-09-23 08:36:00,"EIA","strips",2016,"1031"
"190",2016-09-24 13:13:00,"EIA","strips",2016,"1031"
"191",2016-10-26 05:53:00,"EIA","strips",2016,"1036"
"192",2016-10-26 13:58:00,"EIA","strips",2016,"1036"
"193",2016-11-02 02:56:00,"EIA","strips",2016,"1037"
"194",2016-11-02 12:23:00,"EIA","strips",2016,"1038"
"195",2018-06-09 23:03:00,"EIA","strips",2018,"3011"
"196",2018-06-10 01:24:00,"EIA","strips",2018,"3011"
"197",2018-06-19 11:04:00,"EIA","strips",2018,"3022"
"198",2018-06-19 12:31:00,"EIA","strips",2018,"3022"
"199",2018-06-20 17:24:00,"EIA","strips",2018,"3025"
"200",2018-06-21 16:11:00,"EIA","strips",2018,"3025"
"201",2018-09-03 06:01:00,"EIA","strips",2018,"3051"
"202",2018-09-05 13:04:00,"EIA","strips",2018,"3051"
"203",2018-09-19 14:31:00,"EIA","strips",2018,"3059"
"204",2018-09-19 15:38:00,"EIA","strips",2018,"3059"
"205",2018-10-06 01:39:00,"EIA","strips",2018,"3071"
"206",2018-10-07 20:01:00,"EIA","strips",2018,"3071"
"207",2018-10-08 04:52:00,"EIA","strips",2018,"3071"
"208",2018-10-08 07:39:00,"EIA","strips",2018,"3071"
"209",2018-10-10 05:11:00,"EIA","strips",2018,"3080"
"210",2018-10-10 06:21:00,"EIA","strips",2018,"3080"
"211",2017-06-16 22:36:00,"MAR","control",2017,"2024"
"212",2018-06-30 22:57:00,"MAR","control",2018,"3036"
"213",2018-10-08 22:01:00,"MAR","control",2018,"3073"
"214",2018-10-09 01:01:00,"MAR","control",2018,"3073"
"215",2019-05-24 03:46:00,"MAR","control",2019,"4021"
"216",2019-05-24 07:34:00,"MAR","control",2019,"4021"
"217",2019-06-05 06:51:00,"MAR","control",2019,"4027"
"218",2019-06-15 17:42:00,"MAR","control",2019,"4030"
"219",2019-06-16 07:14:00,"MAR","control",2019,"4030"
"220",2019-06-16 08:48:00,"MAR","control",2019,"4030"
"221",2020-05-28 06:20:00,"MAR","control",2020,"5010"
"222",2017-06-16 22:32:00,"MAR","strips",2017,"2023"
"223",2019-05-24 07:53:00,"MAR","strips",2019,"4022"
"224",2019-05-24 08:29:00,"MAR","strips",2019,"4022"
"225",2020-05-28 06:30:00,"MAR","strips",2020,"5011"
"226",2020-05-28 11:00:00,"MAR","strips",2020,"5011"
"227",2020-06-10 11:00:00,"MAR","strips",2020,"5015"
"228",2017-04-03 08:01:00,"MCN","control",2017,"2000"
"229",2017-04-05 00:49:00,"MCN","control",2017,"2001"
"230",2017-04-05 07:37:00,"MCN","control",2017,"2001"
"231",2017-04-05 12:57:00,"MCN","control",2017,"2001"
"232",2017-04-15 23:46:00,"MCN","control",2017,"2002"
"233",2017-04-26 06:02:00,"MCN","control",2017,"2003"
"234",2017-04-28 14:33:00,"MCN","control",2017,"2004"
"235",2017-04-29 11:57:00,"MCN","control",2017,"2004"
"236",2017-04-30 14:14:00,"MCN","control",2017,"2004"
"237",2017-04-30 16:53:00,"MCN","control",2017,"2004"
"238",2017-04-30 21:39:00,"MCN","control",2017,"2004"
"239",2017-05-10 13:19:00,"MCN","control",2017,"2008"
"240",2018-05-12 08:14:00,"MCN","control",2018,"3002"
"241",2018-05-15 05:16:00,"MCN","control",2018,"3004"
"242",2018-05-21 03:02:00,"MCN","control",2018,"3006"
"243",2018-06-11 23:16:00,"MCN","control",2018,"3013"
"244",2018-06-26 02:31:00,"MCN","control",2018,"3031"
"245",2018-06-30 22:06:00,"MCN","control",2018,"3033"
"246",2018-07-01 02:19:00,"MCN","control",2018,"3033"
"247",2018-09-01 04:31:00,"MCN","control",2018,"3049"
"248",2018-09-07 09:41:00,"MCN","control",2018,"3057"
"249",2018-10-06 00:52:00,"MCN","control",2018,"3069"
"250",2018-10-08 08:22:00,"MCN","control",2018,"3069"
"251",2018-10-08 20:08:00,"MCN","control",2018,"3078"
"252",2018-10-09 17:18:00,"MCN","control",2018,"3078"
"253",2019-04-29 04:06:00,"MCN","control",2019,"4000"
"254",2019-05-21 12:18:00,"MCN","control",2019,"4008"
"255",2019-05-21 17:08:00,"MCN","control",2019,"4008"
"256",2019-05-24 07:01:00,"MCN","control",2019,"4025"
"257",2019-05-25 19:22:00,"MCN","control",2019,"4025"
"258",2019-05-26 01:53:00,"MCN","control",2019,"4025"
"259",2019-05-27 07:02:00,"MCN","control",2019,"4025"
"260",2019-05-27 10:26:00,"MCN","control",2019,"4025"
"261",2019-05-28 08:11:00,"MCN","control",2019,"4025"
"262",2019-05-28 09:56:00,"MCN","control",2019,"4025"
"263",2019-05-28 15:37:00,"MCN","control",2019,"4025"
"264",2019-05-28 23:41:00,"MCN","control",2019,"4025"
"265",2019-05-29 00:13:00,"MCN","control",2019,"4025"
"266",2019-06-25 21:31:00,"MCN","control",2019,"4036"
"267",2019-07-17 13:26:00,"MCN","control",2019,"4044"
"268",2019-08-20 06:49:00,"MCN","control",2019,"4047"
"269",2019-09-28 18:31:00,"MCN","control",2019,"4054"
"270",2019-09-29 08:36:00,"MCN","control",2019,"4054"
"271",2020-05-14 19:10:00,"MCN","control",2020,"5001"
"272",2021-05-09 02:16:00,"MCN","control",2021,"6000"
"273",2021-06-24 21:41:00,"MCN","control",2021,"6004"
"274",2021-07-10 04:53:00,"MCN","control",2021,"6006"
"275",2021-07-10 18:21:00,"MCN","control",2021,"6006"
"276",2021-07-15 00:02:00,"MCN","control",2021,"6009"
"277",2021-07-15 02:45:00,"MCN","control",2021,"6009"
"278",2021-10-13 05:38:00,"MCN","control",2021,"6012"
"279",2017-04-28 13:49:00,"MCN","strips",2017,"2005"
"280",2017-04-28 15:54:00,"MCN","strips",2017,"2005"
"281",2017-04-28 17:36:00,"MCN","strips",2017,"2005"
"282",2017-04-29 11:58:00,"MCN","strips",2017,"2005"
"283",2017-04-29 12:47:00,"MCN","strips",2017,"2005"
"284",2017-04-29 13:13:00,"MCN","strips",2017,"2005"
"285",2017-04-29 13:34:00,"MCN","strips",2017,"2005"
"286",2017-04-29 13:59:00,"MCN","strips",2017,"2005"
"287",2017-04-29 14:31:00,"MCN","strips",2017,"2005"
"288",2017-04-29 15:12:00,"MCN","strips",2017,"2005"
"289",2017-04-29 16:30:00,"MCN","strips",2017,"2005"
"290",2017-04-29 20:07:00,"MCN","strips",2017,"2005"
"291",2017-04-30 01:12:00,"MCN","strips",2017,"2005"
"292",2017-04-30 04:16:00,"MCN","strips",2017,"2005"
"293",2017-04-30 04:22:00,"MCN","strips",2017,"2005"
"294",2017-04-30 11:46:00,"MCN","strips",2017,"2005"
"295",2017-04-30 15:07:00,"MCN","strips",2017,"2005"
"296",2017-04-30 16:09:00,"MCN","strips",2017,"2005"
"297",2017-04-30 17:16:00,"MCN","strips",2017,"2005"
"298",2017-04-30 17:29:00,"MCN","strips",2017,"2005"
"299",2017-04-30 17:39:00,"MCN","strips",2017,"2005"
"300",2017-04-30 17:50:00,"MCN","strips",2017,"2005"
"301",2017-04-30 18:03:00,"MCN","strips",2017,"2005"
"302",2017-04-30 18:18:00,"MCN","strips",2017,"2005"
"303",2017-04-30 18:41:00,"MCN","strips",2017,"2005"
"304",2017-04-30 19:38:00,"MCN","strips",2017,"2005"
"305",2017-04-30 22:20:00,"MCN","strips",2017,"2005"
"306",2017-05-01 01:22:00,"MCN","strips",2017,"2005"
"307",2017-05-10 13:19:00,"MCN","strips",2017,"2009"
"308",2017-05-10 13:26:00,"MCN","strips",2017,"2009"
"309",2017-05-10 13:30:00,"MCN","strips",2017,"2009"
"310",2017-05-10 13:34:00,"MCN","strips",2017,"2009"
"311",2017-05-10 13:36:00,"MCN","strips",2017,"2009"
"312",2017-05-10 13:40:00,"MCN","strips",2017,"2009"
"313",2017-05-10 13:43:00,"MCN","strips",2017,"2009"
"314",2017-05-10 13:46:00,"MCN","strips",2017,"2009"
"315",2017-05-10 13:50:00,"MCN","strips",2017,"2009"
"316",2017-05-10 13:54:00,"MCN","strips",2017,"2009"
"317",2017-05-10 13:58:00,"MCN","strips",2017,"2009"
"318",2017-05-10 14:03:00,"MCN","strips",2017,"2009"
"319",2017-05-10 14:09:00,"MCN","strips",2017,"2009"
"320",2017-05-10 14:17:00,"MCN","strips",2017,"2009"
"321",2017-05-10 14:26:00,"MCN","strips",2017,"2009"
"322",2017-05-10 14:46:00,"MCN","strips",2017,"2009"
"323",2017-05-10 15:15:00,"MCN","strips",2017,"2009"
"324",2017-05-10 15:48:00,"MCN","strips",2017,"2009"
"325",2017-05-10 16:18:00,"MCN","strips",2017,"2009"
"326",2017-05-10 18:15:00,"MCN","strips",2017,"2009"
"327",2017-05-19 02:38:00,"MCN","strips",2017,"2017"
"328",2018-05-02 21:59:00,"MCN","strips",2018,"3001"
"329",2018-05-03 23:20:00,"MCN","strips",2018,"3001"
"330",2018-05-12 08:06:00,"MCN","strips",2018,"3003"
"331",2018-05-12 11:09:00,"MCN","strips",2018,"3003"
"332",2018-05-15 05:14:00,"MCN","strips",2018,"3005"
"333",2018-05-15 05:47:00,"MCN","strips",2018,"3005"
"334",2018-05-21 02:56:00,"MCN","strips",2018,"3007"
"335",2018-05-21 04:32:00,"MCN","strips",2018,"3007"
"336",2018-06-02 06:47:00,"MCN","strips",2018,"3009"
"337",2018-06-02 08:19:00,"MCN","strips",2018,"3009"
"338",2018-06-11 23:11:00,"MCN","strips",2018,"3014"
"339",2018-06-12 01:52:00,"MCN","strips",2018,"3014"
"340",2018-06-26 02:31:00,"MCN","strips",2018,"3032"
"341",2018-06-26 04:13:00,"MCN","strips",2018,"3032"
"342",2018-06-30 22:06:00,"MCN","strips",2018,"3034"
"343",2018-07-01 03:22:00,"MCN","strips",2018,"3034"
"344",2018-09-01 04:22:00,"MCN","strips",2018,"3050"
"345",2018-09-03 09:24:00,"MCN","strips",2018,"3050"
"346",2018-09-05 13:36:00,"MCN","strips",2018,"3050"
"347",2018-09-05 15:18:00,"MCN","strips",2018,"3058"
"348",2018-09-07 09:28:00,"MCN","strips",2018,"3058"
"349",2018-09-07 10:25:00,"MCN","strips",2018,"3058"
"350",2018-10-05 22:22:00,"MCN","strips",2018,"3070"
"351",2018-10-06 00:46:00,"MCN","strips",2018,"3070"
"352",2018-10-07 01:06:00,"MCN","strips",2018,"3070"
"353",2018-10-07 20:43:00,"MCN","strips",2018,"3070"
"354",2018-10-08 02:16:00,"MCN","strips",2018,"3070"
"355",2018-10-08 11:18:00,"MCN","strips",2018,"3070"
"356",2018-10-08 20:08:00,"MCN","strips",2018,"3079"
"357",2018-10-09 10:23:00,"MCN","strips",2018,"3079"
"358",2018-10-09 17:16:00,"MCN","strips",2018,"3079"
"359",2019-04-29 03:47:00,"MCN","strips",2019,"4001"
"360",2019-04-29 05:16:00,"MCN","strips",2019,"4001"
"361",2019-04-29 07:12:00,"MCN","strips",2019,"4001"
"362",2019-04-30 06:59:00,"MCN","strips",2019,"4002"
"363",2019-05-08 13:08:00,"MCN","strips",2019,"4003"
"364",2019-05-18 17:46:00,"MCN","strips",2019,"4006"
"365",2019-05-18 19:42:00,"MCN","strips",2019,"4006"
"366",2019-05-19 06:23:00,"MCN","strips",2019,"4006"
"367",2019-05-21 12:11:00,"MCN","strips",2019,"4009"
"368",2019-05-21 13:59:00,"MCN","strips",2019,"4009"
"369",2019-05-21 17:20:00,"MCN","strips",2019,"4009"
"370",2019-05-21 18:57:00,"MCN","strips",2019,"4009"
"371",2019-05-24 07:01:00,"MCN","strips",2019,"4026"
"372",2019-05-24 08:50:00,"MCN","strips",2019,"4026"
"373",2019-05-25 19:23:00,"MCN","strips",2019,"4026"
"374",2019-05-25 20:36:00,"MCN","strips",2019,"4026"
"375",2019-05-26 01:54:00,"MCN","strips",2019,"4026"
"376",2019-05-26 02:42:00,"MCN","strips",2019,"4026"
"377",2019-05-26 03:43:00,"MCN","strips",2019,"4026"
"378",2019-05-26 07:36:00,"MCN","strips",2019,"4026"
"379",2019-05-27 07:04:00,"MCN","strips",2019,"4026"
"380",2019-05-27 10:22:00,"MCN","strips",2019,"4026"
"381",2019-05-27 11:48:00,"MCN","strips",2019,"4026"
"382",2019-05-27 12:30:00,"MCN","strips",2019,"4026"
"383",2019-05-28 08:12:00,"MCN","strips",2019,"4026"
"384",2019-05-28 08:42:00,"MCN","strips",2019,"4026"
"385",2019-05-28 10:01:00,"MCN","strips",2019,"4026"
"386",2019-06-23 00:57:00,"MCN","strips",2019,"4035"
"387",2019-06-23 03:06:00,"MCN","strips",2019,"4035"
"388",2019-06-25 17:31:00,"MCN","strips",2019,"4037"
"389",2019-06-25 21:31:00,"MCN","strips",2019,"4037"
"390",2019-06-25 22:02:00,"MCN","strips",2019,"4037"
"391",2019-06-25 23:12:00,"MCN","strips",2019,"4037"
"392",2019-07-17 13:24:00,"MCN","strips",2019,"4045"
"393",2019-08-20 06:38:00,"MCN","strips",2019,"4048"
"394",2019-08-20 07:52:00,"MCN","strips",2019,"4048"
"395",2019-09-22 11:27:00,"MCN","strips",2019,"4052"
"396",2019-09-28 18:24:00,"MCN","strips",2019,"4055"
"397",2019-09-28 21:03:00,"MCN","strips",2019,"4055"
"398",2019-09-29 08:36:00,"MCN","strips",2019,"4055"
"399",2019-09-29 10:38:00,"MCN","strips",2019,"4055"
"400",2019-09-29 15:03:00,"MCN","strips",2019,"4055"
"401",2019-10-01 21:02:00,"MCN","strips",2019,"4058"
"402",2019-10-02 01:33:00,"MCN","strips",2019,"4058"
"403",2019-10-02 11:32:00,"MCN","strips",2019,"4058"
"404",2019-10-02 19:45:00,"MCN","strips",2019,"4058"
"405",2019-10-10 00:31:00,"MCN","strips",2019,"4070"
"406",2019-10-10 03:27:00,"MCN","strips",2019,"4070"
"407",2019-10-10 06:47:00,"MCN","strips",2019,"4070"
"408",2019-10-10 09:18:00,"MCN","strips",2019,"4070"
"409",2019-10-21 03:17:00,"MCN","strips",2019,"4071"
"410",2020-03-28 09:40:00,"MCN","strips",2020,"5000"
"411",2020-05-14 18:50:00,"MCN","strips",2020,"5002"
"412",2020-05-17 04:15:00,"MCN","strips",2020,"5003"
"413",2020-05-25 19:50:00,"MCN","strips",2020,"5009"
"414",2020-05-26 16:45:00,"MCN","strips",2020,"5009"
"415",2020-05-28 08:15:00,"MCN","strips",2020,"5012"
"416",2020-06-10 10:00:00,"MCN","strips",2020,"5019"
"417",2021-05-09 03:18:00,"MCN","strips",2021,"6001"
"418",2021-06-24 21:19:00,"MCN","strips",2021,"6005"
"419",2021-06-24 23:16:00,"MCN","strips",2021,"6005"
"420",2021-07-10 04:53:00,"MCN","strips",2021,"6007"
"421",2021-07-10 07:00:00,"MCN","strips",2021,"6007"
"422",2021-07-10 18:27:00,"MCN","strips",2021,"6007"
"423",2021-07-10 20:51:00,"MCN","strips",2021,"6007"
"424",2021-07-15 00:03:00,"MCN","strips",2021,"6010"
"425",2021-07-15 02:36:00,"MCN","strips",2021,"6010"
"426",2021-07-15 04:22:00,"MCN","strips",2021,"6010"
"427",2016-06-11 04:48:00,"RHO","control",2016,"1014"
"428",2016-08-11 21:27:00,"RHO","control",2016,"1021"
"429",2016-09-15 21:31:00,"RHO","control",2016,"1028"
"430",2016-09-15 23:12:00,"RHO","control",2016,"1028"
"431",2016-09-16 03:56:00,"RHO","control",2016,"1028"
"432",2016-09-24 23:56:00,"RHO","control",2016,"1033"
"433",2016-11-02 03:11:00,"RHO","control",2016,"1039"
"434",2017-05-10 13:01:00,"RHO","control",2017,"2010"
"435",2017-05-10 13:14:00,"RHO","control",2017,"2010"
"436",2017-05-17 00:36:00,"RHO","control",2017,"2013"
"437",2017-05-17 16:57:00,"RHO","control",2017,"2013"
"438",2017-05-19 00:14:00,"RHO","control",2017,"2013"
"439",2017-05-19 00:39:00,"RHO","control",2017,"2013"
"440",2017-05-19 01:11:00,"RHO","control",2017,"2013"
"441",2017-05-19 02:16:00,"RHO","control",2017,"2013"
"442",2017-05-19 02:54:00,"RHO","control",2017,"2013"
"443",2017-05-19 05:12:00,"RHO","control",2017,"2013"
"444",2017-05-20 01:46:00,"RHO","control",2017,"2016"
"445",2017-05-20 02:52:00,"RHO","control",2017,"2016"
"446",2017-05-20 03:57:00,"RHO","control",2017,"2016"
"447",2017-05-20 08:23:00,"RHO","control",2017,"2016"
"448",2017-05-20 09:12:00,"RHO","control",2017,"2016"
"449",2017-05-27 12:28:00,"RHO","control",2017,"2019"
"450",2017-05-27 12:46:00,"RHO","control",2017,"2019"
"451",2017-06-16 23:11:00,"RHO","control",2017,"2026"
"452",2017-06-16 23:30:00,"RHO","control",2017,"2026"
"453",2017-06-19 14:17:00,"RHO","control",2017,"2026"
"454",2017-10-06 18:21:00,"RHO","control",2017,"2027"
"455",2017-10-06 21:51:00,"RHO","control",2017,"2027"
"456",2017-10-07 02:06:00,"RHO","control",2017,"2027"
"457",2017-10-14 15:36:00,"RHO","control",2017,"2027"
"458",2018-05-12 03:42:00,"RHO","control",2018,"3008"
"459",2018-06-20 16:36:00,"RHO","control",2018,"3024"
"460",2018-06-21 16:09:00,"RHO","control",2018,"3024"
"461",2018-06-25 21:48:00,"RHO","control",2018,"3029"
"462",2018-06-26 03:36:00,"RHO","control",2018,"3029"
"463",2018-06-26 20:38:00,"RHO","control",2018,"3038"
"464",2018-06-30 19:58:00,"RHO","control",2018,"3038"
"465",2018-06-30 20:51:00,"RHO","control",2018,"3038"
"466",2018-06-30 23:00:00,"RHO","control",2018,"3038"
"467",2018-07-01 00:53:00,"RHO","control",2018,"3038"
"468",2018-07-02 06:15:00,"RHO","control",2018,"3038"
"469",2018-08-07 06:48:00,"RHO","control",2018,"3042"
"470",2018-08-07 07:23:00,"RHO","control",2018,"3042"
"471",2018-08-20 16:49:00,"RHO","control",2018,"3045"
"472",2018-08-28 18:41:00,"RHO","control",2018,"3045"
"473",2018-09-01 22:16:00,"RHO","control",2018,"3054"
"474",2018-09-01 23:38:00,"RHO","control",2018,"3054"
"475",2018-09-03 12:31:00,"RHO","control",2018,"3054"
"476",2018-09-04 21:36:00,"RHO","control",2018,"3054"
"477",2018-09-05 08:24:00,"RHO","control",2018,"3054"
"478",2018-09-19 09:59:00,"RHO","control",2018,"3062"
"479",2018-09-19 13:39:00,"RHO","control",2018,"3062"
"480",2018-09-20 23:12:00,"RHO","control",2018,"3066"
"481",2018-09-25 11:31:00,"RHO","control",2018,"3066"
"482",2018-09-25 12:12:00,"RHO","control",2018,"3066"
"483",2018-10-05 21:27:00,"RHO","control",2018,"3074"
"484",2018-10-08 04:16:00,"RHO","control",2018,"3074"
"485",2018-10-08 21:09:00,"RHO","control",2018,"3074"
"486",2018-10-08 22:11:00,"RHO","control",2018,"3074"
"487",2019-05-17 16:14:00,"RHO","control",2019,"4005"
"488",2019-05-18 18:03:00,"RHO","control",2019,"4005"
"489",2019-05-18 19:21:00,"RHO","control",2019,"4005"
"490",2019-05-18 19:26:00,"RHO","control",2019,"4005"
"491",2019-05-21 14:44:00,"RHO","control",2019,"4011"
"492",2019-05-21 19:25:00,"RHO","control",2019,"4011"
"493",2019-05-24 02:26:00,"RHO","control",2019,"4024"
"494",2019-05-24 03:30:00,"RHO","control",2019,"4024"
"495",2019-05-24 07:21:00,"RHO","control",2019,"4024"
"496",2019-05-28 15:43:00,"RHO","control",2019,"4024"
"497",2019-05-29 01:13:00,"RHO","control",2019,"4024"
"498",2019-06-05 07:06:00,"RHO","control",2019,"4029"
"499",2019-06-21 08:08:00,"RHO","control",2019,"4034"
"500",2019-06-22 10:14:00,"RHO","control",2019,"4034"
"501",2019-06-22 10:38:00,"RHO","control",2019,"4034"
"502",2019-06-22 23:06:00,"RHO","control",2019,"4034"
"503",2019-07-03 03:04:00,"RHO","control",2019,"4039"
"504",2019-07-03 17:19:00,"RHO","control",2019,"4042"
"505",2019-08-20 05:51:00,"RHO","control",2019,"4046"
"506",2019-10-01 18:51:00,"RHO","control",2019,"4060"
"507",2019-10-01 23:46:00,"RHO","control",2019,"4060"
"508",2019-10-02 00:35:00,"RHO","control",2019,"4060"
"509",2019-10-05 08:18:00,"RHO","control",2019,"4062"
"510",2019-10-05 10:40:00,"RHO","control",2019,"4062"
"511",2019-10-10 08:39:00,"RHO","control",2019,"4069"
"512",2019-10-10 09:34:00,"RHO","control",2019,"4069"
"513",2020-05-17 03:15:00,"RHO","control",2020,"5006"
"514",2020-06-03 05:20:00,"RHO","control",2020,"5013"
"515",2020-06-09 13:35:00,"RHO","control",2020,"5017"
"516",2020-06-10 07:20:00,"RHO","control",2020,"5017"
"517",2020-06-10 11:00:00,"RHO","control",2020,"5017"
"518",2020-06-19 18:40:00,"RHO","control",2020,"5020"
"519",2020-06-22 12:10:00,"RHO","control",2020,"5020"
"520",2021-05-15 17:56:00,"RHO","control",2021,"6003"
"521",2021-05-15 18:32:00,"RHO","control",2021,"6003"
"522",2021-07-14 20:41:00,"RHO","control",2021,"6008"
"523",2021-07-14 21:43:00,"RHO","control",2021,"6008"
"524",2016-06-11 04:59:00,"RHO","strips",2016,"1013"
"525",2017-04-30 20:06:00,"RHO","strips",2017,"2006"
"526",2017-05-27 12:36:00,"RHO","strips",2017,"2018"
"527",2017-06-16 23:26:00,"RHO","strips",2017,"2025"
"528",2018-06-14 04:48:00,"RHO","strips",2018,"3017"
"529",2018-06-14 12:27:00,"RHO","strips",2018,"3017"
"530",2018-06-20 03:58:00,"RHO","strips",2018,"3021"
"531",2018-06-20 14:11:00,"RHO","strips",2018,"3021"
"532",2018-06-20 19:32:00,"RHO","strips",2018,"3023"
"533",2018-06-25 21:53:00,"RHO","strips",2018,"3028"
"534",2018-06-26 04:11:00,"RHO","strips",2018,"3028"
"535",2018-06-26 14:42:00,"RHO","strips",2018,"3037"
"536",2018-07-01 04:18:00,"RHO","strips",2018,"3037"
"537",2018-07-05 01:42:00,"RHO","strips",2018,"3040"
"538",2018-09-01 22:39:00,"RHO","strips",2018,"3053"
"539",2018-09-05 08:24:00,"RHO","strips",2018,"3053"
"540",2018-09-19 10:02:00,"RHO","strips",2018,"3061"
"541",2018-09-19 13:17:00,"RHO","strips",2018,"3061"
"542",2018-09-19 13:51:00,"RHO","strips",2018,"3061"
"543",2018-09-20 23:19:00,"RHO","strips",2018,"3065"
"544",2018-09-25 11:36:00,"RHO","strips",2018,"3065"
"545",2018-09-25 11:59:00,"RHO","strips",2018,"3065"
"546",2019-05-17 16:26:00,"RHO","strips",2019,"4004"
"547",2019-05-18 17:19:00,"RHO","strips",2019,"4004"
"548",2019-05-18 18:56:00,"RHO","strips",2019,"4004"
"549",2019-05-19 00:52:00,"RHO","strips",2019,"4004"
"550",2019-05-21 13:57:00,"RHO","strips",2019,"4010"
"551",2019-05-21 17:47:00,"RHO","strips",2019,"4010"
"552",2019-05-21 19:11:00,"RHO","strips",2019,"4010"
"553",2019-05-24 02:26:00,"RHO","strips",2019,"4023"
"554",2019-05-24 04:04:00,"RHO","strips",2019,"4023"
"555",2019-05-24 07:18:00,"RHO","strips",2019,"4023"
"556",2019-05-28 15:41:00,"RHO","strips",2019,"4023"
"557",2019-06-05 07:04:00,"RHO","strips",2019,"4028"
"558",2019-06-21 08:08:00,"RHO","strips",2019,"4033"
"559",2019-06-22 10:12:00,"RHO","strips",2019,"4033"
"560",2019-07-03 03:02:00,"RHO","strips",2019,"4038"
"561",2019-10-01 18:52:00,"RHO","strips",2019,"4059"
"562",2019-10-01 23:38:00,"RHO","strips",2019,"4059"
"563",2019-10-02 00:22:00,"RHO","strips",2019,"4059"
"564",2019-10-05 08:24:00,"RHO","strips",2019,"4061"
"565",2019-10-05 10:08:00,"RHO","strips",2019,"4061"
"566",2019-10-10 08:52:00,"RHO","strips",2019,"4068"
"567",2020-05-17 04:00:00,"RHO","strips",2020,"5005"
"568",2020-06-10 08:05:00,"RHO","strips",2020,"5016"
"569",2021-05-15 17:57:00,"RHO","strips",2021,"6002"
"570",2016-09-09 08:43:00,"SPI","control",2016,"SPL1050"
"571",2016-09-09 09:04:00,"SPI","control",2016,"SPL1050"
"572",2016-09-15 12:53:00,"SPI","control",2016,"SPL1051"
"573",2016-09-15 16:38:00,"SPI","control",2016,"SPL1051"
"574",2016-10-04 22:12:00,"SPI","control",2016,"SPL1052"
"575",2016-10-05 11:28:00,"SPI","control",2016,"SPL1052"
"576",2016-10-06 19:53:00,"SPI","control",2016,"SPL1052"
"577",2016-10-26 00:12:00,"SPI","control",2016,"SPL1053"
"578",2017-04-30 20:08:00,"SPI","control",2017,"SPL2050"
"579",2017-05-17 14:42:00,"SPI","control",2017,"SPL2051"
"580",2017-05-20 02:36:00,"SPI","control",2017,"SPL2052"
"581",2017-05-20 10:39:00,"SPI","control",2017,"SPL2052"
"582",2017-05-20 13:48:00,"SPI","control",2017,"SPL2052"
"583",2017-05-20 19:17:00,"SPI","control",2017,"SPL2052"
"584",2017-06-28 02:02:00,"SPI","control",2017,"SPL2053"
"585",2017-06-28 03:38:00,"SPI","control",2017,"SPL2053"
"586",2017-08-21 12:44:00,"SPI","control",2017,"SPL2054"
"587",2017-08-21 14:34:00,"SPI","control",2017,"SPL2054"
"588",2017-08-21 17:09:00,"SPI","control",2017,"SPL2054"
"589",2018-06-18 04:26:00,"SPI","control",2018,"SPL3300"
"590",2018-06-20 16:41:00,"SPI","control",2018,"SPL3301"
"591",2018-06-20 21:25:00,"SPI","control",2018,"SPL3301"
"592",2018-06-21 01:12:00,"SPI","control",2018,"SPL3301"
"593",2018-06-21 07:49:00,"SPI","control",2018,"SPL3301"
"594",2018-06-24 18:01:00,"SPI","control",2018,"SPL3302"
"595",2018-06-24 19:58:00,"SPI","control",2018,"SPL3302"
"596",2018-06-24 23:32:00,"SPI","control",2018,"SPL3302"
"597",2018-06-25 11:30:00,"SPI","control",2018,"SPL3302"
"598",2018-06-25 22:18:00,"SPI","control",2018,"SPL3304"
"599",2018-06-25 23:17:00,"SPI","control",2018,"SPL3304"
"600",2018-07-01 01:11:00,"SPI","control",2018,"SPL3306"
"601",2018-07-01 07:46:00,"SPI","control",2018,"SPL3306"
"602",2018-08-04 10:16:00,"SPI","control",2018,"SPL3308"
"603",2018-09-04 11:47:00,"SPI","control",2018,"SPL3309"
"604",2018-09-04 17:12:00,"SPI","control",2018,"SPL3309"
"605",2018-09-18 07:31:00,"SPI","control",2018,"SPL3310"
"606",2018-09-19 06:06:00,"SPI","control",2018,"SPL3310"
"607",2018-09-19 09:32:00,"SPI","control",2018,"SPL3310"
"608",2018-09-19 14:16:00,"SPI","control",2018,"SPL3310"
"609",2018-09-19 18:28:00,"SPI","control",2018,"SPL3310"
"610",2018-09-20 02:04:00,"SPI","control",2018,"SPL3310"
"611",2018-09-20 20:32:00,"SPI","control",2018,"SPL3310"
"612",2019-05-27 08:46:00,"SPI","control",2019,"SPL4300"
"613",2020-05-17 01:30:00,"SPI","control",2020,"5007"
"614",2021-09-30 23:16:00,"SPI","control",2021,"6011"
"615",2018-06-24 18:34:00,"SPI","strips",2018,"SPL3303"
"616",2018-06-25 00:29:00,"SPI","strips",2018,"SPL3303"
"617",2018-06-25 01:18:00,"SPI","strips",2018,"SPL3303"
"618",2018-06-25 23:32:00,"SPI","strips",2018,"SPL3305"
"619",2018-06-26 00:20:00,"SPI","strips",2018,"SPL3305"
"620",2018-07-01 01:29:00,"SPI","strips",2018,"SPL3307"
"621",2018-07-01 04:49:00,"SPI","strips",2018,"SPL3307"
"622",2018-07-01 09:57:00,"SPI","strips",2018,"SPL3307"
"623",2018-09-20 02:53:00,"SPI","strips",2018,"SPL3311"
"624",2018-09-20 04:45:00,"SPI","strips",2018,"SPL3311"
"625",2018-09-20 06:10:00,"SPI","strips",2018,"SPL3311"
"626",2018-09-20 10:02:00,"SPI","strips",2018,"SPL3311"
"627",2018-09-20 18:03:00,"SPI","strips",2018,"SPL3311"
"628",2019-05-27 09:10:00,"SPI","strips",2019,"SPL4301"
"629",2016-08-11 20:16:00,"WHI","control",2016,"1018"
"630",2018-06-19 08:41:00,"WHI","control",2018,"3203"
"631",2018-06-19 10:31:00,"WHI","control",2018,"3203"
"632",2018-06-24 15:48:00,"WHI","control",2018,"3205"
"633",2018-06-24 20:09:00,"WHI","control",2018,"3205"
"634",2018-07-01 05:21:00,"WHI","control",2018,"3207"
"635",2018-07-04 23:41:00,"WHI","control",2018,"3210"
"636",2018-07-05 00:03:00,"WHI","control",2018,"3210"
"637",2018-10-01 10:59:00,"WHI","control",2018,"3213"
"638",2018-10-01 12:01:00,"WHI","control",2018,"3213"
"639",2018-10-08 18:06:00,"WHI","control",2018,"3077"
"640",2018-10-09 19:21:00,"WHI","control",2018,"3077"
"641",2019-05-24 01:44:00,"WHI","control",2019,"4020"
"642",2019-05-28 07:22:00,"WHI","control",2019,"4020"
"643",2019-08-20 04:01:00,"WHI","control",2019,"4050"
"644",2019-08-20 04:42:00,"WHI","control",2019,"4050"
"645",2018-05-03 11:43:00,"WHI","strips",2018,"3200"
"646",2018-05-03 18:57:00,"WHI","strips",2018,"3201"
"647",2018-06-19 08:19:00,"WHI","strips",2018,"3202"
"648",2018-06-19 10:15:00,"WHI","strips",2018,"3202"
"649",2018-06-19 19:14:00,"WHI","strips",2018,"3204"
"650",2018-06-24 15:52:00,"WHI","strips",2018,"3206"
"651",2018-06-26 08:14:00,"WHI","strips",2018,"3206"
"652",2018-06-30 21:04:00,"WHI","strips",2018,"3208"
"653",2018-07-01 03:57:00,"WHI","strips",2018,"3208"
"654",2018-07-04 23:31:00,"WHI","strips",2018,"3209"
"655",2018-07-05 00:03:00,"WHI","strips",2018,"3209"
"656",2018-09-25 09:51:00,"WHI","strips",2018,"3211"
"657",2018-09-25 10:26:00,"WHI","strips",2018,"3211"
"658",2018-10-01 11:02:00,"WHI","strips",2018,"3212"
"659",2018-10-01 11:35:00,"WHI","strips",2018,"3212"
"660",2018-10-08 06:23:00,"WHI","strips",2018,"3076"
"661",2018-10-09 18:26:00,"WHI","strips",2018,"3076"
"662",2019-05-22 02:58:00,"WHI","strips",2019,"4012"
"663",2019-05-22 03:48:00,"WHI","strips",2019,"4012"
"664",2019-05-23 23:26:00,"WHI","strips",2019,"4019"
"665",2019-05-24 06:56:00,"WHI","strips",2019,"4019"
"666",2019-05-28 06:47:00,"WHI","strips",2019,"4019"
"667",2019-05-28 08:30:00,"WHI","strips",2019,"4019"
"668",2019-08-20 04:03:00,"WHI","strips",2019,"4049"
"669",2019-08-20 05:07:00,"WHI","strips",2019,"4049"
"670",2019-10-05 09:24:00,"WHI","strips",2019,"4064"
"671",2019-10-09 20:01:00,"WHI","strips",2019,"4066"
"672",2019-10-09 20:29:00,"WHI","strips",2019,"4066"
"673",2019-10-10 06:06:00,"WHI","strips",2019,"4066"
"674",2019-10-10 10:51:00,"WHI","strips",2019,"4066"
"675",2019-10-10 11:50:00,"WHI","strips",2019,"4066"
"676",2019-10-10 16:11:00,"WHI","strips",2019,"4066"
"677",2016-09-08 00:33:00,"WOR","control",2016,"1025"
"678",2016-09-22 22:16:00,"WOR","control",2016,"1030"
"679",2016-09-23 00:16:00,"WOR","control",2016,"1030"
"680",2016-09-24 23:27:00,"WOR","control",2016,"1035"
"681",2018-05-03 13:12:00,"WOR","control",2018,"3000"
"682",2018-05-03 21:38:00,"WOR","control",2018,"3000"
"683",2018-06-06 18:06:00,"WOR","control",2018,"3010"
"684",2018-06-14 03:54:00,"WOR","control",2018,"3016"
"685",2018-06-14 11:31:00,"WOR","control",2018,"3016"
"686",2018-06-18 20:41:00,"WOR","control",2018,"3019"
"687",2018-06-18 22:49:00,"WOR","control",2018,"3019"
"688",2018-06-20 14:48:00,"WOR","control",2018,"3027"
"689",2018-06-20 15:17:00,"WOR","control",2018,"3027"
"690",2018-06-25 21:18:00,"WOR","control",2018,"3030"
"691",2018-06-26 02:27:00,"WOR","control",2018,"3030"
"692",2018-06-30 17:51:00,"WOR","control",2018,"3035"
"693",2018-07-01 02:46:00,"WOR","control",2018,"3035"
"694",2018-07-04 17:04:00,"WOR","control",2018,"3039"
"695",2018-07-05 01:26:00,"WOR","control",2018,"3039"
"696",2018-08-16 11:52:00,"WOR","control",2018,"3044"
"697",2018-09-01 23:56:00,"WOR","control",2018,"3056"
"698",2018-09-02 11:33:00,"WOR","control",2018,"3056"
"699",2018-09-04 18:13:00,"WOR","control",2018,"3056"
"700",2018-09-04 20:07:00,"WOR","control",2018,"3056"
"701",2018-09-05 10:49:00,"WOR","control",2018,"3056"
"702",2018-09-25 11:02:00,"WOR","control",2018,"3064"
"703",2018-09-25 12:50:00,"WOR","control",2018,"3064"
"704",2018-10-01 12:32:00,"WOR","control",2018,"3068"
"705",2018-10-01 13:57:00,"WOR","control",2018,"3068"
"706",2019-05-24 06:14:00,"WOR","control",2019,"4015"
"707",2019-05-24 07:52:00,"WOR","control",2019,"4015"
"708",2019-06-21 07:47:00,"WOR","control",2019,"4032"
"709",2019-07-03 16:22:00,"WOR","control",2019,"4041"
"710",2019-07-03 16:52:00,"WOR","control",2019,"4041"
"711",2016-09-22 22:11:00,"WOR","strips",2016,"1029"
"712",2016-09-22 23:26:00,"WOR","strips",2016,"1029"
"713",2018-06-14 03:37:00,"WOR","strips",2018,"3015"
"714",2018-06-14 09:56:00,"WOR","strips",2018,"3015"
"715",2018-08-07 05:32:00,"WOR","strips",2018,"3041"
"716",2018-08-07 06:06:00,"WOR","strips",2018,"3041"
"717",2018-08-16 11:46:00,"WOR","strips",2018,"3043"
"718",2018-08-16 12:21:00,"WOR","strips",2018,"3043"
"719",2018-09-01 23:24:00,"WOR","strips",2018,"3055"
"720",2018-09-02 11:27:00,"WOR","strips",2018,"3055"
"721",2018-09-04 18:06:00,"WOR","strips",2018,"3055"
"722",2018-09-04 20:02:00,"WOR","strips",2018,"3055"
"723",2018-09-05 10:42:00,"WOR","strips",2018,"3055"
"724",2018-09-25 10:56:00,"WOR","strips",2018,"3063"
"725",2018-09-25 11:30:00,"WOR","strips",2018,"3063"
"726",2018-10-01 07:34:00,"WOR","strips",2018,"3067"
"727",2018-10-01 13:41:00,"WOR","strips",2018,"3067"
"728",2019-05-21 15:14:00,"WOR","strips",2019,"4007"
"729",2019-05-24 00:19:00,"WOR","strips",2019,"4014"
"730",2019-05-24 06:07:00,"WOR","strips",2019,"4014"
"731",2019-05-24 07:30:00,"WOR","strips",2019,"4014"
"732",2019-06-21 07:36:00,"WOR","strips",2019,"4031"
"733",2019-06-21 08:01:00,"WOR","strips",2019,"4031"
"734",2019-07-03 16:13:00,"WOR","strips",2019,"4040"
"735",2019-07-03 16:37:00,"WOR","strips",2019,"4040"
"736",2019-10-21 06:46:00,"WOR","strips",2019,"4072"
"737",2020-05-25 19:05:00,"WOR","strips",2020,"5008"
